customer_id,age_group,device_type,activity_time,preferred_category,engagement_level,email_click_rate,whatsapp_click_rate,push_click_rate,fatigue_score,historical_best_channel
CUST_STORY_RAHUL,25-34,Mobile,Evening,Electronics,Low,0.044194120057845156,0.1865080319715299,0.047290660038594536,36,whatsapp
CUST_STORY_PRIYA,25-34,Mobile,Morning,Fashion,Medium,0.07417159959311447,0.24229770233183967,0.14552971074153107,17,whatsapp
CUST_STORY_ARJUN,18-24,Mobile,Night,Gaming,Medium,0.16015866755168148,0.11564462776430338,0.23015942442331733,85,push
CUST_STORY_SNEHA,35-50,Mobile,Afternoon,Home & Garden,Medium,0.0,0.2702762638970468,0.0,34,whatsapp
CUST_DBA58527,25-34,Desktop,Night,Gaming,Low,0.1464860781232282,0.020847945574091222,0.03523017905877892,68,email
CUST_574CC639,25-34,Mobile,Afternoon,Home & Garden,Medium,0.03664178677934911,0.36638908531292014,0.21203911533444658,37,whatsapp
CUST_5F74829A,35-50,Desktop,Evening,Beauty,Medium,0.03131242609922678,0.3013204413921031,0.1667295860180816,30,email
CUST_312A6DB6,25-34,Desktop,Afternoon,Gaming,Medium,0.1934807694865246,0.20520646604835344,0.19912333409177407,50,email
CUST_729BBAFC,35-50,Desktop,Morning,Beauty,Low,0.17105729283628812,0.12202265191404932,0.06901918649784358,70,email
CUST_9CB361E5,35-50,Mobile,Night,Gaming,Medium,0.026317210017293924,0.2062862850223498,0.011706759582148762,44,whatsapp
CUST_F2095CB0,35-50,Desktop,Afternoon,Fashion,Low,0.13491392263900667,0.06342197878442542,0.07309547602553883,39,email
CUST_D0F1DC2C,35-50,Mobile,Afternoon,Electronics,Low,0.010805669620121305,0.11278881875172138,0.0998878710027752,21,whatsapp
CUST_A3613257,35-50,Desktop,Morning,Fashion,Low,0.19176841344804657,0.040553593955566486,0.07587169791679023,20,email
CUST_352FAB1D,35-50,Desktop,Afternoon,Beauty,Low,0.1609929554614607,0.060504174771724276,0.11007054029011444,68,email
CUST_E80496F2,35-50,Mobile,Afternoon,Fashion,Medium,0.06404014367677589,0.37272947190203887,0.02478937360478014,44,whatsapp
CUST_0389F244,18-24,Mobile,Night,Books,Medium,0.0393393909628397,0.20293348622352286,0.06150385979788992,53,whatsapp
CUST_38477D29,25-34,Mobile,Night,Electronics,Medium,0.0,0.2979146666230225,0.0,15,whatsapp
CUST_D9AB9B04,25-34,Mobile,Night,Electronics,Low,0.055938339603678625,0.05295447287443076,0.15440231685918107,50,push
CUST_489B0639,18-24,Mobile,Afternoon,Fashion,Medium,0.07787887110352246,0.06549243727056552,0.21956779656336678,35,push
CUST_B31F3060,18-24,Mobile,Night,Fashion,Medium,0.1817524178628632,0.23305208112441986,0.1886257914337533,41,whatsapp
CUST_54458FD3,35-50,Mobile,Evening,Fashion,Medium,0.16170393696299137,0.014806327936304564,0.27841524425192204,20,push
CUST_9B05CEFB,25-34,Desktop,Morning,Sports,Low,0.19803518798623237,0.18993655893687308,0.1832794280333809,27,email
CUST_BE4A7697,25-34,Mobile,Morning,Beauty,Medium,0.1370852020842975,0.2671089161557464,0.16170023011457474,29,whatsapp
CUST_1336A50D,50+,Mobile,Morning,Home & Garden,Low,0.0,0.06402169858773306,0.0,84,whatsapp
CUST_468EB40A,25-34,Mobile,Afternoon,Sports,Medium,0.008820895222852499,0.3873529275227889,0.1922816700666682,35,whatsapp
CUST_F855D551,50+,Mobile,Evening,Fashion,Medium,0.09272606169080976,0.27513751332750536,0.13094997338768197,54,whatsapp
CUST_B892658B,25-34,Mobile,Morning,Gaming,Medium,0.1548448514776192,0.27343857845842146,0.11347425884440526,54,whatsapp
CUST_C1F5099A,18-24,Mobile,Night,Fashion,Medium,0.01109749719770039,0.35779130461193603,0.07964222965590147,84,whatsapp
CUST_81A45894,35-50,Mobile,Evening,Home & Garden,Low,0.06725450618640809,0.1642377863736286,0.07988652063523922,75,whatsapp
CUST_4992E778,35-50,Mobile,Night,Sports,Low,0.0,0.15239073574970555,0.0,30,whatsapp
CUST_EDB28AF9,35-50,Mobile,Morning,Beauty,Medium,0.07772486665353501,0.39721888423943674,0.2264328334928445,12,whatsapp
CUST_FEED1B22,25-34,Mobile,Afternoon,Gaming,Medium,0.11351790633122223,0.30469904960054484,0.26656400701732486,19,whatsapp
CUST_C11A6B23,25-34,Mobile,Evening,Books,Low,0.0,0.15788460608196836,0.0,49,whatsapp
CUST_CD4F31D7,35-50,Mobile,Afternoon,Sports,Medium,0.17356303928469502,0.3889975292978682,0.023545024532713333,74,whatsapp
CUST_3D9B9641,35-50,Mobile,Night,Fashion,Low,0.12189132147515158,0.1098937629424964,0.12197126044701874,40,push
CUST_5DFFC4BE,25-34,Mobile,Night,Sports,Low,0.09233632490871815,0.101637591185878,0.031641639054030044,78,whatsapp
CUST_E5EB6418,35-50,Mobile,Night,Fashion,Medium,0.02506501117030604,0.2948935078381571,0.18280111284718445,30,whatsapp
CUST_CE38E4CB,18-24,Mobile,Evening,Electronics,Medium,0.13970044734198586,0.23007281401607443,0.27373033234015753,14,push
CUST_11074403,25-34,Mobile,Morning,Home & Garden,Medium,0.10894428583613869,0.34890597092846737,0.15170303848903405,44,whatsapp
CUST_57C4461D,25-34,Desktop,Evening,Home & Garden,Medium,0.06606569230470197,0.2986230067984613,0.008849625609970579,25,email
CUST_3056D209,25-34,Mobile,Afternoon,Home & Garden,Medium,0.07856939551875808,0.35908644607807916,0.26605684301056787,30,whatsapp
CUST_4AABB6B4,35-50,Mobile,Evening,Sports,Medium,0.14156503952728522,0.3426665923748044,0.07736754831994826,75,whatsapp
CUST_5064B994,25-34,Desktop,Evening,Books,Low,0.07640802717961188,0.05817402501313507,0.05189251817828254,25,email
CUST_E4673420,25-34,Mobile,Morning,Beauty,Medium,0.06273861465234203,0.3127665851134194,0.07673075967841901,22,whatsapp
CUST_A055F6DB,25-34,Mobile,Afternoon,Home & Garden,Medium,0.08305227032374402,0.29352277796047804,0.15855676960579126,27,whatsapp
CUST_DA6228BE,35-50,Mobile,Afternoon,Beauty,Low,0.0,0.10342122819136366,0.0,17,whatsapp
CUST_DA8A6EA9,35-50,Desktop,Morning,Home & Garden,Medium,0.10400562215612315,0.32524612867928226,0.05414862123341156,11,email
CUST_B989B36C,25-34,Desktop,Night,Fashion,Medium,0.0507945430110349,0.3703839569752104,0.2739801261547196,78,email
CUST_D7A45459,35-50,Mobile,Night,Home & Garden,Medium,0.17688986071786414,0.26647212490978595,0.043751963010955026,31,whatsapp
CUST_412E9C77,35-50,Mobile,Evening,Fashion,Medium,0.09110446593154171,0.060360219768663285,0.2544905522658637,17,push
CUST_9026C7A6,50+,Mobile,Afternoon,Sports,Medium,0.00998210255633143,0.24157601538543583,0.2602647499739485,50,push
CUST_C8846AC3,35-50,Mobile,Evening,Electronics,Medium,0.18032998715868137,0.19208442961569944,0.26167633163756837,13,push
CUST_CE311944,25-34,Mobile,Night,Books,Low,0.13510156391037173,0.13000877347912976,0.18996991302700758,17,push
CUST_2C0B530D,35-50,Mobile,Morning,Electronics,Medium,0.07861196722155378,0.3004424495119644,0.01772183330843601,44,whatsapp
CUST_AA662E08,25-34,Mobile,Afternoon,Home & Garden,Medium,0.0,0.39004737820716057,0.0,13,whatsapp
CUST_3917DAA1,35-50,Mobile,Evening,Beauty,Medium,0.05128564680501244,0.30938193893700966,0.1346623599593331,71,whatsapp
CUST_090EE7C3,25-34,Mobile,Morning,Home & Garden,Low,0.0,0.1107846647759883,0.0,31,whatsapp
CUST_538CA05B,18-24,Mobile,Night,Sports,Medium,0.027301792016989148,0.12387931896024398,0.29328538761702105,52,push
CUST_89658641,35-50,Mobile,Night,Electronics,Medium,0.18392782555660284,0.05378187922636704,0.24041599416893264,73,push
CUST_49288ADE,18-24,Desktop,Evening,Gaming,Low,0.1741475673894389,0.0034313745789950724,0.05262460525698702,11,email
CUST_949B7D14,35-50,Desktop,Afternoon,Sports,Medium,0.0,0.25982967022676406,0.0,78,email
CUST_FC28FE99,18-24,Mobile,Afternoon,Gaming,Medium,0.1070872283540628,0.20376390023977817,0.2644581452353629,45,push
CUST_10D83418,25-34,Mobile,Afternoon,Beauty,Low,0.0,0.17478046121429644,0.0,52,whatsapp
CUST_6392D950,25-34,Mobile,Evening,Beauty,Medium,0.049668991791745935,0.24759645545776432,0.2296307093615276,53,whatsapp
CUST_03A41A1A,25-34,Mobile,Night,Fashion,Medium,0.0,0.24066259689710603,0.0,60,whatsapp
CUST_8F04173D,35-50,Mobile,Evening,Electronics,Low,0.0,0.05132476469355307,0.0,54,whatsapp
CUST_19E10825,25-34,Desktop,Afternoon,Electronics,Low,0.08841434872379149,0.011207391802291689,0.028593253040615628,15,email
CUST_B8B54386,25-34,Mobile,Evening,Gaming,Medium,0.008643959516709265,0.31309400712819646,0.038269425744643114,89,whatsapp
CUST_8AC845C7,35-50,Mobile,Evening,Beauty,Low,0.0,0.01797867827144275,0.0,62,whatsapp
CUST_05A18D97,35-50,Mobile,Morning,Sports,Medium,0.0,0.2975461747706282,0.0,89,whatsapp
CUST_238050B7,35-50,Mobile,Evening,Beauty,Low,0.011574955208063443,0.08808565769059924,0.08898904344703312,62,push
CUST_5FEE8FDB,35-50,Mobile,Night,Sports,Medium,0.10483226101511456,0.3025920215717104,0.07699658568273829,85,whatsapp
CUST_F3D325DC,25-34,Mobile,Evening,Sports,Low,0.04049485266373947,0.10442275993291648,0.160147639451744,51,push
CUST_DD059926,18-24,Mobile,Evening,Home & Garden,Low,0.13967809886376478,0.0415174700553767,0.08091673408357328,66,whatsapp
CUST_E3D4EBBE,18-24,Mobile,Morning,Beauty,Medium,0.18470204664685308,0.2736319121009913,0.26862045134094725,76,whatsapp
CUST_FDA7DE19,18-24,Mobile,Night,Books,Medium,0.0,0.2208007732811884,0.0,86,whatsapp
CUST_9C916C23,35-50,Mobile,Afternoon,Home & Garden,Medium,0.13601383777167497,0.20537572477521399,0.1195862549350658,22,whatsapp
CUST_A28ED8B7,50+,Mobile,Morning,Electronics,Medium,0.0,0.2536502129770577,0.0,73,whatsapp
CUST_900983AF,35-50,Mobile,Morning,Home & Garden,Low,0.020577511660627625,0.11527388192767796,0.049886416901384324,73,whatsapp
CUST_343B6A8E,35-50,Desktop,Afternoon,Fashion,Medium,0.046233220908960475,0.37245326907372434,0.2792522887031287,16,email
CUST_4E144664,25-34,Mobile,Morning,Sports,Low,0.004835118026294771,0.07603733077139765,0.0773303707895053,37,push
CUST_31BD9D1C,50+,Mobile,Morning,Home & Garden,Medium,0.01609181782050788,0.2607664723393624,0.25863922515562243,19,whatsapp
CUST_6751D2C2,25-34,Mobile,Afternoon,Sports,Low,0.06098012352962634,0.013736782382604451,0.08825759251697764,88,push
CUST_C17B01C9,25-34,Mobile,Evening,Gaming,Medium,0.02674561132863236,0.37397832090825833,0.01393510715616254,26,whatsapp
CUST_33417744,50+,Mobile,Night,Beauty,Low,0.0,0.06587308046504524,0.0,34,whatsapp
CUST_A4882A26,35-50,Desktop,Morning,Books,Medium,0.16008595557141933,0.27332336712682964,0.09344386515779313,29,email
CUST_97CE52FE,35-50,Mobile,Morning,Books,Medium,0.06093122072075539,0.1358377511638836,0.25123347101484034,49,push
CUST_723D9DCA,18-24,Mobile,Morning,Beauty,Medium,0.1331725934147901,0.38445205083117173,0.07925521894875688,29,whatsapp
CUST_22F4550D,35-50,Mobile,Afternoon,Electronics,Medium,0.17361187466599493,0.232188637582074,0.2155330577114188,58,whatsapp
CUST_AC45C3AC,25-34,Mobile,Night,Books,Low,0.17100713265511747,0.13672915589491672,0.19011561472409932,32,push
CUST_9D82044A,25-34,Desktop,Night,Gaming,Medium,0.0,0.23320488204407264,0.0,52,email
CUST_D78DFB60,18-24,Mobile,Morning,Beauty,Low,0.0,0.12827995438149667,0.0,14,whatsapp
CUST_E1941A92,18-24,Mobile,Morning,Electronics,Medium,0.03944711467534672,0.3945492848609369,0.13365459710631528,76,whatsapp
CUST_5F4302E5,25-34,Desktop,Night,Gaming,Low,0.17036047514636354,0.052288420040745104,0.11053229485480796,67,email
CUST_B649101A,18-24,Mobile,Morning,Books,Medium,0.0011704860275220774,0.25104463767263435,0.2704642400401267,31,push
CUST_6331FF0E,50+,Mobile,Morning,Electronics,Medium,0.15306664791622293,0.3275503231930324,0.09664216700170979,77,whatsapp
CUST_587CCF42,35-50,Desktop,Night,Fashion,Low,0.12057332737875229,0.007249016717031199,0.11235813672720565,21,email
CUST_71A33694,35-50,Mobile,Afternoon,Beauty,Medium,0.0,0.3364203866484426,0.0,44,whatsapp
CUST_D638B75A,25-34,Mobile,Morning,Electronics,Medium,0.17744766096582143,0.2736076569999676,0.09837517082678271,67,whatsapp
CUST_84AFDD9D,35-50,Mobile,Afternoon,Electronics,Low,0.13987095615789083,0.07568549715126922,0.15157212411894683,23,push
CUST_2E47009A,35-50,Desktop,Evening,Electronics,Medium,0.058987009532038504,0.30303653983228723,0.20339692935678272,10,email
CUST_4B612D8F,35-50,Mobile,Evening,Beauty,Low,0.06895700973411474,0.03068233327485097,0.10043827881012037,69,push
CUST_BE2277F0,35-50,Mobile,Night,Beauty,Medium,0.13114318223320656,0.35350689519657585,0.05360411594528536,12,whatsapp
CUST_9069B465,35-50,Mobile,Night,Fashion,Medium,0.13350828851133195,0.15428805882645388,0.2591562577892922,89,push
CUST_98B23C4C,25-34,Desktop,Evening,Electronics,Medium,0.08568092246603978,0.2647840986514666,0.035065313120317576,29,email
CUST_3B99A0E9,50+,Mobile,Morning,Books,Low,0.0030481307279422777,0.07257201835767631,0.11297487644164393,69,push
CUST_C05261E1,35-50,Mobile,Evening,Books,Medium,0.0,0.2631764715440054,0.0,90,whatsapp
CUST_81368C3D,35-50,Mobile,Evening,Sports,Medium,0.08609283185090007,0.3700809866082161,0.24189654970335234,83,whatsapp
CUST_C5157150,25-34,Mobile,Night,Electronics,Medium,0.179623662437321,0.3892553463935038,0.22084215119135747,31,whatsapp
CUST_9EE0F949,35-50,Mobile,Night,Home & Garden,Medium,0.0,0.38545876097366966,0.0,71,whatsapp
CUST_0C131128,50+,Mobile,Morning,Gaming,Medium,0.10896123072810818,0.24363130197117108,0.1424761623183567,65,whatsapp
CUST_19443392,35-50,Mobile,Evening,Beauty,Medium,0.0,0.3563344173007121,0.0,57,whatsapp
CUST_4B8AC103,25-34,Mobile,Morning,Gaming,Medium,0.17393468812446625,0.23841505902818924,0.08754323016878134,17,whatsapp
CUST_35397777,25-34,Mobile,Evening,Electronics,Medium,0.0,0.33819499117351615,0.0,34,whatsapp
CUST_64033C5A,25-34,Desktop,Night,Sports,Low,0.18382695312685782,0.002596808798048267,0.1562649625710311,31,email
CUST_08231C37,25-34,Desktop,Morning,Electronics,Medium,0.14191684083640135,0.2897623413760903,0.13692358997656573,28,email
CUST_8CF33D3F,25-34,Mobile,Night,Fashion,Low,0.027744548655302848,0.06498969473858,0.03214904572116277,50,whatsapp
CUST_FEE1B459,25-34,Mobile,Morning,Beauty,Medium,0.18102556781607476,0.3158371420417143,0.19423374808732435,41,whatsapp
CUST_5FDCDBF4,18-24,Desktop,Morning,Beauty,Low,0.0,0.06105296724817664,0.0,14,email
CUST_F51BBC07,50+,Mobile,Evening,Electronics,Low,0.16568480712154054,0.1715075698676475,0.11377961046963622,17,whatsapp
CUST_A8E1CF2E,25-34,Mobile,Afternoon,Beauty,Medium,0.10553720507679794,0.04257833710258856,0.23999331793196482,46,push
CUST_4A676D67,50+,Mobile,Night,Electronics,Medium,0.01858556812310679,0.28031176086407866,0.1187015445831407,23,whatsapp
CUST_15D8CF8B,35-50,Mobile,Night,Electronics,Medium,0.07113393657371485,0.09081211616108745,0.25337628685799,79,push
CUST_061CE91D,25-34,Mobile,Evening,Electronics,Medium,0.17905051821980555,0.14221943220921762,0.25558191072944764,78,push
CUST_028DF181,25-34,Mobile,Afternoon,Gaming,Medium,0.17224740360324364,0.22374758453722499,0.2830155461050149,12,push
CUST_E5EA6B2C,25-34,Mobile,Evening,Fashion,Low,0.0,0.16207683211989332,0.0,51,whatsapp
CUST_AA697B89,35-50,Desktop,Night,Sports,Medium,0.08619775617504327,0.2684933017716848,0.12801696909352706,22,email
CUST_D7A95C5D,35-50,Mobile,Afternoon,Electronics,Medium,0.0,0.24408366793895642,0.0,39,whatsapp
CUST_8EFCCF3E,25-34,Mobile,Morning,Electronics,Medium,0.0,0.3867439548076641,0.0,53,whatsapp
CUST_F1A59277,35-50,Desktop,Morning,Sports,Medium,0.0,0.3735791658240218,0.0,74,email
CUST_5E319C4D,25-34,Mobile,Evening,Home & Garden,Medium,0.05768559889324165,0.0772423810752334,0.27188711331777476,63,push
CUST_E259BC38,25-34,Mobile,Night,Fashion,Medium,0.0,0.28282895604181024,0.0,15,whatsapp
CUST_10DF13DD,35-50,Desktop,Afternoon,Electronics,Low,0.11381723533115484,0.03521621124935383,0.051633890022733275,44,email
CUST_75F4F3CA,35-50,Mobile,Night,Sports,Medium,0.10437105944648982,0.14521864995769404,0.28364748732702805,69,push
CUST_E4288431,25-34,Mobile,Night,Books,Medium,0.041729795005064824,0.2330734056235445,0.18645296184175317,77,whatsapp
CUST_67EE3FB6,25-34,Mobile,Evening,Home & Garden,Low,0.0,0.032864462390399085,0.0,73,whatsapp
CUST_B23B0C5B,25-34,Mobile,Night,Home & Garden,Medium,0.1546676147030349,0.31343372354458876,0.09564285545775293,44,whatsapp
CUST_79684223,35-50,Mobile,Afternoon,Home & Garden,Medium,0.14784462707480003,0.3707066988491123,0.2134155671082044,67,whatsapp
CUST_D1A85883,18-24,Mobile,Night,Home & Garden,Medium,0.12118229571865642,0.1825636655351183,0.28266025478543594,14,push
CUST_DE7BEBBA,25-34,Desktop,Night,Electronics,Low,0.0,0.19782029712863747,0.0,35,email
CUST_DECDBB22,35-50,Mobile,Evening,Fashion,Medium,0.19779193519946117,0.13597655270497994,0.2044197970957984,65,push
CUST_CBC3BAEB,25-34,Desktop,Morning,Books,Medium,0.08853249882896988,0.29191449223532845,0.05655565438077556,14,email
CUST_B1384C12,35-50,Mobile,Morning,Home & Garden,Medium,0.08298282873738903,0.2675968280865682,0.0006978054914973386,76,whatsapp
CUST_1C71AE11,35-50,Mobile,Afternoon,Beauty,Medium,0.00924807576176563,0.057188386120468726,0.22385356590147182,20,push
CUST_3DDCEA6F,35-50,Desktop,Night,Sports,Medium,0.06761890577834531,0.3871519509883761,0.04324580765525191,59,email
CUST_48D454C1,50+,Mobile,Evening,Fashion,Low,0.1208014501528131,0.14799845851200777,0.06993485220900318,14,whatsapp
CUST_FE3A26F2,25-34,Mobile,Night,Electronics,Medium,0.0,0.2220866768930391,0.0,59,whatsapp
CUST_745D0AF1,35-50,Mobile,Night,Electronics,Low,0.05520054802935919,0.14023480001474672,0.06885507283198108,22,whatsapp
CUST_8F618114,25-34,Mobile,Night,Beauty,Low,0.05683958115843222,0.12474695933079345,0.030894236281456888,34,whatsapp
CUST_AA76100A,25-34,Mobile,Night,Gaming,Low,0.09342226334752052,0.1432963992309296,0.023962017805927403,87,whatsapp
CUST_996223F2,35-50,Mobile,Afternoon,Home & Garden,Medium,0.0,0.32898692570509713,0.0,35,whatsapp
CUST_58915F08,50+,Desktop,Afternoon,Books,Low,0.11507423167064437,0.1248141344606423,0.17142241735290908,90,email
CUST_4A6DBB54,25-34,Mobile,Morning,Fashion,Medium,0.15271157971747798,0.20429465968057703,0.22301269540541988,55,push
CUST_8740AB12,25-34,Mobile,Night,Sports,Medium,0.03329565649143427,0.20442294644763717,0.04295893025300631,20,whatsapp
CUST_9DC5D903,35-50,Mobile,Morning,Sports,Medium,0.1123988253698194,0.38677309670209953,0.13661828297260298,24,whatsapp
CUST_2FA71D0D,35-50,Mobile,Morning,Books,Medium,0.16755775101830991,0.39111074884112584,0.17761854853117512,35,whatsapp
CUST_079E274E,50+,Mobile,Night,Sports,Medium,0.015885347695068174,0.18013564554555517,0.23448208125377137,36,push
CUST_7A4CA5C1,18-24,Mobile,Night,Home & Garden,Medium,0.1160843176424432,0.09752002602875703,0.2761926672853189,83,push
CUST_0C263DCF,35-50,Desktop,Morning,Home & Garden,Medium,0.0,0.35704229467440185,0.0,68,email
CUST_DACF0911,25-34,Mobile,Evening,Beauty,Low,0.0,0.02640593082394731,0.0,77,whatsapp
CUST_38C943B9,18-24,Mobile,Night,Sports,Low,0.1985325778622174,0.1536600408784224,0.02815303476822538,28,whatsapp
CUST_9CFE1314,35-50,Mobile,Evening,Books,Medium,0.013491817149260954,0.35817625221311544,0.03541159215055003,82,whatsapp
CUST_1A657E85,50+,Mobile,Morning,Sports,Low,0.07746839001244539,0.10798249020904822,0.026924385032596133,67,whatsapp
CUST_DDA324D3,25-34,Mobile,Night,Electronics,Medium,0.12380351891889235,0.2724787279810758,0.11256601817909685,64,whatsapp
CUST_8C94F6C3,25-34,Mobile,Evening,Beauty,Medium,0.18754417848671354,0.35004729139285584,0.17140404239673,79,whatsapp
CUST_CE3A6EF3,25-34,Mobile,Night,Electronics,Medium,0.15403734375467382,0.24553564220195995,0.2709813174859324,77,push
CUST_877C104A,35-50,Desktop,Morning,Books,Medium,0.08616212692598685,0.39052455354710947,0.018094175183948947,19,email
CUST_7535DF38,25-34,Desktop,Afternoon,Sports,Medium,0.17625721658518628,0.2853269866803503,0.12643774058878277,87,email
CUST_ACCFCF3B,25-34,Mobile,Morning,Beauty,Medium,0.048434416232517145,0.017630155520324653,0.22520798376912052,22,push
CUST_790591B1,25-34,Mobile,Afternoon,Sports,Medium,0.1370600312548453,0.2122394036804981,0.21057091814621878,85,whatsapp
CUST_CC2CEE0A,25-34,Desktop,Evening,Home & Garden,Low,0.1555814882808442,0.06343376306237594,0.0918143327065812,30,email
CUST_7E8D349A,35-50,Desktop,Morning,Beauty,Low,0.039553536762516786,0.019665822917650868,0.023866657103178545,36,email
CUST_1EF11355,25-34,Mobile,Morning,Home & Garden,Medium,0.0,0.3780971020887183,0.0,61,whatsapp
CUST_6E7D7A10,35-50,Desktop,Morning,Beauty,Medium,0.1463557924651841,0.2847262083721428,0.023933431995348642,45,email
CUST_EB2B5B57,35-50,Mobile,Afternoon,Sports,Medium,0.1426057759507541,0.23443758286003535,0.1537696312542253,33,whatsapp
CUST_8E0667CE,35-50,Mobile,Afternoon,Books,Low,0.0,0.028036325554845344,0.0,86,whatsapp
CUST_50D1ADC1,35-50,Mobile,Evening,Books,Medium,0.18442714200718568,0.34379032633425577,0.2761818053476806,57,whatsapp
CUST_5D420B03,25-34,Mobile,Evening,Electronics,Medium,0.04854113961644422,0.39307421163474066,0.2773435329345036,10,whatsapp
CUST_DE2C207D,35-50,Mobile,Night,Gaming,Medium,0.13187023168367962,0.026182894423592052,0.25606962919736637,88,push
CUST_1749A777,18-24,Desktop,Morning,Gaming,Low,0.0474575205786778,0.15236383697348452,0.16661491511691093,23,email
CUST_04D43A98,25-34,Mobile,Afternoon,Books,Medium,0.07815225364129515,0.3165343894549333,0.16215802704894713,20,whatsapp
CUST_F5917397,50+,Mobile,Morning,Sports,Medium,0.17499577930823745,0.31216139853079494,0.1552756485955508,43,whatsapp
CUST_A46C2B22,50+,Mobile,Afternoon,Electronics,Low,0.0,0.08601140795225506,0.0,26,whatsapp
CUST_EB553367,35-50,Desktop,Afternoon,Beauty,Low,0.18571539190593567,0.12550680361619312,0.16641339414491985,21,email
CUST_66BD2CF3,35-50,Mobile,Morning,Home & Garden,Low,0.0,0.17721045832033333,0.0,61,whatsapp
CUST_53636173,25-34,Desktop,Morning,Fashion,Low,0.08567017859348032,0.03062651268304415,0.12440115643122229,68,email
CUST_3B00B30E,35-50,Mobile,Night,Electronics,Medium,0.0,0.3975900759592226,0.0,16,whatsapp
CUST_45E3E33F,25-34,Mobile,Afternoon,Books,Low,0.06744829928617589,0.08255981609792751,0.05612092472215836,17,whatsapp
CUST_926AA93D,50+,Mobile,Night,Beauty,Medium,0.03446719825674993,0.2308685167768566,0.09829273283111963,68,whatsapp
CUST_3298FAEB,35-50,Desktop,Afternoon,Gaming,Low,0.11506516764206282,0.0836009216488932,0.053357018055865964,34,email
CUST_EFC2D016,35-50,Mobile,Night,Beauty,Low,0.0,0.07517189851256562,0.0,21,whatsapp
CUST_09AE2702,35-50,Mobile,Afternoon,Electronics,Medium,0.0913966189064647,0.06404569844420141,0.2439934535451035,19,push
CUST_0518E45B,35-50,Mobile,Morning,Gaming,Medium,0.18193843531559684,0.3614314317724472,0.2847470945905296,82,whatsapp
CUST_705791DA,35-50,Mobile,Afternoon,Gaming,Low,0.07681998341763337,0.12205646397052368,0.13066007584679343,29,push
CUST_8B1D85C9,35-50,Desktop,Afternoon,Gaming,Low,0.1791811678288757,0.09955147775864491,0.17577064886495636,45,email
CUST_5FF49FA1,35-50,Desktop,Afternoon,Home & Garden,Low,0.14219501220569322,0.059563367620368936,0.13373258545858252,86,email
CUST_615278FE,50+,Mobile,Evening,Electronics,Medium,0.0,0.3646820127819146,0.0,79,whatsapp
CUST_4FBCBBCA,35-50,Mobile,Morning,Sports,Medium,0.08806246087155883,0.12253757700717408,0.21877501735427876,64,push
CUST_DA88C386,18-24,Desktop,Night,Sports,Low,0.0,0.19552220598381997,0.0,47,email
CUST_E9162E8B,25-34,Mobile,Morning,Books,Medium,0.0,0.27687023942693056,0.0,56,whatsapp
CUST_101DB21C,35-50,Desktop,Night,Gaming,Medium,0.1082372100903122,0.375592133356415,0.007447735831932211,24,email
CUST_EA2F4359,35-50,Mobile,Evening,Beauty,Medium,0.16596012724811027,0.3495519004120273,0.1826948356954889,22,whatsapp
CUST_A0578F65,25-34,Mobile,Afternoon,Home & Garden,Low,0.17437756847750013,0.1823657015784196,0.036066697379495215,34,whatsapp
CUST_DEA41107,25-34,Mobile,Morning,Home & Garden,Low,0.0,0.19478686961875924,0.0,89,whatsapp
CUST_AE5D913C,25-34,Desktop,Night,Beauty,Low,0.0,0.11633792224085981,0.0,56,email
CUST_38E8F4D6,35-50,Desktop,Afternoon,Beauty,Medium,0.023256672936484413,0.2754462321448569,0.1491617173641858,83,email
CUST_1FA0B7DE,25-34,Mobile,Afternoon,Fashion,Low,0.0,0.10336221481361184,0.0,88,whatsapp
CUST_3B22D7B6,35-50,Mobile,Evening,Home & Garden,Medium,0.15754231234734772,0.31046249131809295,0.2719070423292195,83,whatsapp
CUST_6B7F538D,50+,Mobile,Afternoon,Gaming,Medium,0.0,0.38607699545327473,0.0,53,whatsapp
CUST_47B5FAF8,18-24,Mobile,Afternoon,Fashion,Low,0.0330559310331408,0.1492113989417093,0.0913486045220195,55,whatsapp
CUST_3B77AE1A,25-34,Mobile,Afternoon,Sports,Medium,0.1999203118212345,0.32750299937997807,0.29900428664425943,55,whatsapp
CUST_DDAA8F46,25-34,Mobile,Morning,Fashion,Medium,0.0,0.37259824045092477,0.0,63,whatsapp
CUST_4B8AA7C9,25-34,Desktop,Afternoon,Sports,Medium,0.11766346410188094,0.3991761284192846,0.1777540473030058,65,email
CUST_B4909F1A,35-50,Mobile,Night,Electronics,Medium,0.0,0.3422359845232086,0.0,81,whatsapp
CUST_AAC06769,35-50,Mobile,Night,Home & Garden,Medium,0.18782976236975218,0.048896198615229564,0.24810364405319718,90,push
CUST_BC3F55D5,35-50,Desktop,Afternoon,Sports,Medium,0.15309444270208822,0.36048272170098034,0.2203643111792222,24,email
CUST_19D5B925,35-50,Mobile,Evening,Gaming,Medium,0.01837453998797869,0.2894590253456211,0.23381583022108063,34,whatsapp
CUST_F2902C84,35-50,Desktop,Morning,Gaming,Medium,0.0,0.27557552846682243,0.0,27,email
CUST_BCEFD4B6,18-24,Mobile,Evening,Home & Garden,Medium,0.0,0.34497196753571885,0.0,47,whatsapp
CUST_EB6FCAAE,35-50,Mobile,Night,Home & Garden,Medium,0.11318937695623284,0.3938242359344688,0.19779633364321392,14,whatsapp
CUST_C967E53B,35-50,Mobile,Night,Sports,Low,0.0,0.16123132697548828,0.0,48,whatsapp
CUST_40FB09E6,35-50,Mobile,Afternoon,Books,Medium,0.1636611506878073,0.37455151193935465,0.09858764082136615,63,whatsapp
CUST_05F012AB,25-34,Mobile,Evening,Electronics,Medium,0.16686918918482418,0.3542110263493798,0.2869432215696851,78,whatsapp
CUST_62EB54DD,35-50,Mobile,Evening,Beauty,Medium,0.18319769515687523,0.1323471116387962,0.25226524024933966,83,push
CUST_17E45CFF,50+,Mobile,Morning,Fashion,Medium,0.00546617015027262,0.11630331187640129,0.23750691142761296,80,push
CUST_85984E7D,25-34,Mobile,Night,Books,Low,0.06739915041305718,0.004213428804881314,0.1746760280518532,32,push
CUST_CA4E5197,50+,Mobile,Morning,Gaming,Medium,0.15908554673887695,0.07283205553982497,0.23441567595093316,52,push
CUST_A56D509F,18-24,Mobile,Night,Fashion,Medium,0.1115053362339372,0.17440372359725054,0.28434234385400015,21,push
CUST_34876524,50+,Mobile,Morning,Beauty,Low,0.0,0.11371699074631231,0.0,20,whatsapp
CUST_529191E2,50+,Mobile,Night,Electronics,Low,0.053335593003406095,0.11315161979026223,0.14833849027029075,80,push
CUST_24B0315E,35-50,Mobile,Morning,Beauty,Medium,0.10818650110942891,0.3682113644804325,0.2947619253791078,14,whatsapp
CUST_6EBB7C65,25-34,Desktop,Morning,Home & Garden,Low,0.17188969521208716,0.1925864606911437,0.1426115123841863,85,email
CUST_4B34FA4C,50+,Desktop,Morning,Gaming,Low,0.18397182283533195,0.10667422388668868,0.028348916408265267,21,email
CUST_CCF4473E,25-34,Mobile,Night,Books,Medium,0.0,0.22277364543248235,0.0,76,whatsapp
CUST_66704680,18-24,Desktop,Morning,Books,Low,0.1813641370942875,0.05944983822712176,0.07208522500151045,73,email
CUST_9F5AF1B4,35-50,Mobile,Morning,Fashion,Low,0.062432996353259274,0.11770028089710434,0.16942564995554835,58,push
CUST_B6BFC136,25-34,Desktop,Night,Electronics,Medium,0.04035550069511589,0.27197586940405727,0.05024785411571676,90,email
CUST_3D58EB70,35-50,Mobile,Night,Beauty,Low,0.0,0.013724236464896533,0.0,55,whatsapp
CUST_E2391426,35-50,Desktop,Morning,Beauty,Low,0.1898747795829248,0.08322810875887261,0.11769129741648593,15,email
CUST_FF48FB57,35-50,Mobile,Afternoon,Books,Medium,0.15137071640788496,0.3088781218640863,0.2439498280862165,51,whatsapp
CUST_0D5966DB,35-50,Mobile,Night,Gaming,Medium,0.0,0.22456634516356316,0.0,74,whatsapp
CUST_C5943693,18-24,Mobile,Evening,Electronics,Low,0.03486459675337177,0.019150649556165123,0.05426898893176885,55,push
CUST_5E4E88D4,18-24,Desktop,Night,Beauty,Low,0.08187952015568845,0.003869945211639303,0.07532976426919714,82,email
CUST_63DB733C,18-24,Mobile,Afternoon,Electronics,Low,0.0,0.11550910642841306,0.0,83,whatsapp
CUST_85D20005,25-34,Mobile,Morning,Sports,Medium,0.15036732875604147,0.21631943229322032,0.06832049586888066,31,whatsapp
CUST_A95EB599,25-34,Desktop,Morning,Home & Garden,Low,0.18939752775606078,0.18488256652127366,0.08627502935560553,21,email
CUST_D380949A,25-34,Mobile,Afternoon,Sports,Medium,0.15963898400707083,0.19806413774277343,0.29680275509228476,32,push
CUST_12C6D82F,35-50,Mobile,Night,Fashion,Medium,0.16121343619684558,0.2505388106711524,0.10428176520467497,24,whatsapp
CUST_F617AAB8,35-50,Mobile,Morning,Home & Garden,Medium,0.13257762523481778,0.28805238219877916,0.0027992428572544913,61,whatsapp
CUST_EACDCB8F,25-34,Mobile,Evening,Electronics,Medium,0.19946485371596567,0.16020566338642037,0.23284987903177715,29,push
CUST_3E4E7988,25-34,Mobile,Night,Fashion,Medium,0.13715671459636353,0.16722140183000078,0.27261603304284016,51,push
CUST_F1B72375,35-50,Mobile,Night,Beauty,Medium,0.014046011126405133,0.15788777994445105,0.25979157025180916,62,push
CUST_4456FF3A,50+,Mobile,Night,Electronics,Low,0.10740917438645409,0.19779590189481777,0.08159876695523484,42,whatsapp
CUST_3EEB5BD5,50+,Mobile,Night,Sports,Medium,0.16296573118229526,0.01863477402466849,0.24623710283067443,62,push
CUST_68AD3E36,18-24,Mobile,Evening,Sports,Low,0.0,0.04001634033711979,0.0,49,whatsapp
CUST_D6AD16EF,35-50,Mobile,Morning,Books,Low,0.04670618160279656,0.08481629299812776,0.11960179924532267,74,push
CUST_08C4C971,25-34,Mobile,Evening,Gaming,Medium,0.13421323515675282,0.28225200786380594,0.10863610941939623,72,whatsapp
CUST_008A2B5A,25-34,Mobile,Night,Home & Garden,Medium,0.1239840992643871,0.23977462191294144,0.27323517580598616,62,push
CUST_AFA1A280,35-50,Desktop,Afternoon,Gaming,Medium,0.0,0.264181217631543,0.0,25,email
CUST_347B3E0F,25-34,Desktop,Night,Fashion,Low,0.16862847533971825,0.026919955436180046,0.1668670815142301,80,email
CUST_CAAAF0E2,25-34,Mobile,Afternoon,Books,Medium,0.19715369401164087,0.30851106004250395,0.03827219998274023,86,whatsapp
CUST_FCB4B49A,25-34,Mobile,Night,Sports,Low,0.0,0.17476178984006208,0.0,36,whatsapp
CUST_D86EB996,50+,Mobile,Morning,Electronics,Medium,0.0,0.35196220618673796,0.0,36,whatsapp
CUST_E21A7769,25-34,Mobile,Night,Fashion,Medium,0.0665555404665497,0.22566957606914576,0.29734191307318497,31,push
CUST_2810A1B5,25-34,Mobile,Evening,Fashion,Medium,0.10788581975958829,0.2755138028211471,0.13588202388348494,41,whatsapp
CUST_C8BBBA8B,25-34,Mobile,Afternoon,Electronics,Medium,0.18193512292766942,0.03343846181051768,0.2658993203756217,70,push
CUST_E110222E,25-34,Mobile,Afternoon,Electronics,Low,0.0,0.11544717861852166,0.0,51,whatsapp
CUST_960A76FC,25-34,Desktop,Night,Books,Low,0.15620412464088462,0.10205884066962262,0.07909343719244268,36,email
CUST_8ED17183,35-50,Desktop,Evening,Home & Garden,Low,0.036002722458506865,0.12481982102331837,0.15526304090118523,42,email
CUST_BB95004D,25-34,Mobile,Night,Beauty,Low,0.12019662737658042,0.15306610551807742,0.027471020031658643,82,whatsapp
CUST_D8BE749D,35-50,Mobile,Night,Books,Medium,0.1976821932558293,0.3533564201835197,0.10053530675404598,52,whatsapp
CUST_6CB57608,25-34,Mobile,Night,Home & Garden,Medium,0.020860785766786828,0.1487257654581832,0.2496097108277934,45,push
CUST_26E1B0EB,25-34,Mobile,Afternoon,Sports,Low,0.0,0.11877746069383566,0.0,35,whatsapp
CUST_8C56898E,35-50,Mobile,Evening,Electronics,Medium,0.049294443524054814,0.17015519843059904,0.2817709143970998,64,push
CUST_694440B5,35-50,Mobile,Evening,Fashion,Medium,0.0,0.2756435982468258,0.0,37,whatsapp
CUST_F8C7266D,25-34,Mobile,Evening,Sports,Low,0.0,0.11374297655119539,0.0,41,whatsapp
CUST_8F64453D,18-24,Mobile,Night,Electronics,Medium,0.046260784273383454,0.3382817185702851,0.14568893354188914,51,whatsapp
CUST_4B2F1384,35-50,Mobile,Afternoon,Books,Medium,0.0,0.3760234393903259,0.0,30,whatsapp
CUST_D91D0369,25-34,Mobile,Night,Sports,Low,0.03772727773796219,0.13605285375687634,0.02672406374373667,45,whatsapp
CUST_71A2934A,35-50,Mobile,Afternoon,Fashion,Medium,0.13258746809506536,0.28476117901734854,0.11208552089672909,87,whatsapp
CUST_FB2D4E5B,25-34,Mobile,Night,Home & Garden,Medium,0.03773352105799102,0.3733271052832149,0.21659524242493303,20,whatsapp
CUST_CD59B969,35-50,Mobile,Night,Electronics,Medium,0.14661751920877614,0.26867022540578783,0.20831859022323826,13,whatsapp
CUST_34F50D39,25-34,Desktop,Morning,Beauty,Medium,0.12643457784743684,0.25278150486815254,0.12599642719847182,34,email
CUST_CEDB7614,25-34,Mobile,Morning,Books,Medium,0.08538797862119683,0.3993513323209993,0.2949165783108946,79,whatsapp
CUST_6703F9EC,50+,Desktop,Evening,Electronics,Medium,0.013163791884083276,0.01586709100019652,0.23086443671283677,27,email
CUST_E7FDF8E3,18-24,Mobile,Morning,Books,Medium,0.03627391467629761,0.29129410632104097,0.021122085309697922,42,whatsapp
CUST_B3CC624F,35-50,Mobile,Evening,Home & Garden,Low,0.059703439846378804,0.15119146089847543,0.1172589582687954,28,whatsapp
CUST_13BCF28C,50+,Mobile,Morning,Beauty,Low,0.0,0.19872560013233043,0.0,81,whatsapp
CUST_8356E3B7,25-34,Mobile,Afternoon,Home & Garden,Low,0.07235557603017669,0.18469846797158415,0.14681162716513166,64,whatsapp
CUST_9FEEEC4A,35-50,Mobile,Morning,Books,Medium,0.0,0.29718793248336856,0.0,71,whatsapp
CUST_852D59DB,50+,Desktop,Afternoon,Sports,Low,0.12271888779958331,0.17847172374341064,0.11840315921782932,44,email
CUST_ED659A81,25-34,Mobile,Afternoon,Electronics,Low,0.07120855335176311,0.007611547594334534,0.1687894769593555,58,push
CUST_A618E3BA,25-34,Mobile,Evening,Beauty,Low,0.13020124054611917,0.02290162679373564,0.14997298760020158,74,push
CUST_FA778FB9,25-34,Desktop,Afternoon,Gaming,Low,0.16097555156534038,0.17671598878693487,0.05578708744042993,61,email
CUST_48BD7B88,25-34,Mobile,Afternoon,Books,Medium,0.02899754054452175,0.2347097033937804,0.29813171984175496,10,push
CUST_16ACD0C6,25-34,Desktop,Morning,Books,Low,0.0,0.048342753170342645,0.0,86,email
CUST_37EB011F,35-50,Mobile,Morning,Fashion,Medium,0.10941899275016609,0.10169592995562607,0.20352582495567142,60,push
CUST_88F1E24C,25-34,Mobile,Night,Gaming,Low,0.0,0.018070255246412127,0.0,43,whatsapp
CUST_C92AD391,35-50,Mobile,Evening,Sports,Medium,0.08273798844525003,0.1903626395643112,0.28843845544302094,12,push
CUST_D95E4ED6,25-34,Mobile,Night,Electronics,Low,0.05099255691909426,0.09645326732762959,0.045061196784307256,47,whatsapp
CUST_A9E98AE2,35-50,Mobile,Afternoon,Beauty,Medium,0.19826061523562377,0.2988340488129612,0.012522016896486776,36,whatsapp
CUST_060BDD16,35-50,Mobile,Morning,Fashion,Low,0.0,0.04466880384931265,0.0,12,whatsapp
CUST_D11AA116,25-34,Mobile,Morning,Electronics,Medium,0.056207474686950025,0.22542413674244877,0.19045285454414204,87,whatsapp
CUST_CCAC32CA,35-50,Mobile,Afternoon,Books,Medium,0.09479357261768329,0.011319121969902436,0.23335934466353592,63,push
CUST_AC9B2E3E,25-34,Mobile,Morning,Sports,Low,0.0,0.027421864832386424,0.0,31,whatsapp
CUST_7F8ED2EF,25-34,Mobile,Morning,Sports,Medium,0.07300556409268355,0.26039836049421805,0.29069108343520605,50,push
CUST_A778788F,18-24,Mobile,Morning,Beauty,Medium,0.05113477494773216,0.05947120904501735,0.2557889987730337,70,push
CUST_630EA12D,25-34,Mobile,Morning,Sports,Medium,0.06521402328137726,0.3407966203186829,0.2868210654322014,14,whatsapp
CUST_844A74FA,18-24,Mobile,Evening,Sports,Medium,0.17383146659792958,0.2501443749371965,0.26032544848698286,76,push
CUST_5EA551EB,35-50,Mobile,Night,Electronics,Medium,0.03857058586163469,0.2509648453702309,0.23068220297600306,36,whatsapp
CUST_C7B4B9BD,25-34,Mobile,Morning,Books,Medium,0.08410757136706742,0.21004825550681783,0.08770745269653936,80,whatsapp
CUST_17A20F69,25-34,Desktop,Morning,Gaming,Low,0.19168369254481132,0.035269939130418364,0.07448334102659257,30,email
CUST_555700B4,50+,Mobile,Night,Sports,Medium,0.0,0.3065262357922505,0.0,64,whatsapp
CUST_259657D3,25-34,Mobile,Afternoon,Sports,Low,0.0,0.010617707757628958,0.0,79,whatsapp
CUST_64ECE7EE,35-50,Mobile,Evening,Books,Medium,0.0,0.2035367900256287,0.0,30,whatsapp
CUST_357B8D04,25-34,Mobile,Evening,Sports,Medium,0.13781815832576563,0.3261670305143589,0.1562600435313138,19,whatsapp
CUST_D3C96A5E,35-50,Mobile,Afternoon,Gaming,Medium,0.013524482601383904,0.2169790895283252,0.09015201673647712,50,whatsapp
CUST_DCF1FC29,35-50,Mobile,Evening,Beauty,Medium,0.03754449185922884,0.2090353280003992,0.18668250411621976,61,whatsapp
CUST_4E07FA68,35-50,Desktop,Afternoon,Fashion,Low,0.016508743346225586,0.058678623935802324,0.004592651800418612,64,email
CUST_6610877B,35-50,Mobile,Evening,Books,Medium,0.12835911856505958,0.03853140519043921,0.2937405873437313,30,push
CUST_CDE020CE,25-34,Mobile,Night,Home & Garden,Medium,0.1774592940660189,0.03999570407508939,0.21447188421415436,39,push
CUST_6633CBAE,35-50,Mobile,Morning,Home & Garden,Low,0.1741174983948166,0.18313869216247838,0.04251477662757639,40,whatsapp
CUST_2C34128B,50+,Mobile,Evening,Fashion,Low,0.0,0.0742539195252884,0.0,31,whatsapp
CUST_7A39BAA4,50+,Mobile,Evening,Home & Garden,Low,0.0,0.18364251026350142,0.0,51,whatsapp
CUST_AA3A1862,35-50,Mobile,Morning,Beauty,Medium,0.054700271169693226,0.2995604593709725,0.26871570373778264,88,whatsapp
CUST_CC054EE0,35-50,Mobile,Afternoon,Electronics,Medium,0.09049452489549126,0.3501105601653648,0.06919290665043075,40,whatsapp
CUST_37055F28,25-34,Mobile,Morning,Books,Low,0.0,0.04704754467722938,0.0,63,whatsapp
CUST_06B32EE5,35-50,Mobile,Night,Books,Medium,0.02250661478699736,0.18185661931673677,0.272439554682594,59,push
CUST_65E04417,35-50,Mobile,Evening,Sports,Medium,0.03244416520701519,0.38714086025142325,0.0984664317802925,52,whatsapp
CUST_E6D7B89B,35-50,Mobile,Night,Home & Garden,Low,0.0,0.06224363574199163,0.0,86,whatsapp
CUST_270F74DF,18-24,Desktop,Morning,Beauty,Low,0.1118163580356856,0.032215655326084704,0.1939391681798132,26,email
CUST_910181D2,25-34,Mobile,Morning,Fashion,Medium,0.0,0.20323003250925537,0.0,87,whatsapp
CUST_6301D9F7,35-50,Mobile,Afternoon,Electronics,Low,0.0554117535457479,0.051410583910602006,0.09601286933454105,83,push
CUST_A33A37D8,18-24,Mobile,Morning,Books,Medium,0.16923814470226478,0.36053475725856726,0.14420343833803104,68,whatsapp
CUST_8F84B196,35-50,Desktop,Morning,Electronics,Medium,0.14429445690005233,0.2694122894612631,0.26711740078133756,39,email
CUST_9C39A1BB,35-50,Mobile,Morning,Books,Medium,0.11339790464992927,0.3117355061211281,0.22129258255967388,81,whatsapp
CUST_4A5C1BEB,25-34,Mobile,Morning,Fashion,Low,0.0896565021059302,0.005978524552325082,0.1551642530894038,90,push
CUST_90CC98DA,35-50,Mobile,Night,Sports,Medium,0.15504170743899515,0.04911614940418341,0.27376239279865594,42,push
CUST_D3620381,35-50,Mobile,Afternoon,Electronics,Medium,0.005341367783547613,0.06785723512742155,0.23758329978396397,52,push
CUST_B13B4F5E,25-34,Mobile,Evening,Gaming,Medium,0.02561055932554799,0.29679103736813467,0.0025715034523901004,82,whatsapp
CUST_78C3C998,25-34,Mobile,Night,Beauty,Medium,0.1517762276878874,0.22884474921226505,0.23738148181813076,53,push
CUST_4F73EDFF,18-24,Mobile,Evening,Books,Medium,0.13272149449972737,0.36138516343459204,0.24791781117413875,80,whatsapp
CUST_CABDE95A,25-34,Desktop,Evening,Gaming,Low,0.11216999363546437,0.05313065533748427,0.04313684517022449,57,email
CUST_8290A620,25-34,Desktop,Morning,Beauty,Medium,0.08827806298412594,0.21878854082502813,0.19938817277882745,72,email
CUST_5592D9DA,50+,Mobile,Afternoon,Electronics,Low,0.0,0.05292232524201701,0.0,42,whatsapp
CUST_6080E2EB,35-50,Mobile,Evening,Gaming,Low,0.0633619932434921,0.15420042828930716,0.05174792641547871,51,whatsapp
CUST_EFC80D26,35-50,Mobile,Morning,Home & Garden,Medium,0.19190814672295117,0.38230707959928295,0.2666660023030784,32,whatsapp
CUST_8A353FB6,25-34,Mobile,Afternoon,Beauty,Medium,0.035194237234006276,0.3226768427666125,0.09131169406921018,33,whatsapp
CUST_BBA98762,35-50,Mobile,Morning,Electronics,Medium,0.12429172458633286,0.21019148501828974,0.17294941652029802,61,whatsapp
CUST_69E3C3BC,25-34,Mobile,Night,Sports,Low,0.027247855599637896,0.17452808235126396,0.08600549704244242,24,whatsapp
CUST_0EBA4300,25-34,Mobile,Afternoon,Fashion,Low,0.02885821983333947,0.026101222464743713,0.1298858218568877,64,push
CUST_2DCC9A50,25-34,Mobile,Afternoon,Books,Low,0.13744437045600358,0.12935302751039554,0.14801823124094676,40,push
CUST_0969A929,35-50,Desktop,Evening,Beauty,Low,0.07034683450397299,0.05417479839830511,0.03178852215179375,73,email
CUST_63815039,35-50,Mobile,Afternoon,Beauty,Low,0.0,0.09068529944056532,0.0,74,whatsapp
CUST_4490EE8E,25-34,Mobile,Afternoon,Sports,Medium,0.1590440698412362,0.3797685742808755,0.09308351002312253,18,whatsapp
CUST_9D23F007,25-34,Mobile,Evening,Beauty,Medium,0.149845194159624,0.2785893439783295,0.13395143132422574,34,whatsapp
CUST_F1C77A66,25-34,Mobile,Afternoon,Fashion,Medium,0.15410883092305694,0.10246458476142557,0.24351659645799467,23,push
CUST_2CEA878B,18-24,Mobile,Evening,Home & Garden,Medium,0.09954305200247088,0.3632305869388539,0.04387873410870134,62,whatsapp
CUST_587AD8A4,35-50,Mobile,Night,Sports,Medium,0.013113737012503492,0.2277908356072941,0.1523565176055446,35,whatsapp
CUST_B43BDCE6,50+,Desktop,Evening,Books,Low,0.06383983117457755,0.15293028042419665,0.04651029923596917,21,email
CUST_4E9B31C7,25-34,Mobile,Evening,Beauty,Low,0.18707755644774562,0.1944771098306146,0.16323937211678577,79,whatsapp
CUST_FE06D134,18-24,Mobile,Evening,Home & Garden,Low,0.0,0.07946358542235754,0.0,50,whatsapp
CUST_ADB57CAD,25-34,Desktop,Evening,Gaming,Low,0.12182818781895227,0.08339583068481007,0.00017453895381555062,75,email
CUST_D973F35F,25-34,Desktop,Afternoon,Books,Low,0.15365105054832445,0.15140563892133355,0.13797545562616098,70,email
CUST_86A609C6,35-50,Mobile,Evening,Beauty,Medium,0.006004021516351799,0.35324810968533904,0.05638742145124703,28,whatsapp
CUST_57541408,35-50,Mobile,Afternoon,Electronics,Medium,0.0,0.3847850870891687,0.0,84,whatsapp
CUST_647F8747,18-24,Mobile,Night,Books,Medium,0.11555255660253061,0.015478934303475312,0.25317450721806223,80,push
CUST_C4A8005E,18-24,Mobile,Night,Beauty,Low,0.12805150250386932,0.18431794235736085,0.037793165807574726,79,whatsapp
CUST_0AD2B348,35-50,Mobile,Morning,Fashion,Medium,0.16456784209781616,0.27997083427339703,0.11378413778994603,89,whatsapp
CUST_18CE6EE9,50+,Mobile,Night,Books,Low,0.0,0.030578535890572002,0.0,16,whatsapp
CUST_D5C2AF50,50+,Desktop,Afternoon,Home & Garden,Medium,0.08236225354377227,0.2817927378375004,0.14235280525586314,27,email
CUST_CB85A64B,18-24,Mobile,Evening,Beauty,Medium,0.07802712552232763,0.30031255703798254,0.14715161726765572,75,whatsapp
CUST_DD199304,35-50,Mobile,Evening,Books,Medium,0.0,0.38500647531173104,0.0,34,whatsapp
CUST_5382FC8A,50+,Mobile,Afternoon,Gaming,Medium,0.11482835010711133,0.10123180601290707,0.2435435823651737,40,push
CUST_131DA56E,50+,Mobile,Evening,Books,Medium,0.035265253015250186,0.381114039276617,0.159456136322787,29,whatsapp
CUST_770B623C,25-34,Mobile,Morning,Beauty,Medium,0.0,0.3244288633411601,0.0,87,whatsapp
CUST_0E180EA4,25-34,Mobile,Evening,Fashion,Low,0.0,0.12398636298796406,0.0,37,whatsapp
CUST_3BD1BFA6,25-34,Mobile,Evening,Gaming,Medium,0.00939507353678999,0.14583973133111186,0.2956905825143777,21,push
CUST_0947CD11,18-24,Mobile,Morning,Fashion,Medium,0.09356459148446304,0.3748804177023194,0.19721282664913095,77,whatsapp
CUST_716F42AB,25-34,Desktop,Afternoon,Electronics,Low,0.15827575970152008,0.07194670943870278,0.08496481987894376,38,email
CUST_C143D2F6,35-50,Mobile,Afternoon,Sports,Low,0.06795599706026371,0.15688901225008733,0.1671077618805521,16,push
CUST_56993D8E,35-50,Desktop,Night,Home & Garden,Low,0.17993761014177426,0.044252409650784676,0.12313109313198016,52,email
CUST_A7E53581,35-50,Mobile,Afternoon,Gaming,Medium,0.0,0.2620774328848402,0.0,77,whatsapp
CUST_9CB02BCF,25-34,Mobile,Morning,Electronics,Medium,0.06528120901525401,0.3727233539027255,0.205866296108681,24,whatsapp
CUST_503BE15D,35-50,Desktop,Afternoon,Books,Low,0.17410504301319743,0.12209738065862515,0.03317083098430894,58,email
CUST_C2207C2D,25-34,Mobile,Afternoon,Gaming,Medium,0.14701324011610165,0.3408307249498761,0.001643871901659677,25,whatsapp
CUST_02424CE3,35-50,Mobile,Afternoon,Beauty,Medium,0.07092455081527489,0.39045566002827536,0.19614988730103394,50,whatsapp
CUST_1FF0F4B8,35-50,Mobile,Morning,Books,Low,0.06698294951966237,0.021120917777107808,0.13327933646480894,76,push
CUST_0B5ABC6D,35-50,Mobile,Night,Books,Medium,0.10743916332154871,0.15016297268246898,0.2118334649089851,83,push
CUST_184CC8F1,35-50,Desktop,Night,Gaming,Low,0.19478998109255777,0.131707241276977,0.00011838895942644089,24,email
CUST_E4B13E8F,35-50,Mobile,Morning,Sports,Low,0.09522769632323456,0.12433821668559474,0.17357546851541367,38,push
CUST_81CA5D16,25-34,Mobile,Evening,Beauty,Low,0.0,0.11556126580307785,0.0,76,whatsapp
CUST_83645FC6,35-50,Mobile,Night,Home & Garden,Medium,0.08258484411477858,0.30896354077063937,0.28589498769372346,81,whatsapp
CUST_6E5A12E9,50+,Mobile,Morning,Home & Garden,Low,0.005563081393432401,0.12363345499479528,0.1029465105263748,85,whatsapp
CUST_AC41ECF3,35-50,Mobile,Evening,Electronics,Medium,0.0,0.21138961537884435,0.0,15,whatsapp
CUST_3683D49C,50+,Mobile,Afternoon,Gaming,Low,0.047102679380452143,0.18259534850066644,0.0002597994616638344,86,whatsapp
CUST_9AC92005,25-34,Mobile,Afternoon,Books,Low,0.027765190092636227,0.08948881592037634,0.14234941911985902,39,push
CUST_36D8E45F,25-34,Desktop,Night,Fashion,Medium,0.019567208824979688,0.2168421758197547,0.20880634443456272,82,email
CUST_741B6B68,25-34,Mobile,Night,Beauty,Medium,0.16513625278243813,0.34830806158883487,0.15541609499556208,11,whatsapp
CUST_28C10C94,25-34,Mobile,Night,Electronics,Low,0.02587333987615841,0.1635655982500026,0.14183444046554483,52,whatsapp
CUST_6E27F854,25-34,Mobile,Afternoon,Beauty,Low,0.016260986457128614,0.1494457427769226,0.038754255770481846,73,whatsapp
CUST_999FE051,25-34,Mobile,Evening,Fashion,Medium,0.11865024563167872,0.37972966439381217,0.16018065513742755,33,whatsapp
CUST_EFDB19CD,25-34,Desktop,Afternoon,Electronics,Medium,0.0,0.24078028747253286,0.0,19,email
CUST_83469F4C,50+,Mobile,Evening,Fashion,Medium,0.007911322033899793,0.3112532099797185,0.1838489492211904,66,whatsapp
CUST_C71AE6AD,50+,Mobile,Afternoon,Home & Garden,Low,0.0028522449863052747,0.15571070916687269,0.09303149474815316,30,whatsapp
CUST_34A39B77,35-50,Mobile,Night,Home & Garden,Medium,0.14811903212132893,0.39849419332950153,0.012923617668954978,33,whatsapp
CUST_C8E4870F,35-50,Mobile,Afternoon,Sports,Low,0.02504228137676441,0.10714999743042153,0.05280724215725404,85,whatsapp
CUST_A945F7C3,18-24,Mobile,Morning,Fashion,Medium,0.08595465484643394,0.2680333309298674,0.2899973051826886,63,push
CUST_9A972779,35-50,Mobile,Evening,Home & Garden,Medium,0.08335477937711847,0.27346087876825376,0.10936664677200397,50,whatsapp
CUST_3B7AAABC,50+,Mobile,Morning,Electronics,Medium,0.0,0.3246630376415657,0.0,62,whatsapp
CUST_67C3AF77,18-24,Mobile,Night,Home & Garden,Low,0.1065624439412609,0.1612025813596524,0.021175002505691553,25,whatsapp
CUST_8861184D,25-34,Mobile,Night,Home & Garden,Medium,0.12042676423312895,0.3276233011535324,0.21322558496020078,10,whatsapp
CUST_06A239D3,50+,Mobile,Afternoon,Home & Garden,Medium,0.08241932763036562,0.07488312293722324,0.26103315241488473,85,push
CUST_1BD16710,50+,Mobile,Afternoon,Home & Garden,Low,0.14179531500997544,0.19140784927617346,0.12932604573637155,88,whatsapp
CUST_912094DF,25-34,Mobile,Evening,Home & Garden,Medium,0.0557112588008136,0.36713927670894586,0.22340944868169824,62,whatsapp
CUST_3F1908FF,25-34,Mobile,Afternoon,Electronics,Medium,0.09528943037399083,0.33943038703374734,0.05461271958860403,20,whatsapp
CUST_EEB6C2C2,18-24,Desktop,Afternoon,Sports,Medium,0.048464359823159824,0.3908843981454799,0.02183783639179543,66,email
CUST_94DE09B8,35-50,Mobile,Afternoon,Sports,Medium,0.08922824399444451,0.3453172530869933,0.09015192541701018,51,whatsapp
CUST_89EA70FF,35-50,Mobile,Morning,Books,Medium,0.08497214750495018,0.3048453488647812,0.0855207075391456,86,whatsapp
CUST_5F83A21D,25-34,Mobile,Afternoon,Beauty,Medium,0.18229808834415084,0.30122861974159754,0.2391703850849118,26,whatsapp
CUST_18AA4492,18-24,Mobile,Night,Beauty,Medium,0.08202696543733914,0.35206975569472676,0.07209260088876111,35,whatsapp
CUST_027164B3,35-50,Desktop,Morning,Beauty,Low,0.09660435576619347,0.1089359841908101,0.16373172064905456,31,email
CUST_0AD94D28,35-50,Mobile,Afternoon,Home & Garden,Medium,0.1137570908290047,0.00938880392070418,0.21139768446500445,42,push
CUST_31B02712,35-50,Mobile,Morning,Books,Medium,0.05792496143123931,0.3130123195653889,0.06674231046877008,52,whatsapp
CUST_AC95571E,25-34,Mobile,Night,Gaming,Medium,0.025218636249775363,0.06265524051977325,0.2009938439028678,22,push
CUST_65901553,25-34,Mobile,Evening,Books,Low,0.0,0.11313436110433713,0.0,24,whatsapp
CUST_8E8B796A,35-50,Mobile,Night,Electronics,Medium,0.10243044988200774,0.2264145814184112,0.06692708121893717,42,whatsapp
CUST_7B473553,35-50,Desktop,Evening,Books,Medium,0.11621433982059354,0.33502800052999504,0.15804911787551634,64,email
CUST_9140D68A,25-34,Mobile,Morning,Home & Garden,Low,0.046811416473852056,0.18504573395475132,0.1744262589232808,84,whatsapp
CUST_0F053F77,35-50,Mobile,Evening,Beauty,Low,0.09830725074885792,0.09343783214355583,0.15899493073761098,49,push
CUST_8D250AB2,35-50,Mobile,Afternoon,Gaming,Medium,0.037559340475644645,0.13243376303504048,0.27011817193430465,72,push
CUST_76F3CA16,25-34,Desktop,Morning,Sports,Medium,0.0,0.3210064425529156,0.0,35,email
CUST_8D1EC76F,35-50,Mobile,Morning,Fashion,Low,0.007336426840374811,0.054672324123627325,0.11998936763757938,70,push
CUST_19C3FD37,35-50,Mobile,Afternoon,Books,Medium,0.1161961370120349,0.2682276126362277,0.16950920702760183,66,whatsapp
CUST_4E59CDC9,35-50,Mobile,Morning,Beauty,Medium,0.098994520355543,0.20341410236214724,0.26263676565279964,66,push
CUST_E3CC687C,25-34,Mobile,Afternoon,Fashion,Medium,0.01573972598647999,0.39332964321881003,0.06603235095292172,46,whatsapp
CUST_895195FE,25-34,Desktop,Afternoon,Fashion,Low,0.19945415795096194,0.07512589048572678,0.13260012893289125,10,email
CUST_52A467A1,25-34,Mobile,Night,Sports,Medium,0.0,0.37605821212062396,0.0,46,whatsapp
CUST_895A3F9D,25-34,Mobile,Afternoon,Home & Garden,Low,0.027418916227073376,0.18577084712980385,0.1855874576818648,14,whatsapp
CUST_D8C3AB84,35-50,Mobile,Evening,Sports,Medium,0.049728020428629165,0.2963468248846341,0.10172967005217676,19,whatsapp
CUST_F32E13E7,25-34,Mobile,Morning,Sports,Medium,0.13908452929461015,0.3529697133669344,0.04005898384670784,47,whatsapp
CUST_68E73F1D,50+,Mobile,Afternoon,Books,Medium,0.15598114820018008,0.3125304936216582,0.21372443334722027,52,whatsapp
CUST_3221BDA7,35-50,Desktop,Night,Beauty,Low,0.09599256450289693,0.03975600343941852,0.01844495201241163,69,email
CUST_2CF59DB9,50+,Mobile,Night,Home & Garden,Medium,0.0,0.2421918179594661,0.0,78,whatsapp
CUST_7A473C6F,25-34,Mobile,Evening,Beauty,Medium,0.12198916887278498,0.08954787326838631,0.22467456635440183,60,push
CUST_BC076D08,25-34,Mobile,Afternoon,Beauty,Low,0.014251576816372591,0.028191972716651838,0.10873847640019049,70,push
CUST_13B3C39B,18-24,Mobile,Evening,Gaming,Medium,0.1072586810545976,0.05849107320891318,0.24070743585788773,33,push
CUST_F399372B,25-34,Mobile,Morning,Gaming,Low,0.0,0.020121392611777412,0.0,81,whatsapp
CUST_2C04A290,35-50,Desktop,Afternoon,Home & Garden,Medium,0.1222603743997201,0.0990227346167219,0.28807886349681605,55,email
CUST_8512043B,35-50,Mobile,Afternoon,Home & Garden,Medium,0.1524568670646308,0.3066172219985401,0.0033709495623518437,58,whatsapp
CUST_BE0BE98D,35-50,Mobile,Night,Gaming,Low,0.0,0.11023224581605025,0.0,42,whatsapp
CUST_D385C01E,25-34,Mobile,Evening,Beauty,Low,0.12634605719789913,0.19560934620999848,0.16285914818497077,51,whatsapp
CUST_BEDEB4E5,35-50,Desktop,Afternoon,Electronics,Medium,0.0,0.2673288356220879,0.0,54,email
CUST_9A338CD0,25-34,Mobile,Evening,Sports,Medium,0.09173144296527268,0.23171559626223043,0.06970358240252818,40,whatsapp
CUST_1E67221C,35-50,Mobile,Evening,Beauty,Medium,0.07833493843142025,0.2683653582656298,0.20283629891606098,49,whatsapp
CUST_0CD60EBD,35-50,Mobile,Evening,Electronics,Low,0.0403224216639833,0.14888251127654795,0.06494404138640421,26,whatsapp
CUST_92F17E3F,35-50,Mobile,Evening,Home & Garden,Low,0.0,0.030553410059154684,0.0,75,whatsapp
CUST_6F9E2418,18-24,Mobile,Night,Fashion,Medium,0.07336762272118627,0.29260370632525795,0.09979596753970049,77,whatsapp
CUST_0FF13127,25-34,Mobile,Morning,Fashion,Medium,0.0,0.21534201529352567,0.0,69,whatsapp
CUST_BB285F7A,35-50,Mobile,Morning,Sports,Medium,0.14004726182619998,0.383836382148541,0.25660623690394596,54,whatsapp
CUST_7EABA16F,18-24,Desktop,Evening,Fashion,Medium,0.0676762672294637,0.342356789059646,0.10626406567051656,89,email
CUST_B46F4923,25-34,Mobile,Evening,Books,Medium,0.18668558687394268,0.25001504457973905,0.2883870687677561,76,push
CUST_93700F09,25-34,Desktop,Morning,Fashion,Medium,0.1154258475146261,0.23423910499372158,0.09071318281531131,14,email
CUST_72B6D10E,18-24,Mobile,Night,Gaming,Medium,0.13578357880581307,0.15134240109886077,0.22399999978863158,47,push
CUST_A54C9E5A,25-34,Mobile,Evening,Sports,Medium,0.18864045507627478,0.2199804798017062,0.29397157657631157,77,push
CUST_BCF213F1,35-50,Mobile,Morning,Beauty,Medium,0.19702512904341252,0.26402140176930183,0.02768770152347407,67,whatsapp
CUST_FB4910A7,18-24,Mobile,Evening,Beauty,Medium,0.0,0.24191360217643867,0.0,63,whatsapp
CUST_4C60FF11,35-50,Mobile,Evening,Home & Garden,Low,0.0,0.18155165401411744,0.0,55,whatsapp
CUST_5FAF1C12,25-34,Mobile,Afternoon,Beauty,Medium,0.0,0.36598814792638545,0.0,30,whatsapp
CUST_79A602ED,35-50,Mobile,Afternoon,Books,Low,0.05509159095773,0.10303582644782212,0.106824080580533,82,push
CUST_A1727E54,35-50,Desktop,Morning,Gaming,Medium,0.04930334276484441,0.3682534058725639,0.2627483879837432,22,email
CUST_A163EAC7,35-50,Mobile,Night,Electronics,Medium,0.0,0.25077809641425003,0.0,57,whatsapp
CUST_407E42A5,35-50,Desktop,Afternoon,Sports,Medium,0.1608163278118156,0.3476679433133524,0.19186879598946313,69,email
CUST_80D7E8E6,35-50,Mobile,Afternoon,Electronics,Medium,0.17661969839297886,0.04877167855040909,0.24480040856286323,75,push
CUST_F0508F34,35-50,Mobile,Night,Gaming,Medium,0.08388301244648998,0.38581270784016386,0.18518016074230426,27,whatsapp
CUST_65C588C7,25-34,Mobile,Evening,Sports,Medium,0.0,0.27136266684839094,0.0,42,whatsapp
CUST_115F567A,35-50,Mobile,Evening,Fashion,Medium,0.06018815128673845,0.23202740631383412,0.12556118723233456,22,whatsapp
CUST_11809A6B,35-50,Mobile,Morning,Home & Garden,Medium,0.17177274705397808,0.34543397768910844,0.14309598283843775,26,whatsapp
CUST_30A63D4E,35-50,Mobile,Afternoon,Home & Garden,Medium,0.08713816172639291,0.013890870674858303,0.2052460073977793,84,push
CUST_6C0C3F65,25-34,Desktop,Night,Home & Garden,Low,0.17718593667277677,0.0362592505158875,0.10784974496874626,50,email
CUST_490CCB49,50+,Mobile,Morning,Gaming,Medium,0.042631566704260875,0.20907992942268808,0.21430636935502065,49,push
CUST_E1598B61,35-50,Mobile,Afternoon,Home & Garden,Medium,0.11612777275440321,0.3486319486302552,0.0156680967100864,16,whatsapp
CUST_0F7F15A2,35-50,Mobile,Morning,Electronics,Medium,0.0,0.28686987160768396,0.0,77,whatsapp
CUST_9D644E2B,35-50,Desktop,Afternoon,Sports,Low,0.0,0.04501193687064871,0.0,36,email
CUST_D6F45E2B,50+,Mobile,Morning,Gaming,Low,0.0,0.0837136568390735,0.0,35,whatsapp
CUST_5F316548,25-34,Mobile,Night,Electronics,Low,0.08486729985013158,0.02951822925786454,0.1869703388297639,13,push
CUST_241A82E0,25-34,Mobile,Evening,Electronics,Medium,0.08065072653194459,0.2604024681805914,0.2974665488341715,37,push
CUST_C3A5792C,35-50,Mobile,Morning,Sports,Low,0.0,0.014807211501409779,0.0,56,whatsapp
CUST_7F141E6F,35-50,Mobile,Morning,Gaming,Medium,0.0019169772001652375,0.3872086393363259,0.143510339323188,10,whatsapp
CUST_FAF701E5,35-50,Mobile,Evening,Fashion,Medium,0.14521884668227492,0.32790169395897545,0.18206761604518507,61,whatsapp
CUST_4BE3EA6F,50+,Desktop,Night,Books,Low,0.0,0.1591497695411151,0.0,74,email
CUST_0BDEBB7F,35-50,Mobile,Night,Home & Garden,Low,0.12946774767572658,0.138990126178413,0.09785710656482961,88,whatsapp
CUST_E89782AF,18-24,Mobile,Evening,Books,Medium,0.12512924764301356,0.2652128833484258,0.1282110383541,60,whatsapp
CUST_3F240E7F,35-50,Mobile,Night,Gaming,Low,0.0,0.16888805286899522,0.0,27,whatsapp
CUST_ED884268,25-34,Mobile,Afternoon,Sports,Medium,0.0,0.20590263800476194,0.0,50,whatsapp
CUST_DF3740B2,35-50,Mobile,Afternoon,Beauty,Medium,0.09858083958650626,0.2707323058532487,0.2472548378713079,18,whatsapp
CUST_73A64B24,25-34,Desktop,Afternoon,Sports,Medium,0.00020690484309304757,0.3240835232279211,0.2915036605300861,18,email
CUST_646349C1,18-24,Mobile,Morning,Electronics,Medium,0.08676605822669747,0.28654770331445706,0.19539231923799885,27,whatsapp
CUST_0838480F,35-50,Desktop,Afternoon,Gaming,Low,0.06976813692263299,0.06953342202229518,0.11796688030597591,28,email
CUST_35DB462E,35-50,Mobile,Night,Gaming,Medium,0.1572535894188969,0.2985415479058646,0.07116291080466855,64,whatsapp
CUST_FBE3E53A,35-50,Mobile,Evening,Beauty,Low,0.0,0.08131739544536748,0.0,90,whatsapp
CUST_A46748F6,25-34,Mobile,Evening,Fashion,Low,0.0,0.08817450588171916,0.0,83,whatsapp
CUST_F6B94B37,25-34,Mobile,Night,Fashion,Medium,0.0,0.29900936672920353,0.0,89,whatsapp
CUST_6579F2EE,35-50,Mobile,Night,Books,Medium,0.13422829876177714,0.2155653825208114,0.20298121506917227,25,whatsapp
CUST_BEF47812,25-34,Mobile,Night,Fashion,Low,0.02016767916849931,0.04402856156561916,0.15904579348558173,59,push
CUST_E639AE8C,18-24,Mobile,Night,Books,Medium,0.11290699608355925,0.24409781794966,0.2678003267848223,75,push
CUST_6E69BB46,35-50,Desktop,Evening,Books,Medium,0.0,0.2681098064425445,0.0,33,email
CUST_269B407E,25-34,Mobile,Morning,Books,Low,0.03347245683825069,0.07219083402416415,0.009321543262531706,30,whatsapp
CUST_60F782FD,25-34,Mobile,Afternoon,Beauty,Medium,0.05634988491754736,0.034604916165595516,0.272615008362601,90,push
CUST_8EEBB8A3,25-34,Mobile,Evening,Books,Medium,0.18870508331255997,0.113144993690375,0.21486067306063714,61,push
CUST_19E5CD10,35-50,Desktop,Afternoon,Gaming,Medium,0.0,0.2620863445899968,0.0,10,email
CUST_B10F3870,18-24,Desktop,Evening,Sports,Medium,0.08985309733508443,0.2563681022712934,0.0351883561282048,64,email
CUST_9BB9B538,25-34,Mobile,Evening,Books,Medium,0.17366939138574733,0.3456404943703439,0.12846171763198727,39,whatsapp
CUST_7B3DBE5B,18-24,Mobile,Evening,Sports,Medium,0.05695629433037724,0.2867433623139352,0.2982533895240933,80,push
CUST_E999A8A8,35-50,Mobile,Night,Beauty,Medium,0.024585434006335418,0.3357713280850284,0.19214390013961627,83,whatsapp
CUST_07EB68F4,35-50,Desktop,Afternoon,Electronics,Medium,0.16421460431089308,0.30343518002980246,0.12322660657128479,72,email
CUST_A95B61CD,35-50,Mobile,Morning,Electronics,Medium,0.0,0.26405214102022023,0.0,60,whatsapp
CUST_9CC313BA,35-50,Desktop,Night,Sports,Low,0.18145777759986945,0.08936249326308845,0.10760974044858858,23,email
CUST_6E792318,50+,Desktop,Night,Electronics,Low,0.1566588758153679,0.1026279033592838,0.02470974013014381,80,email
CUST_51AF6922,35-50,Desktop,Night,Sports,Medium,0.061860921745230196,0.3673257909792815,0.2908240272160011,75,email
CUST_EB3B7A55,50+,Mobile,Morning,Beauty,Medium,0.03172383099015097,0.26743495691831515,0.13021298519374297,36,whatsapp
CUST_34C5C6D7,35-50,Mobile,Morning,Books,Low,0.0,0.06348926809220017,0.0,79,whatsapp
CUST_5A2098A2,35-50,Mobile,Night,Home & Garden,Medium,0.1885929523580698,0.2846249574294644,0.2180327673648891,36,whatsapp
CUST_5F862B40,25-34,Desktop,Night,Fashion,Low,0.16449263818135482,0.05713863104362722,0.11816452344601833,62,email
CUST_B30C0F03,18-24,Mobile,Morning,Gaming,Medium,0.16222614688621648,0.2551874302200909,0.11718555263553831,75,whatsapp
CUST_1351064A,25-34,Desktop,Afternoon,Fashion,Low,0.1483113789236327,0.0316591638771603,0.00817477313138124,33,email
CUST_4A625328,25-34,Mobile,Evening,Gaming,Medium,0.05793156775778255,0.39698660448078527,0.22199973144221224,26,whatsapp
CUST_D6FCB1E8,25-34,Mobile,Afternoon,Beauty,Medium,0.017758783370334874,0.33562841347728567,0.22429983924471628,85,whatsapp
CUST_EB78793E,25-34,Mobile,Night,Gaming,Medium,0.02893944230102674,0.0270033914057394,0.2538530429899355,88,push
CUST_3BC4ECAE,18-24,Mobile,Afternoon,Sports,Medium,0.07587213326539864,0.3081208057918765,0.19873051235681247,32,whatsapp
CUST_9BFE4ED4,35-50,Mobile,Evening,Fashion,Low,0.09119187598635169,0.02413562444400266,0.12902497417859615,33,push
CUST_756B35DC,35-50,Mobile,Evening,Sports,Low,0.05454431519437759,0.1664100502247135,0.032065303364273566,62,whatsapp
CUST_58DE26DE,18-24,Mobile,Night,Sports,Low,0.13503244052170527,0.1250545434405946,0.13637428216305494,33,push
CUST_855AF781,35-50,Mobile,Evening,Beauty,Medium,0.014461104271428727,0.3264002636794861,0.15725541176447586,55,whatsapp
CUST_8FE037C1,35-50,Mobile,Afternoon,Fashion,Medium,0.053564280244439426,0.2350611006435811,0.10246012192057327,87,whatsapp
CUST_2BA29819,25-34,Desktop,Night,Beauty,Low,0.133151190751587,0.028147109513692037,0.16181715931742055,32,email
CUST_B99993B5,25-34,Mobile,Morning,Electronics,Medium,0.0,0.3719352186737468,0.0,22,whatsapp
CUST_56A67BB4,50+,Desktop,Afternoon,Books,Low,0.1995749269528736,0.006889741245358883,0.12435011168351685,33,email
CUST_93480CCB,35-50,Mobile,Evening,Electronics,Medium,0.1325350988334069,0.22184693435082994,0.26531361915927804,76,push
CUST_D488727A,25-34,Mobile,Evening,Electronics,Medium,0.0,0.3241508626524337,0.0,56,whatsapp
CUST_D26F973C,35-50,Mobile,Morning,Sports,Medium,0.004822056977590439,0.20078466087695604,0.258873857779141,34,push
CUST_77F1C16C,25-34,Mobile,Morning,Books,Medium,0.0,0.27790187841408903,0.0,88,whatsapp
CUST_D6436251,25-34,Mobile,Evening,Electronics,Medium,0.11889527675303911,0.2700385627997345,0.25937042218942785,23,whatsapp
CUST_93A9BF43,25-34,Desktop,Evening,Home & Garden,Medium,0.10638548364517796,0.28879577937002726,0.010711612149916682,23,email
CUST_EE0967E3,25-34,Mobile,Night,Home & Garden,Medium,0.10874850690366089,0.32163145056730597,0.2833154691783067,89,whatsapp
CUST_E0EAE488,35-50,Desktop,Morning,Electronics,Low,0.09634975204065287,0.1300778573770839,0.07744556221775924,33,email
CUST_F2051248,35-50,Mobile,Night,Fashion,Low,0.07540692570194468,0.08407312676662256,0.01602430048812604,72,whatsapp
CUST_82F65E23,25-34,Desktop,Afternoon,Electronics,Medium,0.19610440301088167,0.18031053691471058,0.2443806051894854,26,email
CUST_DD984D84,35-50,Mobile,Morning,Sports,Low,0.10750442561569738,0.01605256901717036,0.17063514052565146,10,push
CUST_CB568B0F,35-50,Desktop,Morning,Sports,Medium,0.0,0.2956550740605652,0.0,19,email
CUST_21BB680C,35-50,Mobile,Night,Electronics,Low,0.08142909353610116,0.16762582849109675,0.13319312731652486,74,whatsapp
CUST_FED98234,35-50,Mobile,Morning,Sports,Medium,0.1788740878799599,0.27241090704908116,0.033890760224822125,85,whatsapp
CUST_EE8EF9EC,35-50,Mobile,Morning,Sports,Medium,0.024105517118603117,0.2761090453546477,0.2970751918157683,74,push
CUST_B35DE5D2,35-50,Mobile,Morning,Fashion,Low,0.05643195621146085,0.09932372978324194,0.17883043178017685,69,push
CUST_C56A11A5,18-24,Desktop,Night,Beauty,Low,0.0,0.12214248208363188,0.0,53,email
CUST_A7E56800,50+,Desktop,Morning,Gaming,Low,0.18027989950079368,0.11662870389796623,0.0004976632399975811,40,email
CUST_2C11FCAA,35-50,Mobile,Afternoon,Fashion,Medium,0.0,0.23583278929264068,0.0,64,whatsapp
CUST_547064A2,25-34,Mobile,Evening,Fashion,Medium,0.0495953576421496,0.2201375521860888,0.1549349313998261,75,whatsapp
CUST_92CEDCA7,18-24,Desktop,Afternoon,Sports,Medium,0.08575263594176637,0.21191684941985672,0.11491067404128905,77,email
CUST_D256D442,50+,Mobile,Evening,Beauty,Medium,0.07464657723832328,0.2747070552803151,0.22841493995375672,66,whatsapp
CUST_449FC798,18-24,Mobile,Night,Beauty,Low,0.14419466687202379,0.008230802505811497,0.16472855078565488,82,push
CUST_32B7B659,25-34,Mobile,Night,Beauty,Low,0.0,0.13160396217798073,0.0,85,whatsapp
CUST_FBEBE3B4,50+,Mobile,Night,Fashion,Low,0.017834916051057137,0.029616332763917397,0.15546645192459452,72,push
CUST_4C574128,18-24,Mobile,Evening,Sports,Low,0.0,0.10213338749835504,0.0,48,whatsapp
CUST_EA42A92D,35-50,Mobile,Afternoon,Beauty,Medium,0.03839114707368481,0.2778740027482143,0.091124716701032,41,whatsapp
CUST_51A7B9FE,25-34,Mobile,Evening,Books,Medium,0.1662285312872794,0.21094277815857043,0.12364397522571657,78,whatsapp
CUST_44A2C795,35-50,Desktop,Evening,Electronics,Medium,0.0,0.2670642905791469,0.0,20,email
CUST_FCBFFC24,35-50,Desktop,Morning,Beauty,Medium,0.08791319624930363,0.3071890217640625,0.2163727504828887,90,email
CUST_85EA6A71,35-50,Mobile,Morning,Electronics,Medium,0.16576860987610997,0.32770526193313987,0.19275099933428014,35,whatsapp
CUST_94D3E97B,25-34,Mobile,Morning,Sports,Medium,0.07600803750474579,0.17829699004685118,0.23944577089596025,28,push
CUST_5D50C84D,50+,Mobile,Night,Fashion,Medium,0.06444233999767539,0.28896002314427033,0.2662279075219943,59,whatsapp
CUST_5103D3C5,35-50,Mobile,Morning,Fashion,Low,0.0,0.0588620934429148,0.0,76,whatsapp
CUST_260D0C2F,25-34,Mobile,Evening,Gaming,Low,0.0,0.08556120888829777,0.0,82,whatsapp
CUST_47FE6E8D,18-24,Mobile,Afternoon,Beauty,Medium,0.08556252254946209,0.2721433875796457,0.10851852165716902,23,whatsapp
CUST_4248F272,25-34,Mobile,Evening,Gaming,Medium,0.0,0.3031889092510443,0.0,90,whatsapp
CUST_6D8BC63B,25-34,Mobile,Afternoon,Electronics,Medium,0.14997017960751144,0.3358537041604286,0.2916761052349522,59,whatsapp
CUST_559D568C,35-50,Mobile,Night,Electronics,Medium,0.19969161226868848,0.06855447266247401,0.20200613046771268,70,push
CUST_475F08DA,35-50,Mobile,Morning,Gaming,Low,0.0,0.12841812454933543,0.0,32,whatsapp
CUST_5D81D8F3,50+,Desktop,Night,Books,Low,0.0,0.17639417961463022,0.0,22,email
CUST_F25B8976,25-34,Desktop,Morning,Gaming,Low,0.0,0.17805532009413555,0.0,15,email
CUST_6E4B08DD,35-50,Mobile,Night,Beauty,Low,0.024519883365421324,0.07491421726351444,0.0618676789414275,19,whatsapp
CUST_7B8B4582,25-34,Mobile,Evening,Electronics,Low,0.0,0.018605220779589395,0.0,15,whatsapp
CUST_C8832EFB,25-34,Mobile,Afternoon,Books,Medium,0.0,0.3029250433347355,0.0,70,whatsapp
CUST_C4B680AE,35-50,Desktop,Night,Home & Garden,Medium,0.17629257342318683,0.37969715977163276,0.10002535403588259,38,email
CUST_0FE8CE86,50+,Mobile,Night,Books,Low,0.07694368325530268,0.07506951314510442,0.16508544010309148,59,push
CUST_119DD9F6,35-50,Mobile,Night,Fashion,Medium,0.04152487475927973,0.231631484000221,0.05177233754432626,38,whatsapp
CUST_4A5340F6,35-50,Desktop,Afternoon,Fashion,Medium,0.01961322763961848,0.20104750161810367,0.1085001688619802,44,email
CUST_1CE8F62B,25-34,Mobile,Evening,Beauty,Medium,0.06887927111102735,0.33547122713505195,0.06265495103573782,82,whatsapp
CUST_60543475,25-34,Mobile,Evening,Books,Medium,0.15397606510352732,0.36604354419799284,0.16972585024178863,45,whatsapp
CUST_508B3E12,25-34,Mobile,Night,Books,Medium,0.13675384383976283,0.3496125442611139,0.1954984659912336,69,whatsapp
CUST_64D813A5,25-34,Mobile,Evening,Sports,Medium,0.03666867492284711,0.24936783822627906,0.012125895145447962,64,whatsapp
CUST_EDC61F3F,35-50,Desktop,Afternoon,Books,Low,0.02848361557380992,0.15266574247646725,0.04004168649077012,74,email
CUST_A14EE256,25-34,Mobile,Evening,Home & Garden,Low,0.0,0.19202145381044697,0.0,31,whatsapp
CUST_B11FBE08,35-50,Mobile,Night,Beauty,Low,0.054856632083552764,0.1593721319475294,0.04056708597497608,34,whatsapp
CUST_DA071068,25-34,Mobile,Afternoon,Books,Low,0.08834750497071275,0.06744183322408781,0.12355689887178492,17,push
CUST_E2442033,25-34,Mobile,Afternoon,Beauty,Low,0.0,0.13822965989176472,0.0,80,whatsapp
CUST_F0F97E05,35-50,Mobile,Morning,Fashion,Medium,0.09055173754786149,0.2618897431130049,0.08984244525507758,12,whatsapp
CUST_3B2A0D43,25-34,Mobile,Night,Sports,Low,0.03172688275921676,0.03692334834250959,0.006211472364608617,48,whatsapp
CUST_E6593C6B,25-34,Mobile,Evening,Beauty,Low,0.0,0.15860577734653464,0.0,51,whatsapp
CUST_D730113B,50+,Mobile,Morning,Sports,Medium,0.0,0.2915619089224696,0.0,20,whatsapp
CUST_B2B8F92B,25-34,Mobile,Night,Sports,Medium,0.08061352512774839,0.39204438910209105,0.18797613938951407,75,whatsapp
CUST_99CA12C2,50+,Desktop,Morning,Books,Medium,0.020146722103037584,0.3020133839805516,0.0924467326876808,37,email
CUST_B7CA9F4F,50+,Mobile,Evening,Beauty,Medium,0.01775337075093153,0.3053654632104456,0.2699511991599382,34,whatsapp
CUST_DF7B584F,35-50,Desktop,Night,Electronics,Low,0.0,0.09655590346761889,0.0,39,email
CUST_864192A5,35-50,Mobile,Morning,Electronics,Low,0.0,0.08476109570864505,0.0,30,whatsapp
CUST_C2777272,25-34,Mobile,Evening,Home & Garden,Low,0.0,0.19849522543588224,0.0,20,whatsapp
CUST_C39706E3,35-50,Mobile,Night,Beauty,Low,0.03247240029652603,0.06959019324337219,0.11420055314281925,13,push
CUST_E429E2BF,35-50,Mobile,Evening,Electronics,Medium,0.0,0.31667645307515185,0.0,39,whatsapp
CUST_EE5F32C6,35-50,Desktop,Night,Books,Low,0.15401764077580646,0.0629474800144683,0.09111563287798125,68,email
CUST_B8585C55,25-34,Mobile,Morning,Books,Low,0.0,0.06304042233159249,0.0,37,whatsapp
CUST_9C908B7E,35-50,Mobile,Evening,Fashion,Medium,0.07832263724237823,0.3390445859868774,0.2046638691146584,29,whatsapp
CUST_E05A6E55,35-50,Mobile,Night,Books,Low,0.0,0.07494869226543961,0.0,15,whatsapp
CUST_1F1F606A,50+,Mobile,Afternoon,Sports,Medium,0.14810375475170506,0.24423594116244948,0.29557678228086026,62,push
CUST_DB91EDA3,25-34,Mobile,Night,Home & Garden,Medium,0.0930577868752913,0.26367488410348344,0.22726126621806375,35,whatsapp
CUST_D26D51EE,25-34,Mobile,Evening,Gaming,Medium,0.00624935887578757,0.008587658776173202,0.27400632546854026,81,push
CUST_0E935651,35-50,Mobile,Afternoon,Books,Medium,0.1491382766472214,0.2675681848062119,0.0847024136062451,76,whatsapp
CUST_72429935,25-34,Mobile,Evening,Fashion,Medium,0.01710152350108716,0.2432977133910071,0.21432339908724385,35,whatsapp
CUST_FD6AAD0E,35-50,Desktop,Afternoon,Beauty,Medium,0.0348761615942613,0.2071922642669581,0.23355112771863246,16,email
CUST_7A378EA4,18-24,Mobile,Night,Gaming,Medium,0.07768959712757523,0.27839297308765915,0.08782638793525412,42,whatsapp
CUST_5F0AAC03,25-34,Mobile,Morning,Sports,Low,0.0,0.07341345655621256,0.0,48,whatsapp
CUST_4EAC5F1B,25-34,Mobile,Afternoon,Beauty,Low,0.16964013304475759,0.19239703922910034,0.10427193968889321,58,whatsapp
CUST_B3CF4A1B,25-34,Mobile,Night,Books,Medium,0.04926763811083845,0.21613166116941832,0.2677321476677883,67,push
CUST_956AC9C3,25-34,Mobile,Morning,Home & Garden,Low,0.01724886532881642,0.07813849059811946,0.14146222032338188,45,push
CUST_3EB938AC,50+,Mobile,Afternoon,Sports,Medium,0.0,0.20998994304065255,0.0,26,whatsapp
CUST_0ECEFA24,25-34,Desktop,Night,Home & Garden,Low,0.1961774567783778,0.14088385583223215,0.15672206632139207,22,email
CUST_3BDB194B,50+,Mobile,Morning,Books,Low,0.0,0.05453064453325776,0.0,54,whatsapp
CUST_EA57BACB,35-50,Mobile,Morning,Sports,Medium,0.03375114616410337,0.2128313844177917,0.15341530009164428,49,whatsapp
CUST_DB672D6E,25-34,Mobile,Morning,Beauty,Low,0.0,0.18223348567629627,0.0,72,whatsapp
CUST_73610D47,25-34,Mobile,Evening,Home & Garden,Medium,0.052377525595768096,0.34039924140967004,0.052589873668580644,88,whatsapp
CUST_43287017,35-50,Mobile,Morning,Home & Garden,Medium,0.07215393815996406,0.26407060063044374,0.24056428082615344,76,whatsapp
CUST_D06526D8,50+,Mobile,Afternoon,Fashion,Medium,0.13313785559835886,0.22732298053874744,0.14218459726449992,48,whatsapp
CUST_D314B9C7,35-50,Mobile,Afternoon,Books,Medium,0.05650043909532372,0.3714884418145463,0.2868922925134873,10,whatsapp
CUST_C5234514,35-50,Mobile,Evening,Books,Medium,0.18445896593591754,0.32772627117891046,0.2803474321882921,69,whatsapp
CUST_06321A44,50+,Mobile,Afternoon,Electronics,Medium,0.010474930106172531,0.03647645367175425,0.29185610245701776,46,push
CUST_C9697997,25-34,Desktop,Afternoon,Beauty,Low,0.15587741600548682,0.16755756579604794,0.027803994675672815,70,email
CUST_33540ED1,35-50,Mobile,Afternoon,Electronics,Medium,0.0,0.35338808044279196,0.0,49,whatsapp
CUST_9674EE56,25-34,Mobile,Evening,Gaming,Medium,0.15883127238244932,0.030817363807952393,0.25833767160870963,53,push
CUST_55273BA1,25-34,Mobile,Night,Home & Garden,Low,0.0,0.03437960511803562,0.0,51,whatsapp
CUST_2DAEC16A,25-34,Mobile,Night,Gaming,Medium,0.16177927423926164,0.10428949163241251,0.2507985173586657,80,push
CUST_B87AF05C,35-50,Mobile,Afternoon,Electronics,Medium,0.04151408256068543,0.3398307832418396,0.22210998583600125,50,whatsapp
CUST_C5612976,18-24,Mobile,Morning,Gaming,Medium,0.05000088324903314,0.20978232819275436,0.21942285887240168,38,push
CUST_72CBC3FF,18-24,Mobile,Evening,Home & Garden,Medium,0.06615299773618077,0.23097444648921234,0.17511125857229703,53,whatsapp
CUST_0F909074,25-34,Mobile,Afternoon,Fashion,Medium,0.0,0.2989505150043152,0.0,71,whatsapp
CUST_E15D1603,25-34,Mobile,Evening,Books,Medium,0.018289021905025283,0.3993443673731815,0.08456171879501452,19,whatsapp
CUST_328B8A58,25-34,Desktop,Night,Fashion,Low,0.11175492707421258,0.06640505348397784,0.06071038703073197,90,email
CUST_AE9B8C22,25-34,Mobile,Evening,Sports,Medium,0.18021377525929994,0.22886228607348863,0.19294101928335705,76,whatsapp
CUST_3734FEC0,18-24,Mobile,Afternoon,Beauty,Low,0.19540227928050452,0.18449739955284597,0.05642068342398568,73,whatsapp
CUST_7BB9CFB8,35-50,Mobile,Evening,Electronics,Low,0.046759694751481874,0.16915051087914637,0.09576883148133698,40,whatsapp
CUST_ADAD237D,35-50,Desktop,Night,Gaming,Low,0.14350791395715654,0.012533932041085771,0.057793385003694506,80,email
CUST_972B2DD0,35-50,Mobile,Evening,Electronics,Low,0.14020791055785137,0.17879084317315064,0.15716035341613743,42,whatsapp
CUST_12AF5997,50+,Mobile,Evening,Fashion,Medium,0.09674217682913065,0.22574213231854015,0.09315612186050516,11,whatsapp
CUST_18AAD8FB,35-50,Mobile,Afternoon,Home & Garden,Medium,0.0,0.29832901528066713,0.0,32,whatsapp
CUST_3E5FC064,25-34,Mobile,Night,Gaming,Medium,0.148084662612999,0.3220640343185401,0.003980734540381048,21,whatsapp
CUST_75BA66A5,50+,Mobile,Evening,Beauty,Medium,0.17618737925078387,0.07153910367687591,0.26183161758745466,39,push
CUST_0276CE0E,25-34,Mobile,Morning,Beauty,Medium,0.02180553643732639,0.29893397187499876,0.015249887116093229,61,whatsapp
CUST_EFAE7945,25-34,Mobile,Afternoon,Sports,Low,0.07326549074765552,0.15343178164108773,0.1912435649305273,33,push
CUST_58BF3EB3,50+,Desktop,Night,Fashion,Low,0.1627301523564345,0.11233284121151353,0.14357498482150322,30,email
CUST_791BE7DD,25-34,Mobile,Evening,Books,Medium,0.0,0.22922292391730192,0.0,13,whatsapp
CUST_43FE3394,35-50,Desktop,Afternoon,Books,Medium,0.1983839749709052,0.14791616660111134,0.29374439653770473,46,email
CUST_8DFFB2CE,35-50,Desktop,Evening,Gaming,Low,0.1625615177304733,0.0829531747014979,0.18936052836849698,61,email
CUST_63715C65,18-24,Mobile,Morning,Gaming,Low,0.16510939509666678,0.1678575335493113,0.1659336913363021,87,whatsapp
CUST_9D10986B,25-34,Mobile,Afternoon,Gaming,Medium,0.0,0.24952646714676419,0.0,54,whatsapp
CUST_AE7296E8,50+,Mobile,Evening,Books,Medium,0.1511140825775226,0.39793317483336366,0.072979398888007,80,whatsapp
CUST_F5094D5F,25-34,Mobile,Afternoon,Home & Garden,Medium,0.025966088649047148,0.3276093528154693,0.24368081305772887,41,whatsapp
CUST_55E21CDC,50+,Desktop,Evening,Sports,Low,0.14068485300947028,0.085123249647163,0.12351015605434723,59,email
CUST_8AE530FA,35-50,Mobile,Evening,Sports,Medium,0.11611568553814025,0.09788146780288201,0.2882903791561069,57,push
CUST_C7AF7E68,25-34,Mobile,Afternoon,Gaming,Low,0.0,0.11694642818647756,0.0,48,whatsapp
CUST_A4B5E952,35-50,Desktop,Evening,Home & Garden,Medium,0.026317994776416633,0.153172281201753,0.2432663018845176,28,email
CUST_F9C12A90,18-24,Mobile,Afternoon,Sports,Medium,0.06900207777720228,0.2184673590268459,0.045987182128157764,64,whatsapp
CUST_6D34DCA7,25-34,Mobile,Night,Electronics,Medium,0.1601008637509972,0.08505250214979454,0.212251307529728,55,push
CUST_F8398755,35-50,Mobile,Night,Beauty,Medium,0.13052003482205574,0.23390797793482748,0.05681340189045131,56,whatsapp
CUST_D351A539,35-50,Mobile,Afternoon,Gaming,Low,0.006351460260576914,0.16963970002484913,0.19333530029253645,36,push
CUST_956F4391,18-24,Mobile,Night,Sports,Medium,0.05482560540046127,0.144230894877821,0.2976235733919636,70,push
CUST_0AA057F5,25-34,Desktop,Night,Electronics,Medium,0.18966131374707723,0.36838008565507296,0.2210617943236691,54,email
CUST_8D6439E0,25-34,Mobile,Afternoon,Fashion,Medium,0.04286742579575853,0.2736262257404679,0.20627337509095678,71,whatsapp
CUST_302CEB79,25-34,Mobile,Morning,Beauty,Medium,0.08580130753145708,0.22244532913789566,0.2553281973432646,19,push
CUST_538A7176,35-50,Mobile,Evening,Electronics,Medium,0.19883346700113735,0.20140865456817672,0.2553823696391684,19,push
CUST_7D42AE80,25-34,Mobile,Night,Sports,Medium,0.09484955232526222,0.2317940442368488,0.19144886527360463,28,whatsapp
CUST_A32303A8,35-50,Mobile,Night,Fashion,Medium,0.06223667703800358,0.3488286204185051,0.22731592763051053,52,whatsapp
CUST_711EDC8E,35-50,Mobile,Morning,Books,Medium,0.0,0.2594024600746398,0.0,63,whatsapp
CUST_1AFE374A,25-34,Mobile,Night,Fashion,Medium,0.0,0.3993585968071487,0.0,49,whatsapp
CUST_66D6E841,35-50,Mobile,Evening,Sports,Medium,0.09737203703237524,0.25454219330418426,0.10175124236280085,20,whatsapp
CUST_94271BA7,18-24,Mobile,Night,Gaming,Low,0.13642784236491065,0.16776958095704309,0.014728620841887696,75,whatsapp
CUST_24C24DF0,18-24,Mobile,Night,Beauty,Low,0.10577177504047502,0.045663460074897966,0.010712014114361379,26,whatsapp
CUST_D9AFADA6,25-34,Desktop,Night,Fashion,Medium,0.1783970128350463,0.01865841727091131,0.25704963047001794,31,email
CUST_7DABD08A,18-24,Mobile,Night,Gaming,Medium,0.01158924307490552,0.2932552777780772,0.17037568867766137,66,whatsapp
CUST_0B2DF13F,35-50,Mobile,Morning,Gaming,Low,0.0,0.008480030844434562,0.0,29,whatsapp
CUST_B231E916,35-50,Mobile,Morning,Sports,Medium,0.1372349559692255,0.2534288530398891,0.2880909639848537,32,push
CUST_2307D46C,50+,Mobile,Night,Sports,Medium,0.002888976405491617,0.3106585565277344,0.07078284798282564,67,whatsapp
CUST_9F6558FE,25-34,Mobile,Afternoon,Home & Garden,Medium,0.02830753747251258,0.015478723282286166,0.23337980940812553,29,push
CUST_EEF7C6CD,18-24,Mobile,Afternoon,Books,Medium,0.11932552598737266,0.3845083711473707,0.07825836306486017,84,whatsapp
CUST_A28972F7,35-50,Desktop,Night,Home & Garden,Low,0.1729346014620603,0.021973610034817483,0.10633920297603205,31,email
CUST_71D368F0,35-50,Mobile,Morning,Gaming,Medium,0.0,0.32337338992422593,0.0,59,whatsapp
CUST_8E801C1B,35-50,Mobile,Afternoon,Sports,Medium,0.09680809018539255,0.3638723261235018,0.2689188583018739,79,whatsapp
CUST_0AC726CC,25-34,Desktop,Night,Electronics,Medium,0.11186873311413835,0.36084326387974786,0.08764575790866637,38,email
CUST_7852DBC9,50+,Mobile,Night,Books,Medium,0.049418943645117966,0.3373668449474587,0.0626098828285716,24,whatsapp
CUST_07EA8A74,18-24,Mobile,Afternoon,Sports,Medium,0.09709893446124938,0.30257968312092803,0.013172650421411525,67,whatsapp
CUST_BF9F3367,25-34,Desktop,Afternoon,Fashion,Medium,0.07538234033815759,0.311067013187713,0.005388428439254867,80,email
CUST_F3E2D497,25-34,Mobile,Evening,Fashion,Medium,0.050399744677699365,0.28453234882563005,0.27308901532692653,22,whatsapp
CUST_1A361C57,18-24,Mobile,Evening,Books,Medium,0.09757405477568677,0.03671495884217677,0.2855815418656613,39,push
CUST_F3F8E500,35-50,Mobile,Morning,Beauty,Medium,0.11341661171757288,0.26206422825242737,0.08057352494395101,29,whatsapp
CUST_5B263543,35-50,Desktop,Night,Gaming,Medium,0.18394820201316509,0.29860761604024616,0.13520761557289832,21,email
CUST_EFB1E232,25-34,Mobile,Evening,Fashion,Medium,0.0,0.33929337878076093,0.0,32,whatsapp
CUST_586B166F,25-34,Desktop,Afternoon,Fashion,Medium,0.11601237928203523,0.21494145025514785,0.01061145250640122,21,email
CUST_46A3E974,25-34,Desktop,Evening,Beauty,Medium,0.0,0.25289723562132144,0.0,26,email
CUST_4263EE0F,25-34,Mobile,Afternoon,Sports,Medium,0.06938765601341693,0.13593700356991945,0.2943431236849482,43,push
CUST_0799698D,35-50,Mobile,Night,Beauty,Medium,0.09742441550953987,0.33777904030061684,0.28930307554556645,14,whatsapp
CUST_C4813074,25-34,Mobile,Night,Electronics,Medium,0.055808561653419256,0.1669713228893277,0.221506370717444,67,push
CUST_D0D6BA71,35-50,Desktop,Night,Books,Low,0.027158719373359497,0.05132940851123729,0.12344469410902814,54,email
CUST_EE839A5D,50+,Mobile,Night,Gaming,Low,0.04139233367487121,0.10358237214106421,0.025166990039755508,17,whatsapp
CUST_325501F0,25-34,Desktop,Morning,Beauty,Low,0.009120866847687337,0.003060662542692194,0.006427517763821222,77,email
CUST_71520E60,35-50,Mobile,Afternoon,Sports,Medium,0.10991791564913096,0.3569561595431461,0.2858457864954349,75,whatsapp
CUST_462E7A2E,35-50,Mobile,Morning,Home & Garden,Low,0.0,0.002766627399493782,0.0,79,whatsapp
CUST_4DC33C38,25-34,Mobile,Afternoon,Fashion,Low,0.02016734693993205,0.0971286415420408,0.14510434972289288,80,push
CUST_C640B75F,50+,Mobile,Morning,Books,Low,0.018033148629076345,0.16190461064674422,0.034661959452730186,29,whatsapp
CUST_CF937353,35-50,Mobile,Night,Home & Garden,Low,0.05076449487435728,0.02674439465437142,0.05222514647178458,46,push
CUST_642E3418,25-34,Mobile,Night,Sports,Medium,0.0,0.2266337855893181,0.0,77,whatsapp
CUST_84C827DA,35-50,Mobile,Evening,Electronics,Medium,0.16203902961640967,0.02238280650304039,0.25795345441810696,80,push
CUST_05D41BA4,35-50,Mobile,Evening,Fashion,Medium,0.0,0.3855366038921574,0.0,86,whatsapp
CUST_5DF7BE8B,50+,Mobile,Afternoon,Gaming,Medium,0.0,0.29984983911711416,0.0,30,whatsapp
CUST_9919FCF3,25-34,Desktop,Night,Fashion,Low,0.15227475262388213,0.033507896900192645,0.0363224096792838,60,email
CUST_EDAA98F7,35-50,Desktop,Afternoon,Electronics,Medium,0.0,0.21053122098850574,0.0,44,email
CUST_7C08061C,25-34,Mobile,Evening,Sports,Low,0.007014088399101204,0.13922361128475721,0.1602829679567018,17,push
CUST_00BB6298,50+,Mobile,Evening,Home & Garden,Medium,0.07910928339241186,0.20642548045645343,0.13003768339327115,22,whatsapp
CUST_053AECF7,35-50,Mobile,Evening,Home & Garden,Medium,0.12244800762935147,0.26413017470406513,0.22095547840112303,23,whatsapp
CUST_05128E95,25-34,Desktop,Night,Beauty,Low,0.16864133760772182,0.0161799323344213,0.05732788572346929,57,email
CUST_8E117EE4,25-34,Mobile,Afternoon,Home & Garden,Low,0.044428706187183066,0.0658760832173975,0.18777610270334666,73,push
CUST_6829755F,25-34,Mobile,Afternoon,Beauty,Medium,0.019266351300483067,0.04626732197591728,0.25509612857491004,53,push
CUST_AFA4D7A5,35-50,Mobile,Morning,Beauty,Medium,0.16401854885616754,0.29348542085119095,0.28954053504890664,70,whatsapp
CUST_84D63496,25-34,Mobile,Morning,Home & Garden,Medium,0.09898312227518045,0.30677073604077604,0.09692997908928572,26,whatsapp
CUST_F665114F,25-34,Mobile,Morning,Sports,Low,0.16182945990558362,0.17046232460435273,0.01853779679094686,84,whatsapp
CUST_DA68F69F,35-50,Mobile,Night,Books,Low,0.006404494247719295,0.15062085432085504,0.10382810643376611,12,whatsapp
CUST_B0CBB472,50+,Mobile,Afternoon,Electronics,Medium,0.17880349605693258,0.3339928418170599,0.01840346199240822,88,whatsapp
CUST_D9E59906,25-34,Mobile,Evening,Sports,Low,0.0,0.10261149355730655,0.0,50,whatsapp
CUST_22C9C586,50+,Mobile,Evening,Electronics,Medium,0.07824093533861978,0.20575187917733256,0.17195755475004534,84,whatsapp
CUST_A434A37C,18-24,Mobile,Evening,Sports,Medium,0.0,0.32854563375304763,0.0,13,whatsapp
CUST_B726856D,35-50,Mobile,Afternoon,Books,Medium,0.19771874008692236,0.0469099727611781,0.24814012326580615,26,push
CUST_FCBBAB0E,25-34,Mobile,Morning,Fashion,Medium,0.0,0.3464221312144354,0.0,38,whatsapp
CUST_2463F2C4,25-34,Mobile,Morning,Sports,Low,0.005364487630462134,0.009951934925805884,0.026028065219326924,28,push
CUST_7A80472F,35-50,Desktop,Morning,Beauty,Medium,0.011682458755874437,0.22470229187363602,0.14915411672076137,55,email
CUST_E227EA55,25-34,Desktop,Evening,Electronics,Medium,0.016881743253447046,0.29778483479705214,0.1862484226507292,20,email
CUST_500B2D9A,35-50,Mobile,Night,Fashion,Medium,0.0,0.2069681632285273,0.0,63,whatsapp
CUST_D568E62C,18-24,Mobile,Night,Home & Garden,Medium,0.0,0.37764586335545,0.0,46,whatsapp
CUST_B2C5D3F0,35-50,Mobile,Evening,Home & Garden,Medium,0.13225440681111555,0.03446512021970634,0.21053882957811434,57,push
CUST_4F6B0EF5,25-34,Desktop,Morning,Fashion,Medium,0.056420398266755094,0.2444292174840053,0.1561047545692741,63,email
CUST_30EC8970,25-34,Mobile,Evening,Sports,Medium,0.17874906490348264,0.25403442093141154,0.2468157569297675,88,whatsapp
CUST_9D087A5B,35-50,Mobile,Evening,Beauty,Medium,0.021499380640996102,0.19514750745949327,0.27069632424773044,19,push
CUST_A677100E,50+,Mobile,Evening,Beauty,Low,0.013450962830786395,0.10932850826907199,0.04943628746472501,67,whatsapp
CUST_23EFB197,35-50,Desktop,Night,Sports,Low,0.19344871982916576,0.08007192384735684,0.15982887172881602,17,email
CUST_7C7B002A,25-34,Mobile,Night,Fashion,Medium,0.03212810449658001,0.33839516598442143,0.2662179982426983,20,whatsapp
CUST_50E42BD9,25-34,Mobile,Night,Gaming,Medium,0.007947449771945636,0.2794935693028653,0.05823498327439784,69,whatsapp
CUST_4B21C776,35-50,Mobile,Evening,Gaming,Medium,0.0,0.21270498094792237,0.0,45,whatsapp
CUST_23EEA7C2,35-50,Desktop,Morning,Beauty,Low,0.14546233779427742,0.07617902668766008,0.09498858966945654,39,email
CUST_B215D3CB,18-24,Mobile,Night,Home & Garden,Medium,0.1229582829601703,0.3236107875076666,0.08083827565923181,29,whatsapp
CUST_9717D202,35-50,Mobile,Morning,Gaming,Medium,0.08185635593646533,0.35159838957477285,0.17685705680058947,74,whatsapp
CUST_8A4D9CAB,35-50,Mobile,Morning,Electronics,Medium,0.08154290543192087,0.3985999345792272,0.0013653393253731827,81,whatsapp
CUST_0CFCD5D5,35-50,Mobile,Morning,Fashion,Medium,0.08547869430161,0.32159184816626973,0.158392157669561,83,whatsapp
CUST_3B0022BB,35-50,Mobile,Evening,Gaming,Medium,0.06018065865581057,0.32418453689511173,0.041693404819748245,35,whatsapp
CUST_C1330647,50+,Mobile,Afternoon,Fashion,Low,0.0,0.0019780278071893863,0.0,38,whatsapp
CUST_DD504038,35-50,Desktop,Afternoon,Electronics,Low,0.07328590077396727,0.05000707793796005,0.05989679413916683,70,email
CUST_BB8935C0,25-34,Mobile,Morning,Electronics,Low,0.09011749293472818,0.1411861349256019,0.06062475812892954,75,whatsapp
CUST_CF602B04,25-34,Desktop,Night,Sports,Medium,0.10748782246853782,0.169901625153148,0.29869616510332636,23,email
CUST_5E0BB013,18-24,Mobile,Evening,Beauty,Medium,0.18776196481079815,0.31756411875565954,0.2525409357388323,65,whatsapp
CUST_D26CE20B,35-50,Mobile,Afternoon,Books,Medium,0.0,0.29121855684138026,0.0,42,whatsapp
CUST_66F3F64C,25-34,Mobile,Afternoon,Home & Garden,Medium,0.19250335235824895,0.18239520430174966,0.27088383043892417,27,push
CUST_595A074D,25-34,Mobile,Afternoon,Books,Low,0.0,0.1110818411781759,0.0,14,whatsapp
CUST_B6F8C9F4,25-34,Mobile,Night,Sports,Medium,0.09546561084183479,0.23651731946980267,0.06961764834883502,88,whatsapp
CUST_04E1682F,50+,Mobile,Morning,Sports,Medium,0.19851979822378196,0.39691759883376676,0.20364460519151661,61,whatsapp
CUST_FC1DFA58,25-34,Mobile,Morning,Beauty,Low,0.0,0.10211263257007386,0.0,45,whatsapp
CUST_61784551,35-50,Desktop,Afternoon,Sports,Low,0.14850390813962833,0.0226016672612023,0.10862590283117285,65,email
CUST_6452BA91,25-34,Mobile,Night,Sports,Low,0.14513320900651103,0.17509055044418398,0.09652325655621086,61,whatsapp
CUST_B5EFCFD7,25-34,Mobile,Morning,Gaming,Low,0.0,0.0019392701627139798,0.0,39,whatsapp
CUST_78779B3F,25-34,Mobile,Morning,Electronics,Medium,0.10572416519801163,0.10063570399794695,0.2556009130799626,22,push
CUST_E765F27D,25-34,Desktop,Evening,Beauty,Low,0.18016753819630849,0.13611401092595085,0.14506365072536528,85,email
CUST_DB6903B7,50+,Mobile,Night,Books,Medium,0.0,0.33715363453426184,0.0,82,whatsapp
CUST_CC615E9C,25-34,Mobile,Morning,Beauty,Low,0.11772663557879481,0.15949882656114533,0.07900281824686396,41,whatsapp
CUST_6CC2B6D5,35-50,Desktop,Evening,Sports,Medium,0.00799669303701136,0.3783348903310681,0.015334532200299865,76,email
CUST_E1363176,25-34,Desktop,Night,Fashion,Medium,0.12945469699396758,0.38016738429900904,0.013463984701748909,44,email
CUST_732199DC,25-34,Mobile,Afternoon,Gaming,Medium,0.16702434775125238,0.292887532330981,0.16871332398931832,79,whatsapp
CUST_8BE239CA,25-34,Mobile,Morning,Sports,Medium,0.06761944422187345,0.3507319856706694,0.08129452092274154,53,whatsapp
CUST_FCFD3350,25-34,Desktop,Morning,Books,Medium,0.03352280691440044,0.16355958537362403,0.26766116251052785,65,email
CUST_3187E3F9,35-50,Mobile,Morning,Sports,Medium,0.00016101423610739298,0.312528602225141,0.2359341394180564,19,whatsapp
CUST_8BF8807D,35-50,Desktop,Morning,Gaming,Low,0.1186810677229572,0.07208489794866431,0.023574132999615183,23,email
CUST_813B4C1D,35-50,Mobile,Morning,Fashion,Low,0.0,0.16905164400980924,0.0,49,whatsapp
CUST_3A24199B,25-34,Mobile,Evening,Electronics,Medium,0.04215010572638647,0.1307760309407159,0.29573084336079036,79,push
CUST_4DE3D4BE,50+,Mobile,Night,Beauty,Medium,0.0,0.2191365717832103,0.0,35,whatsapp
CUST_67D19DA2,25-34,Mobile,Afternoon,Electronics,Medium,0.040146914246454335,0.1775293889556455,0.228088754188196,65,push
CUST_A72EF9E3,25-34,Desktop,Morning,Books,Low,0.1834840623799474,0.15614955245174167,0.15457443112375271,80,email
CUST_5E96CE43,18-24,Desktop,Morning,Books,Medium,0.0,0.29209024790957716,0.0,63,email
CUST_D665C471,35-50,Mobile,Evening,Gaming,Medium,0.10023368841920276,0.321762665133833,0.07780294631230938,87,whatsapp
CUST_4726940D,18-24,Mobile,Morning,Sports,Low,0.1517661164365734,0.1584299191575881,0.106507602958003,78,whatsapp
CUST_05774682,18-24,Desktop,Morning,Fashion,Low,0.08894414614352403,0.020330215458016544,0.12461873224340579,72,email
CUST_E297E034,25-34,Mobile,Morning,Books,Low,0.02191737262871356,0.14457656776749298,0.0339344897690935,63,whatsapp
CUST_76F2413B,50+,Mobile,Evening,Gaming,Medium,0.0,0.2911251154088596,0.0,24,whatsapp
CUST_58844B20,25-34,Mobile,Afternoon,Fashion,Medium,0.0,0.3848916822273112,0.0,79,whatsapp
CUST_8C946A45,35-50,Mobile,Afternoon,Sports,Medium,0.09312253855094717,0.284442247292409,0.24760095750788172,75,whatsapp
CUST_A1319669,25-34,Mobile,Afternoon,Sports,Medium,0.0,0.35717770035543966,0.0,47,whatsapp
CUST_DAF217DC,35-50,Desktop,Evening,Gaming,Low,0.1727196960069328,0.0681181006408524,0.03634664249142663,50,email
CUST_5BF19433,25-34,Mobile,Morning,Books,Low,0.0,0.0205085168314894,0.0,71,whatsapp
CUST_65AAD139,35-50,Mobile,Afternoon,Home & Garden,Medium,0.17738817131633672,0.302394177398398,0.016749382669735944,68,whatsapp
CUST_E7CCC8F3,35-50,Desktop,Night,Electronics,Medium,0.06293822163431846,0.2865683318455052,0.07413745286268032,51,email
CUST_6F69CD23,25-34,Mobile,Evening,Beauty,Medium,0.11504824775515524,0.21830995827412428,0.2170390335960893,87,whatsapp
CUST_6BB19DF4,25-34,Mobile,Afternoon,Beauty,Medium,0.1126855530881789,0.22310675786086495,0.113942728583516,85,whatsapp
CUST_DB9A335D,35-50,Mobile,Morning,Sports,Low,0.04359556444561259,0.051571447856108676,0.020908579409887683,60,whatsapp
CUST_F70CEE46,50+,Desktop,Morning,Beauty,Medium,0.0,0.3735393350599032,0.0,33,email
CUST_FEC88168,18-24,Mobile,Morning,Books,Low,0.0,0.09902747149884741,0.0,26,whatsapp
CUST_3D41A73A,35-50,Mobile,Morning,Home & Garden,Low,0.14152543550406388,0.17070196795855774,0.060959181728557105,29,whatsapp
CUST_D34AB1F8,35-50,Desktop,Morning,Sports,Low,0.16921353442815593,0.14354875463381075,0.1140565375625587,80,email
CUST_DE1FEA94,35-50,Mobile,Morning,Sports,Medium,0.0,0.37562623573982523,0.0,61,whatsapp
CUST_D8629B7D,35-50,Mobile,Morning,Home & Garden,Medium,0.17606767435853043,0.2611353355358687,0.11992573711059427,41,whatsapp
CUST_394BBCE4,35-50,Mobile,Evening,Gaming,Medium,0.14129347735453382,0.13756092770727565,0.24454123521624638,86,push
CUST_E7346EB8,25-34,Desktop,Evening,Beauty,Low,0.0,0.18021791463178563,0.0,90,email
CUST_9D8D3CB7,35-50,Mobile,Night,Fashion,Low,0.05695951365102168,0.08297615584324847,0.061954002225100696,77,whatsapp
CUST_EE577E68,50+,Desktop,Morning,Fashion,Low,0.07821050899536108,0.01604723057266382,0.06478219875275096,81,email
CUST_4F08C7E1,35-50,Mobile,Evening,Electronics,Medium,0.0,0.2604996631787348,0.0,49,whatsapp
CUST_6EE4FF22,25-34,Mobile,Night,Books,Medium,0.19835895259761235,0.2998201035607884,0.21549438586474426,79,whatsapp
CUST_0D24552E,25-34,Mobile,Evening,Fashion,Medium,0.0,0.28105425737728357,0.0,53,whatsapp
CUST_2FD10D2E,18-24,Mobile,Afternoon,Gaming,Medium,0.05132966981914438,0.3061015514391576,0.06158710906091522,52,whatsapp
CUST_35E4EBEE,35-50,Mobile,Afternoon,Home & Garden,Low,0.09509834254686772,0.1707216664475757,0.1734044300966699,39,push
CUST_019A65F6,50+,Desktop,Evening,Electronics,Low,0.09879673274832389,0.05732569300186166,0.03176284442048411,54,email
CUST_27CCC870,35-50,Mobile,Afternoon,Electronics,Medium,0.16076862830950983,0.31521617075571573,0.148356182565869,38,whatsapp
CUST_560A375E,35-50,Mobile,Morning,Fashion,Low,0.0,0.19914194806022253,0.0,79,whatsapp
CUST_E8306052,50+,Mobile,Morning,Beauty,Low,0.03261985119305493,0.1640717633667167,0.16905603213813436,11,push
CUST_40C1C35F,25-34,Desktop,Afternoon,Fashion,Medium,0.1843015104331115,0.14437621566546302,0.2576385925592544,86,email
CUST_4973FEA9,25-34,Mobile,Afternoon,Books,Medium,0.03939854197573056,0.37970404071729386,0.12329966732439124,60,whatsapp
CUST_19632405,50+,Mobile,Afternoon,Books,Medium,0.10212060720506329,0.21113811109646896,0.12553554389123078,25,whatsapp
CUST_29F2B405,35-50,Mobile,Afternoon,Sports,Low,0.0,0.026147764123404738,0.0,84,whatsapp
CUST_1DC6721B,50+,Mobile,Afternoon,Books,Medium,0.19157384310505232,0.25586908316844414,0.15748273102750288,54,whatsapp
CUST_635C9A61,35-50,Mobile,Afternoon,Fashion,Low,0.08652105534791649,0.07318660171284007,0.12390797317271773,30,push
CUST_F0626251,35-50,Desktop,Morning,Sports,Low,0.0402154729253857,0.06050871074983322,0.12173182476431556,42,email
CUST_A046FDBD,35-50,Mobile,Afternoon,Electronics,Low,0.0,0.1111376548455208,0.0,82,whatsapp
CUST_2CD14C35,35-50,Mobile,Night,Electronics,Medium,0.104178016606474,0.34925987568492434,0.2670305973169756,90,whatsapp
CUST_C9FDE206,25-34,Mobile,Morning,Beauty,Low,0.058369073816632346,0.16954504943970103,0.17970656453618072,63,push
CUST_AFFDA14D,25-34,Mobile,Evening,Beauty,Medium,0.19966889420397127,0.29626441592715275,0.06250329706566889,15,whatsapp
CUST_DDD5D12B,25-34,Mobile,Night,Home & Garden,Medium,0.06844462763841204,0.1633216384250464,0.2641411569054134,90,push
CUST_F080180D,25-34,Mobile,Afternoon,Sports,Medium,0.022770822095884546,0.23963289225005124,0.1040458112877256,49,whatsapp
CUST_3AFE3828,35-50,Mobile,Night,Sports,Low,0.0,0.05039378175852463,0.0,28,whatsapp
CUST_E82A5B06,25-34,Mobile,Night,Beauty,Medium,0.19176038695850217,0.2514473823588431,0.20803682936278836,46,whatsapp
CUST_9755D509,50+,Mobile,Morning,Gaming,Medium,0.19294183827392214,0.24203533973485591,0.128170016923633,68,whatsapp
CUST_B6244435,25-34,Desktop,Night,Home & Garden,Low,0.18727617132530128,0.10313349921859404,0.08364979516433338,22,email
CUST_B1EB07F1,35-50,Desktop,Afternoon,Gaming,Low,0.15433193796353553,0.12907323854984423,0.07930656756406321,55,email
CUST_81413439,35-50,Desktop,Morning,Gaming,Low,0.15043221556074557,0.11305635613553,0.11890498331151134,73,email
CUST_EF7187EF,50+,Mobile,Afternoon,Sports,Medium,0.05230991882471867,0.3291891927145555,0.10081158651222524,49,whatsapp
CUST_52E25B39,35-50,Mobile,Evening,Home & Garden,Medium,0.1687886923970476,0.17437204756313865,0.25336774460561,12,push
CUST_3901D123,25-34,Desktop,Evening,Electronics,Medium,0.1735814462463128,0.3032169222854965,0.012329165223725602,43,email
CUST_607B58AC,25-34,Mobile,Night,Sports,Medium,0.014040476689731208,0.3856395721922846,0.048874664275553266,67,whatsapp
CUST_7E9EF41D,18-24,Mobile,Night,Home & Garden,Medium,0.1682809064525978,0.17587265282408762,0.29970852493095396,16,push
CUST_FCE6B254,50+,Mobile,Morning,Sports,Medium,0.18947205145414792,0.2786586025445111,0.1507106878027963,64,whatsapp
CUST_3FC6B029,35-50,Desktop,Afternoon,Home & Garden,Medium,0.023886076417720337,0.272852414729799,0.019814741619654696,37,email
CUST_6B3B55D4,25-34,Mobile,Evening,Books,Medium,0.15878877771192196,0.042169774138453645,0.29795143354693604,29,push
CUST_0D9C3C6D,25-34,Mobile,Morning,Gaming,Medium,0.0,0.2604381865988079,0.0,45,whatsapp
CUST_EAD51975,25-34,Mobile,Night,Gaming,Medium,0.06106384061238741,0.16793777211193608,0.20272794929543816,35,push
CUST_6401C024,18-24,Mobile,Morning,Books,Medium,0.09776490929301318,0.23730632816048802,0.28177324668487275,35,push
CUST_1419DF71,35-50,Mobile,Night,Home & Garden,Low,0.0,0.13463273246235494,0.0,23,whatsapp
CUST_E80D9B4D,25-34,Desktop,Afternoon,Beauty,Low,0.10334542612598925,0.16222879463825346,0.004198607292296208,18,email
CUST_0D679C7A,25-34,Mobile,Night,Home & Garden,Low,0.007707039313004183,0.04828680428992232,0.08820786605726619,12,push
CUST_E9D7F09D,25-34,Mobile,Morning,Gaming,Medium,0.10843947056841008,0.06242442780926014,0.29060645827539605,52,push
CUST_442BA77D,25-34,Desktop,Afternoon,Electronics,Low,0.0,0.14173652242470453,0.0,57,email
CUST_5E833011,25-34,Desktop,Morning,Home & Garden,Medium,0.06332138189509828,0.331704122261464,0.01318308705413167,59,email
CUST_47E0987A,35-50,Mobile,Morning,Fashion,Medium,0.0,0.21752588371317005,0.0,21,whatsapp
CUST_52F8A762,35-50,Mobile,Night,Beauty,Medium,0.0,0.34486680162003447,0.0,34,whatsapp
CUST_4D49D219,25-34,Desktop,Evening,Books,Medium,0.0,0.29765987534007055,0.0,47,email
CUST_3A3C56D3,25-34,Mobile,Evening,Home & Garden,Low,0.0,0.022135476347494132,0.0,87,whatsapp
CUST_53665C2A,18-24,Mobile,Afternoon,Beauty,Medium,0.0,0.27168650010284295,0.0,30,whatsapp
CUST_0D60282C,50+,Mobile,Afternoon,Home & Garden,Medium,0.11589254940199192,0.009633901262338452,0.22690261650995686,26,push
CUST_3E82BC00,18-24,Desktop,Night,Fashion,Low,0.15171945018258692,0.16806507900471124,0.1679719026038911,87,email
CUST_13032569,25-34,Desktop,Night,Beauty,Medium,0.14766163782173664,0.03983399149770515,0.2295906781069063,77,email
CUST_AEFFBB31,35-50,Mobile,Evening,Gaming,Medium,0.11330923844476802,0.3758897073828769,0.0057752828967748355,21,whatsapp
CUST_E8C23CF2,25-34,Desktop,Night,Fashion,Medium,0.1541090074372713,0.21094985696278137,0.09417582150449608,30,email
CUST_43216AB0,25-34,Desktop,Night,Sports,Low,0.08432205663745901,0.19419745668492505,0.09304130220840091,61,email
CUST_A8DE6CBB,35-50,Mobile,Night,Sports,Medium,0.15616208904095663,0.32656709589194066,0.29536492110044876,30,whatsapp
CUST_288DE215,35-50,Mobile,Morning,Fashion,Medium,0.16774081779479544,0.3641143446351539,0.15812748777416588,54,whatsapp
CUST_A5EAAA27,25-34,Mobile,Night,Books,Medium,0.18834678502923677,0.21241526570516867,0.1284183408317252,24,whatsapp
CUST_086C9EA2,18-24,Mobile,Night,Fashion,Medium,0.18181829635636568,0.19090814444498833,0.22519165298737068,51,push
CUST_358A3BBF,25-34,Desktop,Afternoon,Sports,Medium,0.16535254381669462,0.23272375244893026,0.2521371827463398,51,email
CUST_5EFCA7D3,18-24,Mobile,Evening,Home & Garden,Medium,0.07261061071965201,0.2629036696660789,0.23261811840976124,20,whatsapp
CUST_65C8F81A,35-50,Mobile,Night,Sports,Medium,0.0,0.38575739662241787,0.0,37,whatsapp
CUST_D133848B,35-50,Mobile,Evening,Electronics,Medium,0.04445290699042213,0.26438112721208773,0.05088600354208822,80,whatsapp
CUST_D7E5199C,35-50,Mobile,Morning,Sports,Medium,0.14851760293973873,0.21767184827906952,0.10251943403575753,23,whatsapp
CUST_6F1B6EA5,18-24,Mobile,Afternoon,Sports,Low,0.1983862362351678,0.14716337095436524,0.1554018856592465,82,whatsapp
CUST_FAA24C6B,35-50,Mobile,Morning,Gaming,Low,0.08062418718888237,0.11531025086961942,0.15204086877858514,26,push
CUST_FEC40CE5,35-50,Desktop,Morning,Fashion,Low,0.11408374246442671,0.18833891445356288,0.09320174753959566,58,email
CUST_36608905,35-50,Desktop,Evening,Fashion,Medium,0.0,0.35630247858215075,0.0,72,email
CUST_A34A1CD7,25-34,Mobile,Night,Gaming,Medium,0.1288300679877468,0.1126223776577148,0.29920551294612874,67,push
CUST_03828410,35-50,Mobile,Evening,Electronics,Medium,0.16288859966676827,0.05628864140920756,0.24028777075429947,82,push
CUST_827F4A54,35-50,Desktop,Night,Sports,Medium,0.06612558705434056,0.3292831094566926,0.1033042652456568,74,email
CUST_4BA78447,35-50,Mobile,Evening,Books,Low,0.0886044201247275,0.15526367105545458,0.10419177599344882,72,whatsapp
CUST_B235EDF2,25-34,Desktop,Evening,Books,Low,0.19227117589161663,0.11765705397937132,0.08722031592614929,41,email
CUST_AA0CFD5A,25-34,Mobile,Morning,Beauty,Medium,0.05521856379841228,0.052892202148574,0.20108684634446097,54,push
CUST_8C65C9E1,35-50,Mobile,Afternoon,Beauty,Medium,0.12321336306818567,0.29239429781173376,0.09269174057016921,80,whatsapp
CUST_443DBF8F,35-50,Desktop,Afternoon,Electronics,Low,0.1435047828895408,0.040536876615279695,0.13709434658188374,54,email
CUST_0417587D,35-50,Desktop,Afternoon,Home & Garden,Medium,0.0,0.3134847713692473,0.0,18,email
CUST_76AC0392,50+,Desktop,Night,Electronics,Medium,0.18988656862575237,0.015268788379902531,0.2505406346392115,54,email
CUST_FF0607BB,35-50,Mobile,Evening,Electronics,Medium,0.058103649171248356,0.3547441846883339,0.15762936806345998,64,whatsapp
CUST_152DD3F0,35-50,Mobile,Evening,Home & Garden,Medium,0.10752948850281446,0.21020316498351233,0.06486433249643656,80,whatsapp
CUST_D319C2D4,35-50,Mobile,Morning,Home & Garden,Medium,0.16101939496553794,0.25006123685526255,0.18859445072598532,51,whatsapp
CUST_43FCC9A5,35-50,Mobile,Morning,Sports,Medium,0.0,0.2699552956939985,0.0,31,whatsapp
CUST_5ED05649,35-50,Desktop,Afternoon,Home & Garden,Low,0.15127811250818057,0.028901287139369947,0.12536396123365273,10,email
CUST_909AA15D,25-34,Mobile,Afternoon,Fashion,Medium,0.18621958468329458,0.3016254119106888,0.24525025769620662,32,whatsapp
CUST_B319ED7C,35-50,Mobile,Afternoon,Gaming,Medium,0.1258400029058606,0.1240712326800765,0.2028835002524529,81,push
CUST_2367332C,35-50,Mobile,Evening,Fashion,Low,0.04829108724541469,0.04655035710131359,0.07184720006205254,51,push
CUST_F112702A,35-50,Mobile,Morning,Beauty,Medium,0.030894175349679066,0.3205468543418035,0.05174872798063632,16,whatsapp
CUST_43E1C3FE,35-50,Desktop,Night,Electronics,Low,0.13672716734041876,0.195137541735707,0.13632744397873123,85,email
CUST_10B52115,35-50,Mobile,Evening,Electronics,Medium,0.009655366978738679,0.07384438458999014,0.2572276696994961,65,push
CUST_4F614825,35-50,Mobile,Evening,Fashion,Medium,0.012856257872413714,0.3985380963006947,0.06106717556372823,50,whatsapp
CUST_DF1BA4AD,50+,Mobile,Morning,Electronics,Low,0.0242825813495295,0.11692147741631205,0.03053803838243002,52,whatsapp
CUST_7F6A8925,35-50,Desktop,Evening,Gaming,Low,0.06807842991649563,0.10792507305349722,0.09399790502439784,84,email
CUST_27F2C1C5,35-50,Mobile,Afternoon,Sports,Medium,0.12695656744417294,0.3498950125019873,0.27805024116730354,21,whatsapp
CUST_848687AA,25-34,Mobile,Evening,Sports,Medium,0.05361595187937765,0.24219041609062475,0.005445275780151648,80,whatsapp
CUST_6ABF865A,35-50,Mobile,Morning,Home & Garden,Low,0.05421431364737879,0.16799804133436846,0.18902262570779518,70,push
CUST_96077CC0,35-50,Mobile,Evening,Fashion,Low,0.0,0.1961382661104401,0.0,64,whatsapp
CUST_AC61A36B,35-50,Mobile,Night,Books,Medium,0.0786907561111559,0.253232556382964,0.22133834302945832,23,whatsapp
CUST_D4854721,35-50,Mobile,Morning,Sports,Medium,0.19682708315677902,0.0343199834907598,0.28358315915020554,15,push
CUST_079742A8,18-24,Mobile,Morning,Beauty,Low,0.006561199903835968,0.04029723500210385,0.06378888709233971,23,push
CUST_90355462,50+,Mobile,Evening,Books,Medium,0.0,0.32239794435248403,0.0,23,whatsapp
CUST_17CE53E7,35-50,Desktop,Afternoon,Books,Low,0.1598894005299648,0.09797411726488608,0.06172652844706131,67,email
CUST_0863F041,35-50,Mobile,Evening,Beauty,Medium,0.03557619647053396,0.12469873544497233,0.20128661185923455,44,push
CUST_2EFCFE48,50+,Mobile,Evening,Gaming,Low,0.17130785360258133,0.06842379478244624,0.17247546286003715,85,push
CUST_A1886EE9,35-50,Desktop,Night,Beauty,Medium,0.15978734059327604,0.15914344296138264,0.2455906791346279,83,email
CUST_D49BFB32,35-50,Mobile,Afternoon,Gaming,Medium,0.10773805042292837,0.3707528780371053,0.07148445102062789,15,whatsapp
CUST_F32EC161,25-34,Mobile,Morning,Sports,Medium,0.1058373600342528,0.20981852495576547,0.2793565912981345,82,push
CUST_637934D3,25-34,Mobile,Night,Electronics,Medium,0.16654565824102488,0.07163550034510306,0.22250443846189136,56,push
CUST_AC3367D9,25-34,Desktop,Evening,Fashion,Medium,0.0,0.3659149948180397,0.0,37,email
CUST_23CA8613,35-50,Mobile,Morning,Sports,Medium,0.0,0.3870278420074563,0.0,11,whatsapp
CUST_A9F28BD6,35-50,Mobile,Morning,Sports,Medium,0.06916443030806406,0.36304978820029654,0.02488233670345815,13,whatsapp
CUST_C2529F48,25-34,Mobile,Morning,Electronics,Low,0.047885065755816573,0.04960411470947954,0.12323684026388589,41,push
CUST_AB791841,35-50,Mobile,Morning,Books,Medium,0.0,0.2293245923914341,0.0,32,whatsapp
CUST_C95518E2,35-50,Desktop,Afternoon,Beauty,Medium,0.024091896331092634,0.3118769666184728,0.07590486072415165,13,email
CUST_ACB3D092,25-34,Desktop,Night,Books,Low,0.12069275777607436,0.02154110555362796,0.18368264348473723,13,email
CUST_EB22D54A,50+,Mobile,Afternoon,Fashion,Low,0.0,0.0035890624240559887,0.0,15,whatsapp
CUST_653FCFFE,25-34,Mobile,Afternoon,Beauty,Low,0.0,0.06730334964951346,0.0,54,whatsapp
CUST_3E813AFB,50+,Mobile,Afternoon,Beauty,Medium,0.09242778401474644,0.25735408165500906,0.26370344937788526,23,push
CUST_1247D355,35-50,Mobile,Evening,Electronics,Medium,0.027107450881004705,0.32778803350023983,0.25977860466701563,42,whatsapp
CUST_99797127,25-34,Mobile,Morning,Books,Medium,0.18507622244215244,0.24418449296812128,0.12691178817122076,60,whatsapp
CUST_2FA80455,25-34,Mobile,Afternoon,Home & Garden,Medium,0.0,0.28467308142705255,0.0,39,whatsapp
CUST_9BE8EFDB,25-34,Mobile,Night,Sports,Medium,0.04612145571800197,0.2845615782814778,0.05023784897468779,34,whatsapp
CUST_23F288E0,50+,Mobile,Afternoon,Home & Garden,Medium,0.0,0.36418037315086793,0.0,42,whatsapp
CUST_B4EBE1E3,35-50,Desktop,Morning,Beauty,Medium,0.13636828173321844,0.053688545094806674,0.251543510445951,69,email
CUST_0B71948B,35-50,Mobile,Morning,Sports,Medium,0.10644078082537099,0.21306943812455148,0.14083307717852941,76,whatsapp
CUST_84D2D851,50+,Mobile,Night,Books,Medium,0.022043279816920804,0.2836358417655525,0.013557653694375648,84,whatsapp
CUST_A44512C0,35-50,Mobile,Morning,Home & Garden,Medium,0.03599276159139469,0.19063873773175183,0.2877584809976974,77,push
CUST_483EE7A7,50+,Mobile,Morning,Books,Low,0.10300254392746439,0.106858289263013,0.04190247667441883,45,whatsapp
CUST_33336E21,25-34,Mobile,Night,Books,Low,0.05902487580596985,0.1686825942452239,0.12883069939247294,44,whatsapp
CUST_9FAC6DE4,25-34,Mobile,Night,Gaming,Medium,0.15053767390254089,0.16454281303421295,0.219716038161682,76,push
CUST_8D231AE2,50+,Desktop,Night,Books,Low,0.05261017427860886,0.035333561197324274,0.047152713054505656,28,email
CUST_FD5C5434,25-34,Desktop,Night,Fashion,Medium,0.12403643084062566,0.2941547609150749,0.16380748189232666,49,email
CUST_5E03E8A0,50+,Mobile,Morning,Books,Low,0.0,0.04676189803344499,0.0,50,whatsapp
CUST_4E1F226E,50+,Mobile,Evening,Fashion,Medium,0.15801227600836854,0.23307794684716876,0.28542853236274845,48,push
CUST_188B84EE,25-34,Mobile,Afternoon,Fashion,Medium,0.18101070856743032,0.1557515525554361,0.2956629775953717,27,push
CUST_FBB9A1EC,35-50,Mobile,Evening,Books,Medium,0.10964810959461513,0.38049416055107094,0.04806421693660904,17,whatsapp
CUST_E469213F,35-50,Mobile,Night,Beauty,Medium,0.13138192243755017,0.024261295902962624,0.20374974276970936,57,push
CUST_9A03823A,18-24,Mobile,Night,Books,Medium,0.08026399493563117,0.2437572320693017,0.22006453453928318,49,whatsapp
CUST_0EE83A44,25-34,Mobile,Evening,Gaming,Medium,0.12568083326044047,0.38071889332718123,0.08457876093200346,26,whatsapp
CUST_8B5D9007,35-50,Mobile,Night,Fashion,Medium,0.17730709138288178,0.09849370621177225,0.2440506159150971,85,push
CUST_B3765000,35-50,Mobile,Evening,Home & Garden,Medium,0.06478686730151884,0.02583885340661172,0.2565552931987175,72,push
CUST_F0EF17C0,35-50,Mobile,Morning,Fashion,Medium,0.02675035227418936,0.33335236549610847,0.1684472272631014,20,whatsapp
CUST_82D9BCE5,25-34,Mobile,Morning,Sports,Medium,0.14628768409058612,0.2776187781142914,0.06285164665981981,14,whatsapp
CUST_8F7A5C8B,25-34,Mobile,Morning,Books,Medium,0.013028690955334966,0.2057232928622361,0.14086978319310783,11,whatsapp
CUST_4F041D51,35-50,Mobile,Morning,Electronics,Low,0.01149001037004025,0.12659679011042976,0.12470415391686146,61,whatsapp
CUST_FF17432C,35-50,Mobile,Night,Fashion,Medium,0.04725593939390012,0.09285625081075698,0.20188304080096037,14,push
CUST_B5684CA8,35-50,Mobile,Evening,Books,Low,0.10837646924689033,0.05500195646674451,0.15860802260426451,38,push
CUST_56D08890,25-34,Mobile,Morning,Beauty,Medium,0.0,0.21525644032178995,0.0,87,whatsapp
CUST_867A7DE6,35-50,Desktop,Evening,Books,Low,0.13011385026440142,0.0591833169171748,0.133455200039421,24,email
CUST_9F3A1613,35-50,Mobile,Morning,Gaming,Medium,0.0,0.3320980123110043,0.0,76,whatsapp
CUST_19F2196D,25-34,Mobile,Night,Books,Low,0.017853869577472325,0.06878297686042623,0.13129993695127226,35,push
CUST_11C948DA,35-50,Desktop,Night,Home & Garden,Medium,0.05689449206658599,0.27725788609779417,0.19405963644655888,58,email
CUST_58606570,25-34,Desktop,Night,Fashion,Low,0.11695779635948694,0.09870737344565446,0.10988189805972717,49,email
CUST_C77883ED,35-50,Mobile,Afternoon,Gaming,Medium,0.14293531852608374,0.261283216496482,0.0028308620560637543,84,whatsapp
CUST_DD40A301,18-24,Mobile,Afternoon,Beauty,Medium,0.19985584803455567,0.15913201837778546,0.2588921267674731,45,push
CUST_D8D2FDCB,50+,Desktop,Morning,Beauty,Low,0.0,0.18395150549208875,0.0,82,email
CUST_9FA79122,35-50,Mobile,Morning,Home & Garden,Low,0.0,0.021122813236686612,0.0,73,whatsapp
CUST_97CD1252,25-34,Mobile,Night,Electronics,Low,0.16260613104598198,0.1740340143929689,0.01888343257613032,46,whatsapp
CUST_D826C7E9,35-50,Mobile,Afternoon,Beauty,Medium,0.0654104349199293,0.3978742752428587,0.29567297337425325,71,whatsapp
CUST_8A9962A4,35-50,Desktop,Night,Home & Garden,Low,0.17611885853010367,0.1699162845023203,0.09670941795434083,30,email
CUST_0DB8C5EC,25-34,Mobile,Night,Beauty,Medium,0.09686362689054645,0.2641858143563872,0.07405208741331687,66,whatsapp
CUST_90E53D61,25-34,Mobile,Evening,Books,Medium,0.09357345042285166,0.021601623408295547,0.2023834036345372,82,push
CUST_04AB380C,35-50,Mobile,Night,Books,Low,0.028685791458247102,0.12617219529042784,0.09993453992100294,45,whatsapp
CUST_D57FE0BC,18-24,Mobile,Morning,Sports,Medium,0.009221027585603992,0.11492040275527576,0.21338951205486828,14,push
CUST_C52FAA26,35-50,Mobile,Afternoon,Gaming,Medium,0.09951371676008242,0.20493013997157564,0.21121904356666005,54,push
CUST_22023F09,35-50,Mobile,Afternoon,Sports,Medium,0.18175100213041528,0.06154047739302775,0.21196937447798356,46,push
CUST_D3EF9E22,25-34,Mobile,Morning,Fashion,Medium,0.09128760361267868,0.249026700233127,0.09983105014059275,84,whatsapp
CUST_FE7CF396,35-50,Desktop,Evening,Fashion,Low,0.1725587152420022,0.18771500111279496,0.06010830121311008,81,email
CUST_E95ED05E,25-34,Mobile,Morning,Books,Medium,0.037705349783789255,0.24727731763616623,0.15480826067502404,42,whatsapp
CUST_79EBAC2B,25-34,Mobile,Morning,Electronics,Low,0.004494004883516723,0.10207977088317227,0.17871096573904657,21,push
CUST_E10AE950,35-50,Mobile,Afternoon,Beauty,Medium,0.0776147726731647,0.1538665333116912,0.27906021136917886,33,push
CUST_467A7CB2,25-34,Desktop,Night,Fashion,Low,0.17116216405484405,0.1279252629498324,0.16651946729467607,66,email
CUST_055B9C2E,25-34,Desktop,Night,Beauty,Low,0.1269895336562636,0.07958698252354793,0.0743634352893284,84,email
CUST_D0A5B691,25-34,Desktop,Afternoon,Sports,Medium,0.18363603290586128,0.09377155166254961,0.20947034136872636,86,email
CUST_FF1FD384,25-34,Mobile,Night,Sports,Low,0.0,0.06014793424359062,0.0,82,whatsapp
CUST_9C7733C9,35-50,Mobile,Night,Books,Low,0.051989573972848604,0.12592062704106946,0.09351152675148262,51,whatsapp
CUST_89CE4A1E,25-34,Mobile,Night,Books,Medium,0.1350122386314823,0.31638735238710947,0.22665448777344432,31,whatsapp
CUST_3BBD2672,25-34,Desktop,Night,Gaming,Medium,0.05941641094762611,0.12404148357639531,0.2664892902613352,11,email
CUST_0522E9F6,25-34,Mobile,Morning,Fashion,Medium,0.0,0.20312826636161,0.0,66,whatsapp
CUST_AFD558F5,35-50,Mobile,Night,Home & Garden,Medium,0.03730878281571957,0.3048652680116634,0.1930594070730812,56,whatsapp
CUST_43F3B4AD,50+,Desktop,Night,Home & Garden,Low,0.10295017125738266,0.023892807356473613,0.0950143381365648,84,email
CUST_F263F203,35-50,Mobile,Afternoon,Fashion,Medium,0.04126951164642656,0.011025112091471324,0.2543346610776137,16,push
CUST_AA650E61,35-50,Mobile,Evening,Books,Medium,0.19719374395917783,0.058957743320324996,0.29056320842865296,12,push
CUST_37E7FB43,25-34,Mobile,Afternoon,Electronics,Medium,0.08118353693199772,0.341309124524259,0.137379014851658,52,whatsapp
CUST_AB0C4AE8,25-34,Mobile,Morning,Books,Low,0.18152577979091028,0.17813617879459964,0.19104457558858112,63,push
CUST_70827BC2,25-34,Mobile,Morning,Beauty,Medium,0.12803012167038094,0.08298825945370321,0.2385924610216581,11,push
