identity_id,customer_id,identifier_type,identifier_value,device_type,browser,ip_region,active_hours,confidence,matched_by
ID_9D67A95E,CUST_STORY_RAHUL,email,rahul238@gmail.com,,,KA,Morning,1.0,deterministic
ID_806729A2,CUST_STORY_RAHUL,device_id,DEV_86FD51F4,Desktop,Firefox,MH,Evening,1.0,deterministic
ID_57E7EC6A,CUST_STORY_PRIYA,email,priya925@gmail.com,,,DL,Morning,1.0,deterministic
ID_76F1AB4B,CUST_STORY_PRIYA,device_id,DEV_181E7645,Desktop,Firefox,MH,Night,1.0,deterministic
ID_7B1DCFD2,CUST_STORY_PRIYA,phone,917744721541,,,DL,Afternoon,1.0,deterministic
ID_5E5089E1,CUST_STORY_ARJUN,email,arjun307@gmail.com,,,TN,Morning,1.0,deterministic
ID_2CB7C856,CUST_STORY_ARJUN,device_id,DEV_BC415E64,Desktop,Chrome,KA,Morning,1.0,deterministic
ID_33A3D408,CUST_STORY_ARJUN,phone,919981644258,,,DL,Evening,1.0,deterministic
ID_7DD2B771,CUST_STORY_SNEHA,email,sneha274@gmail.com,,,KA,Night,1.0,deterministic
ID_D2B67138,CUST_STORY_SNEHA,device_id,DEV_33FAB7F6,Tablet,Chrome,MH,Afternoon,1.0,deterministic
ID_7EA427C8,CUST_STORY_SNEHA,phone,917578012921,,,TN,Morning,1.0,deterministic
ID_797CA551,CUST_DBA58527,email,praneel360@gmail.com,,,TN,Afternoon,1.0,deterministic
ID_2E2C50C9,CUST_DBA58527,device_id,DEV_4DA4D11C,Desktop,Safari,TN,Night,1.0,deterministic
ID_A06BF9B8,CUST_DBA58527,phone,918315131479,,,DL,Morning,1.0,deterministic
ID_2BA68783,CUST_574CC639,email,lakshit835@gmail.com,,,TN,Evening,1.0,deterministic
ID_E09B1509,CUST_574CC639,device_id,DEV_0A38AB91,Mobile,Firefox,MH,Evening,1.0,deterministic
ID_AEBBF74C,CUST_574CC639,phone,918514423076,,,DL,Afternoon,1.0,deterministic
ID_B1507884,CUST_5F74829A,email,chaitanya73@gmail.com,,,MH,Afternoon,1.0,deterministic
ID_44A03D78,CUST_5F74829A,device_id,DEV_4717D487,Mobile,Firefox,TN,Afternoon,1.0,deterministic
ID_A892B854,CUST_312A6DB6,email,bakhshi217@gmail.com,,,DL,Morning,1.0,deterministic
ID_219DD368,CUST_312A6DB6,device_id,DEV_E9096406,Tablet,Firefox,KA,Night,1.0,deterministic
ID_96D92829,CUST_312A6DB6,phone,917048104717,,,KA,Evening,1.0,deterministic
ID_3D1232C1,CUST_729BBAFC,email,yug547@gmail.com,,,KA,Night,1.0,deterministic
ID_C5BED971,CUST_729BBAFC,device_id,DEV_CE4091B8,Desktop,Chrome,KA,Afternoon,1.0,deterministic
ID_C6824BF6,CUST_729BBAFC,phone,918464500064,,,KA,Morning,1.0,deterministic
ID_FED24451,CUST_9CB361E5,email,girik977@gmail.com,,,MH,Night,1.0,deterministic
ID_8C3B5BF5,CUST_9CB361E5,device_id,DEV_71D77CAF,Desktop,Safari,MH,Afternoon,1.0,deterministic
ID_6E25793D,CUST_9CB361E5,phone,918196394374,,,DL,Afternoon,1.0,deterministic
ID_84462D50,CUST_F2095CB0,email,logan54@gmail.com,,,TN,Night,1.0,deterministic
ID_454C9F98,CUST_F2095CB0,device_id,DEV_292D6F50,Tablet,Safari,MH,Afternoon,1.0,deterministic
ID_DD8300C2,CUST_F2095CB0,phone,919954890751,,,MH,Afternoon,1.0,deterministic
ID_D8A03B50,CUST_D0F1DC2C,email,hemangini202@gmail.com,,,MH,Afternoon,1.0,deterministic
ID_38377370,CUST_D0F1DC2C,device_id,DEV_4D6AF4C2,Tablet,Edge,DL,Morning,1.0,deterministic
ID_3D17225D,CUST_A3613257,email,balveer802@gmail.com,,,MH,Evening,1.0,deterministic
ID_532DE57D,CUST_A3613257,device_id,DEV_D45EBC55,Desktop,Firefox,KA,Afternoon,1.0,deterministic
ID_3894882F,CUST_352FAB1D,email,daniel308@gmail.com,,,KA,Evening,1.0,deterministic
ID_36045266,CUST_352FAB1D,device_id,DEV_18EF14B3,Desktop,Edge,MH,Morning,1.0,deterministic
ID_64B1893F,CUST_E80496F2,email,krishna496@gmail.com,,,DL,Evening,1.0,deterministic
ID_1BBEBF53,CUST_E80496F2,device_id,DEV_9C12569D,Tablet,Chrome,DL,Morning,1.0,deterministic
ID_DE00A38D,CUST_E80496F2,phone,919891783161,,,TN,Morning,1.0,deterministic
ID_94D9FAEB,CUST_0389F244,email,ayushman458@gmail.com,,,TN,Afternoon,1.0,deterministic
ID_A725E2AA,CUST_0389F244,device_id,DEV_B8A325C4,Desktop,Firefox,MH,Afternoon,1.0,deterministic
ID_2D83A9CC,CUST_0389F244,phone,919512356629,,,KA,Afternoon,1.0,deterministic
ID_432D5123,CUST_38477D29,email,michael520@gmail.com,,,TN,Morning,1.0,deterministic
ID_E9906BF1,CUST_38477D29,device_id,DEV_018C9850,Desktop,Chrome,TN,Morning,1.0,deterministic
ID_92A1453A,CUST_D9AB9B04,email,amrita230@gmail.com,,,MH,Evening,1.0,deterministic
ID_59774AFF,CUST_D9AB9B04,device_id,DEV_D0AAAC2C,Desktop,Firefox,DL,Evening,1.0,deterministic
ID_736B1BAA,CUST_D9AB9B04,phone,919873511928,,,DL,Afternoon,1.0,deterministic
ID_A3E452FC,CUST_489B0639,email,chasmum516@gmail.com,,,TN,Afternoon,1.0,deterministic
ID_5910AFAE,CUST_489B0639,device_id,DEV_1C147A88,Desktop,Safari,DL,Evening,1.0,deterministic
ID_8CF6A77E,CUST_489B0639,phone,918597726483,,,KA,Night,1.0,deterministic
ID_1A24CCED,CUST_B31F3060,email,yauvani472@gmail.com,,,KA,Evening,1.0,deterministic
ID_65BAC741,CUST_B31F3060,device_id,DEV_F8D4D38D,Tablet,Edge,TN,Afternoon,1.0,deterministic
ID_9154ADD8,CUST_54458FD3,email,xalak399@gmail.com,,,DL,Night,1.0,deterministic
ID_6F31BAA0,CUST_54458FD3,device_id,DEV_880EB5A5,Tablet,Safari,TN,Morning,1.0,deterministic
ID_ECD4506C,CUST_54458FD3,phone,919717047404,,,TN,Afternoon,1.0,deterministic
ID_6A68E1EA,CUST_9B05CEFB,email,advaith775@gmail.com,,,DL,Morning,1.0,deterministic
ID_F01AE6B2,CUST_9B05CEFB,device_id,DEV_03316982,Desktop,Chrome,DL,Morning,1.0,deterministic
ID_D370BD45,CUST_BE4A7697,email,dakshesh401@gmail.com,,,TN,Afternoon,1.0,deterministic
ID_E26AA744,CUST_BE4A7697,device_id,DEV_D7A4D121,Mobile,Chrome,MH,Morning,1.0,deterministic
ID_4562E8FF,CUST_BE4A7697,phone,918631705155,,,TN,Morning,1.0,deterministic
ID_EA0DE6F7,CUST_1336A50D,email,wishi793@gmail.com,,,MH,Afternoon,1.0,deterministic
ID_747B37F9,CUST_1336A50D,device_id,DEV_913066EE,Mobile,Chrome,DL,Night,1.0,deterministic
ID_4B74F1AB,CUST_1336A50D,phone,919651592845,,,DL,Evening,1.0,deterministic
ID_4B48B549,CUST_468EB40A,email,pahal855@gmail.com,,,KA,Afternoon,1.0,deterministic
ID_F655F983,CUST_468EB40A,device_id,DEV_A70871BF,Tablet,Edge,TN,Afternoon,1.0,deterministic
ID_90FA5A26,CUST_F855D551,email,devansh58@gmail.com,,,MH,Evening,1.0,deterministic
ID_406AC3D1,CUST_F855D551,device_id,DEV_235E6217,Desktop,Safari,KA,Night,1.0,deterministic
ID_76099C8F,CUST_B892658B,email,anthony509@gmail.com,,,DL,Morning,1.0,deterministic
ID_AC016DC0,CUST_B892658B,device_id,DEV_8C3AEABA,Tablet,Chrome,MH,Afternoon,1.0,deterministic
ID_32F7FBCE,CUST_B892658B,phone,919857258269,,,KA,Night,1.0,deterministic
ID_D69C60B3,CUST_C1F5099A,email,wazir119@gmail.com,,,DL,Afternoon,1.0,deterministic
ID_3354FFCB,CUST_C1F5099A,device_id,DEV_0D1A4175,Mobile,Edge,MH,Night,1.0,deterministic
ID_870F407C,CUST_C1F5099A,phone,917625806039,,,DL,Night,1.0,deterministic
ID_07C5892C,CUST_81A45894,email,chakradhar858@gmail.com,,,TN,Evening,1.0,deterministic
ID_065779BE,CUST_81A45894,device_id,DEV_98B045A0,Mobile,Firefox,DL,Afternoon,1.0,deterministic
ID_81244578,CUST_81A45894,phone,919732059696,,,MH,Evening,1.0,deterministic
ID_23EC4F7D,CUST_4992E778,email,david84@gmail.com,,,KA,Morning,1.0,deterministic
ID_3BF222BC,CUST_4992E778,device_id,DEV_4CA61DAE,Tablet,Chrome,DL,Evening,1.0,deterministic
ID_94558A45,CUST_4992E778,phone,919206309876,,,TN,Evening,1.0,deterministic
ID_25811A74,CUST_EDB28AF9,email,jonathan401@gmail.com,,,MH,Evening,1.0,deterministic
ID_F995F336,CUST_EDB28AF9,device_id,DEV_60C9994C,Desktop,Edge,KA,Afternoon,1.0,deterministic
ID_B66D1898,CUST_EDB28AF9,phone,917214373103,,,DL,Morning,1.0,deterministic
ID_6FD06CFA,CUST_FEED1B22,email,urvashi180@gmail.com,,,KA,Morning,1.0,deterministic
ID_62FCBA08,CUST_FEED1B22,device_id,DEV_8A7070CF,Desktop,Safari,TN,Evening,1.0,deterministic
ID_1EF159AA,CUST_FEED1B22,phone,917394502589,,,MH,Morning,1.0,deterministic
ID_5A3982F0,CUST_C11A6B23,email,chatura633@gmail.com,,,DL,Afternoon,1.0,deterministic
ID_6D4E4C07,CUST_C11A6B23,device_id,DEV_40160170,Mobile,Firefox,MH,Night,1.0,deterministic
ID_97D7D9D5,CUST_C11A6B23,phone,918305578768,,,DL,Afternoon,1.0,deterministic
ID_099DB174,CUST_CD4F31D7,email,tanveer172@gmail.com,,,MH,Morning,1.0,deterministic
ID_0067DA2A,CUST_CD4F31D7,device_id,DEV_D89D437A,Tablet,Chrome,MH,Night,1.0,deterministic
ID_B064984D,CUST_CD4F31D7,phone,918323899249,,,MH,Evening,1.0,deterministic
ID_79BFDB04,CUST_3D9B9641,email,nathaniel754@gmail.com,,,KA,Evening,1.0,deterministic
ID_1BECB5A3,CUST_3D9B9641,device_id,DEV_634E169A,Tablet,Chrome,DL,Morning,1.0,deterministic
ID_8A9758CC,CUST_3D9B9641,phone,917063251514,,,KA,Morning,1.0,deterministic
ID_CDF12AAF,CUST_5DFFC4BE,email,vidhi361@gmail.com,,,KA,Morning,1.0,deterministic
ID_CB65150B,CUST_5DFFC4BE,device_id,DEV_42A86A54,Mobile,Chrome,KA,Evening,1.0,deterministic
ID_B2BFB169,CUST_5DFFC4BE,phone,919571819931,,,TN,Night,1.0,deterministic
ID_E6F816AB,CUST_E5EB6418,email,samarth88@gmail.com,,,KA,Afternoon,1.0,deterministic
ID_E9F13C1F,CUST_E5EB6418,device_id,DEV_A810275C,Mobile,Edge,KA,Morning,1.0,deterministic
ID_C1061919,CUST_E5EB6418,phone,919982429523,,,KA,Morning,1.0,deterministic
ID_85D00509,CUST_CE38E4CB,email,yatin636@gmail.com,,,DL,Afternoon,1.0,deterministic
ID_0F142BFC,CUST_CE38E4CB,device_id,DEV_0F2E7DF6,Desktop,Firefox,MH,Evening,1.0,deterministic
ID_014FA237,CUST_11074403,email,ranbir41@gmail.com,,,KA,Afternoon,1.0,deterministic
ID_5D852290,CUST_11074403,device_id,DEV_37605FBE,Tablet,Safari,DL,Evening,1.0,deterministic
ID_EAD4BF20,CUST_11074403,phone,917407429575,,,TN,Evening,1.0,deterministic
ID_D00CFB2F,CUST_57C4461D,email,kabir903@gmail.com,,,DL,Evening,1.0,deterministic
ID_63717976,CUST_57C4461D,device_id,DEV_C92025B4,Mobile,Safari,TN,Afternoon,1.0,deterministic
ID_9F525DB6,CUST_57C4461D,phone,918221788716,,,DL,Afternoon,1.0,deterministic
ID_9A1D6462,CUST_3056D209,email,qushi490@gmail.com,,,TN,Afternoon,1.0,deterministic
ID_FF099C4C,CUST_3056D209,device_id,DEV_953B472E,Mobile,Edge,MH,Night,1.0,deterministic
ID_7C2042DB,CUST_3056D209,phone,917413214852,,,TN,Evening,1.0,deterministic
ID_E9D1440A,CUST_4AABB6B4,email,tanveer23@gmail.com,,,DL,Morning,1.0,deterministic
ID_CBC90DDA,CUST_4AABB6B4,device_id,DEV_C6762590,Desktop,Edge,MH,Evening,1.0,deterministic
ID_AD260D03,CUST_4AABB6B4,phone,918152016818,,,MH,Afternoon,1.0,deterministic
ID_0707BC5C,CUST_5064B994,email,abhimanyu433@gmail.com,,,DL,Evening,1.0,deterministic
ID_9D8D9C55,CUST_5064B994,device_id,DEV_D5E27C5B,Desktop,Chrome,TN,Morning,1.0,deterministic
ID_3181B764,CUST_E4673420,email,christopher69@gmail.com,,,MH,Morning,1.0,deterministic
ID_1F12F431,CUST_E4673420,device_id,DEV_CAB9DD08,Tablet,Chrome,TN,Morning,1.0,deterministic
ID_C646CF18,CUST_E4673420,phone,918957550615,,,MH,Evening,1.0,deterministic
ID_8915102F,CUST_A055F6DB,email,qabil453@gmail.com,,,TN,Night,1.0,deterministic
ID_008D3DB0,CUST_A055F6DB,device_id,DEV_395BBFD8,Tablet,Edge,KA,Morning,1.0,deterministic
ID_F83640A6,CUST_DA6228BE,email,balendra238@gmail.com,,,TN,Morning,1.0,deterministic
ID_21E96728,CUST_DA6228BE,device_id,DEV_BE0E83CB,Desktop,Firefox,DL,Night,1.0,deterministic
ID_2A12BF72,CUST_DA8A6EA9,email,vaishnavi667@gmail.com,,,DL,Morning,1.0,deterministic
ID_B1AF5F6A,CUST_DA8A6EA9,device_id,DEV_A2CE4162,Desktop,Firefox,MH,Morning,1.0,deterministic
ID_9A4AFC90,CUST_DA8A6EA9,phone,919321754575,,,MH,Morning,1.0,deterministic
ID_4B7C5900,CUST_B989B36C,email,falak833@gmail.com,,,KA,Evening,1.0,deterministic
ID_000F6CC5,CUST_B989B36C,device_id,DEV_9F8FF156,Tablet,Edge,KA,Evening,1.0,deterministic
ID_FF122AF6,CUST_D7A45459,email,gaurika740@gmail.com,,,TN,Morning,1.0,deterministic
ID_20AAB645,CUST_D7A45459,device_id,DEV_F945DF08,Desktop,Firefox,DL,Morning,1.0,deterministic
ID_DEAB0DFA,CUST_D7A45459,phone,918087601130,,,DL,Evening,1.0,deterministic
ID_FA69D28A,CUST_412E9C77,email,ijaya380@gmail.com,,,MH,Morning,1.0,deterministic
ID_FAB6BFEC,CUST_412E9C77,device_id,DEV_8D8C525A,Tablet,Safari,TN,Night,1.0,deterministic
ID_A4804BDD,CUST_9026C7A6,email,urvashi192@gmail.com,,,TN,Evening,1.0,deterministic
ID_DE636BF1,CUST_9026C7A6,device_id,DEV_3276DC75,Desktop,Firefox,DL,Morning,1.0,deterministic
ID_F55C9E0C,CUST_9026C7A6,phone,919373185472,,,MH,Evening,1.0,deterministic
ID_9B379441,CUST_C8846AC3,email,yadavi963@gmail.com,,,MH,Evening,1.0,deterministic
ID_D097AECF,CUST_C8846AC3,device_id,DEV_82CD2F08,Tablet,Edge,MH,Morning,1.0,deterministic
ID_5067DF39,CUST_CE311944,email,jeet326@gmail.com,,,KA,Afternoon,1.0,deterministic
ID_540F5095,CUST_CE311944,device_id,DEV_8AEA70DF,Mobile,Firefox,KA,Morning,1.0,deterministic
ID_3C7A7A60,CUST_2C0B530D,email,advaith340@gmail.com,,,MH,Morning,1.0,deterministic
ID_F057E9A7,CUST_2C0B530D,device_id,DEV_1295930D,Tablet,Firefox,DL,Morning,1.0,deterministic
ID_9038D4D2,CUST_2C0B530D,phone,919901088490,,,DL,Evening,1.0,deterministic
ID_6BBE5FE8,CUST_AA662E08,email,rushil595@gmail.com,,,DL,Night,1.0,deterministic
ID_99BF4118,CUST_AA662E08,device_id,DEV_642FCC99,Tablet,Edge,KA,Morning,1.0,deterministic
ID_ED6DAA71,CUST_3917DAA1,email,darsh462@gmail.com,,,DL,Afternoon,1.0,deterministic
ID_C43C1A20,CUST_3917DAA1,device_id,DEV_409040BE,Tablet,Edge,DL,Evening,1.0,deterministic
ID_0BBF73DD,CUST_3917DAA1,phone,919694615048,,,TN,Morning,1.0,deterministic
ID_3B290DBF,CUST_090EE7C3,email,damini426@gmail.com,,,TN,Afternoon,1.0,deterministic
ID_9E01FC05,CUST_090EE7C3,device_id,DEV_E761872E,Tablet,Edge,MH,Night,1.0,deterministic
ID_049611D3,CUST_090EE7C3,phone,919367078276,,,MH,Evening,1.0,deterministic
ID_6A53BEBC,CUST_538CA05B,email,vidhi252@gmail.com,,,TN,Afternoon,1.0,deterministic
ID_0C7B048D,CUST_538CA05B,device_id,DEV_5D06B495,Mobile,Edge,TN,Afternoon,1.0,deterministic
ID_48D7F184,CUST_89658641,email,vedhika995@gmail.com,,,KA,Night,1.0,deterministic
ID_B353CAAE,CUST_89658641,device_id,DEV_E4F78658,Mobile,Edge,KA,Night,1.0,deterministic
ID_9557F2FE,CUST_49288ADE,email,kai269@gmail.com,,,MH,Morning,1.0,deterministic
ID_E9BF8F60,CUST_49288ADE,device_id,DEV_D74D42C9,Mobile,Safari,KA,Afternoon,1.0,deterministic
ID_E6DC8523,CUST_49288ADE,phone,919656760051,,,KA,Afternoon,1.0,deterministic
ID_C0FE7DC3,CUST_949B7D14,email,david342@gmail.com,,,MH,Morning,1.0,deterministic
ID_9FEEFE4C,CUST_949B7D14,device_id,DEV_8706CD3F,Tablet,Firefox,MH,Night,1.0,deterministic
ID_A19F78AD,CUST_949B7D14,phone,918729841007,,,MH,Morning,1.0,deterministic
ID_CCFB9923,CUST_FC28FE99,email,yug199@gmail.com,,,KA,Afternoon,1.0,deterministic
ID_86A35E56,CUST_FC28FE99,device_id,DEV_42A90062,Tablet,Edge,MH,Afternoon,1.0,deterministic
ID_4EE9BC3E,CUST_10D83418,email,yashasvi500@gmail.com,,,DL,Night,1.0,deterministic
ID_40C9A2BB,CUST_10D83418,device_id,DEV_A13F3599,Mobile,Edge,DL,Night,1.0,deterministic
ID_8E7A03F0,CUST_10D83418,phone,917439539209,,,KA,Evening,1.0,deterministic
ID_6F848408,CUST_6392D950,email,hemal484@gmail.com,,,TN,Night,1.0,deterministic
ID_A478419F,CUST_6392D950,device_id,DEV_E4FD44C5,Tablet,Chrome,MH,Morning,1.0,deterministic
ID_B79CDB60,CUST_03A41A1A,email,atharv389@gmail.com,,,MH,Morning,1.0,deterministic
ID_0A117E37,CUST_03A41A1A,device_id,DEV_BE27FD4A,Desktop,Chrome,KA,Night,1.0,deterministic
ID_493878D7,CUST_8F04173D,email,janaki186@gmail.com,,,MH,Night,1.0,deterministic
ID_87168FC4,CUST_8F04173D,device_id,DEV_B13837FF,Tablet,Firefox,MH,Night,1.0,deterministic
ID_76F19B3E,CUST_8F04173D,phone,919439529566,,,TN,Morning,1.0,deterministic
ID_925E9976,CUST_19E10825,email,ryan692@gmail.com,,,MH,Night,1.0,deterministic
ID_D096AD7D,CUST_19E10825,device_id,DEV_3DE52AD9,Tablet,Chrome,DL,Afternoon,1.0,deterministic
ID_DFF87B45,CUST_19E10825,phone,917147514200,,,DL,Evening,1.0,deterministic
ID_2EDA84C9,CUST_B8B54386,email,yuvraj512@gmail.com,,,DL,Morning,1.0,deterministic
ID_04B2C49C,CUST_B8B54386,device_id,DEV_84D79BD0,Tablet,Chrome,KA,Afternoon,1.0,deterministic
ID_0CAEC0D5,CUST_B8B54386,phone,919928040643,,,DL,Evening,1.0,deterministic
ID_58CABFC4,CUST_8AC845C7,email,tanmayi325@gmail.com,,,DL,Night,1.0,deterministic
ID_F7FDF0D1,CUST_8AC845C7,device_id,DEV_C6B7C4BB,Tablet,Chrome,TN,Night,1.0,deterministic
ID_85631818,CUST_05A18D97,email,warjas478@gmail.com,,,MH,Night,1.0,deterministic
ID_86A94A93,CUST_05A18D97,device_id,DEV_4F31603A,Tablet,Chrome,TN,Afternoon,1.0,deterministic
ID_FEC2E39B,CUST_05A18D97,phone,917055042947,,,KA,Afternoon,1.0,deterministic
ID_25794A7A,CUST_238050B7,email,yutika689@gmail.com,,,MH,Night,1.0,deterministic
ID_50118AD3,CUST_238050B7,device_id,DEV_38C70113,Mobile,Chrome,TN,Night,1.0,deterministic
ID_349110E2,CUST_238050B7,phone,917517667222,,,DL,Afternoon,1.0,deterministic
ID_2C59DFE4,CUST_5FEE8FDB,email,jalsa820@gmail.com,,,DL,Evening,1.0,deterministic
ID_58CFDAEB,CUST_5FEE8FDB,device_id,DEV_E4384FC2,Mobile,Safari,KA,Night,1.0,deterministic
ID_BB42E313,CUST_5FEE8FDB,phone,917373287488,,,KA,Evening,1.0,deterministic
ID_E4B22B60,CUST_F3D325DC,email,vasudha808@gmail.com,,,KA,Afternoon,1.0,deterministic
ID_B00E7D99,CUST_F3D325DC,device_id,DEV_F51EFAFC,Tablet,Chrome,DL,Morning,1.0,deterministic
ID_ACEB48ED,CUST_F3D325DC,phone,919268824882,,,KA,Morning,1.0,deterministic
ID_AB3C37A7,CUST_DD059926,email,qarin447@gmail.com,,,MH,Afternoon,1.0,deterministic
ID_3F894CFC,CUST_DD059926,device_id,DEV_54109E11,Tablet,Safari,TN,Evening,1.0,deterministic
ID_A0B83813,CUST_DD059926,phone,917304575032,,,MH,Morning,1.0,deterministic
ID_194974E0,CUST_E3D4EBBE,email,yutika166@gmail.com,,,MH,Morning,1.0,deterministic
ID_DFFDA3D9,CUST_E3D4EBBE,device_id,DEV_804E4B30,Tablet,Chrome,KA,Evening,1.0,deterministic
ID_755B3733,CUST_FDA7DE19,email,bachittar297@gmail.com,,,TN,Morning,1.0,deterministic
ID_8D26921A,CUST_FDA7DE19,device_id,DEV_39820359,Desktop,Edge,TN,Night,1.0,deterministic
ID_1E34C8F1,CUST_FDA7DE19,phone,918859414753,,,TN,Morning,1.0,deterministic
ID_B2A671D5,CUST_9C916C23,email,wishi485@gmail.com,,,KA,Afternoon,1.0,deterministic
ID_CDD776A3,CUST_9C916C23,device_id,DEV_2364C381,Tablet,Edge,DL,Afternoon,1.0,deterministic
ID_C2DDF776,CUST_A28ED8B7,email,falak998@gmail.com,,,KA,Night,1.0,deterministic
ID_DD403EE6,CUST_A28ED8B7,device_id,DEV_1D81B300,Tablet,Edge,DL,Evening,1.0,deterministic
ID_0FF6587E,CUST_A28ED8B7,phone,918810450730,,,TN,Morning,1.0,deterministic
ID_BFBD1C29,CUST_900983AF,email,sathvik70@gmail.com,,,TN,Night,1.0,deterministic
ID_ABFF90F5,CUST_900983AF,device_id,DEV_96BC7D9A,Desktop,Safari,TN,Night,1.0,deterministic
ID_2999ADB5,CUST_343B6A8E,email,chasmum561@gmail.com,,,KA,Morning,1.0,deterministic
ID_101C0407,CUST_343B6A8E,device_id,DEV_3F595BEF,Desktop,Safari,DL,Night,1.0,deterministic
ID_E73668A6,CUST_343B6A8E,phone,917154592363,,,KA,Night,1.0,deterministic
ID_1C8D1E30,CUST_4E144664,email,ekta506@gmail.com,,,DL,Night,1.0,deterministic
ID_9F826CF7,CUST_4E144664,device_id,DEV_642CA94B,Tablet,Safari,TN,Morning,1.0,deterministic
ID_E26F6D8C,CUST_31BD9D1C,email,kevin505@gmail.com,,,MH,Evening,1.0,deterministic
ID_95527568,CUST_31BD9D1C,device_id,DEV_DDFA3DE0,Desktop,Safari,KA,Night,1.0,deterministic
ID_6DABC951,CUST_31BD9D1C,phone,917673205531,,,TN,Evening,1.0,deterministic
ID_59B2788F,CUST_6751D2C2,email,daniel866@gmail.com,,,MH,Evening,1.0,deterministic
ID_A05FEAA1,CUST_6751D2C2,device_id,DEV_19E08746,Desktop,Edge,DL,Night,1.0,deterministic
ID_3D5D8CF9,CUST_6751D2C2,phone,918443056368,,,TN,Night,1.0,deterministic
ID_9A1A9A83,CUST_C17B01C9,email,ekbal572@gmail.com,,,KA,Evening,1.0,deterministic
ID_E18AC009,CUST_C17B01C9,device_id,DEV_C3C2FFBA,Tablet,Chrome,KA,Morning,1.0,deterministic
ID_0127071C,CUST_C17B01C9,phone,917931277597,,,TN,Evening,1.0,deterministic
ID_A4C7204E,CUST_33417744,email,jasmit800@gmail.com,,,MH,Evening,1.0,deterministic
ID_D40AEE94,CUST_33417744,device_id,DEV_FE1DBE18,Mobile,Safari,DL,Morning,1.0,deterministic
ID_CE08D771,CUST_33417744,phone,919722891032,,,MH,Night,1.0,deterministic
ID_3F4518B3,CUST_A4882A26,email,avi210@gmail.com,,,KA,Night,1.0,deterministic
ID_41CCCF8A,CUST_A4882A26,device_id,DEV_96075B9F,Desktop,Edge,DL,Morning,1.0,deterministic
ID_63510B48,CUST_97CE52FE,email,owen55@gmail.com,,,KA,Morning,1.0,deterministic
ID_4D678D98,CUST_97CE52FE,device_id,DEV_C2FD298D,Tablet,Safari,KA,Afternoon,1.0,deterministic
ID_7B0F16AD,CUST_97CE52FE,phone,918832021440,,,MH,Evening,1.0,deterministic
ID_1218EDAD,CUST_723D9DCA,email,jeet394@gmail.com,,,MH,Night,1.0,deterministic
ID_62BEB6AB,CUST_723D9DCA,device_id,DEV_F8B2974C,Desktop,Chrome,DL,Evening,1.0,deterministic
ID_0C8BC91F,CUST_723D9DCA,phone,918081685079,,,KA,Evening,1.0,deterministic
ID_6C60F633,CUST_22F4550D,email,lajita187@gmail.com,,,TN,Evening,1.0,deterministic
ID_9EB005F7,CUST_22F4550D,device_id,DEV_4BEF28B8,Desktop,Chrome,MH,Night,1.0,deterministic
ID_83AB182E,CUST_AC45C3AC,email,alka399@gmail.com,,,KA,Morning,1.0,deterministic
ID_D43D7794,CUST_AC45C3AC,device_id,DEV_6F4EE0B9,Desktop,Chrome,TN,Morning,1.0,deterministic
ID_D2FDDB49,CUST_AC45C3AC,phone,919061293190,,,DL,Morning,1.0,deterministic
ID_3766088E,CUST_9D82044A,email,prisha960@gmail.com,,,TN,Afternoon,1.0,deterministic
ID_FA4BF8A0,CUST_9D82044A,device_id,DEV_6A1C9653,Mobile,Edge,MH,Morning,1.0,deterministic
ID_0719A478,CUST_D78DFB60,email,fitan690@gmail.com,,,MH,Night,1.0,deterministic
ID_7BF4AB92,CUST_D78DFB60,device_id,DEV_A0D8585E,Tablet,Edge,TN,Evening,1.0,deterministic
ID_2DD45F74,CUST_D78DFB60,phone,918933699561,,,TN,Night,1.0,deterministic
ID_8D4EA842,CUST_E1941A92,email,yoshita614@gmail.com,,,TN,Night,1.0,deterministic
ID_19A5642B,CUST_E1941A92,device_id,DEV_A26C80CE,Mobile,Safari,MH,Afternoon,1.0,deterministic
ID_6D81EBDA,CUST_5F4302E5,email,owen147@gmail.com,,,MH,Evening,1.0,deterministic
ID_988ABAFF,CUST_5F4302E5,device_id,DEV_E50F24AA,Desktop,Edge,KA,Afternoon,1.0,deterministic
ID_7608FDCD,CUST_5F4302E5,phone,919224803741,,,TN,Morning,1.0,deterministic
ID_7C15CBD2,CUST_B649101A,email,priya967@gmail.com,,,MH,Afternoon,1.0,deterministic
ID_46A27005,CUST_B649101A,device_id,DEV_816AC767,Tablet,Chrome,DL,Night,1.0,deterministic
ID_2F7FABA0,CUST_6331FF0E,email,deepa47@gmail.com,,,TN,Morning,1.0,deterministic
ID_81F51945,CUST_6331FF0E,device_id,DEV_9B4E46FD,Desktop,Safari,KA,Morning,1.0,deterministic
ID_B5FEDF15,CUST_6331FF0E,phone,918718513829,,,KA,Night,1.0,deterministic
ID_256B14B2,CUST_587CCF42,email,aarini965@gmail.com,,,TN,Evening,1.0,deterministic
ID_FA63BA2D,CUST_587CCF42,device_id,DEV_8B6D0FE0,Desktop,Firefox,KA,Afternoon,1.0,deterministic
ID_260770D3,CUST_71A33694,email,manya410@gmail.com,,,DL,Afternoon,1.0,deterministic
ID_8A85735F,CUST_71A33694,device_id,DEV_1E026B26,Desktop,Edge,KA,Night,1.0,deterministic
ID_D348C604,CUST_71A33694,phone,917106287799,,,KA,Afternoon,1.0,deterministic
ID_C31F6731,CUST_D638B75A,email,agastya767@gmail.com,,,TN,Morning,1.0,deterministic
ID_FA8B637A,CUST_D638B75A,device_id,DEV_C123C47A,Desktop,Firefox,MH,Morning,1.0,deterministic
ID_6A26211F,CUST_84AFDD9D,email,gaurika453@gmail.com,,,KA,Morning,1.0,deterministic
ID_AC6EB711,CUST_84AFDD9D,device_id,DEV_F48AE4FF,Tablet,Firefox,TN,Evening,1.0,deterministic
ID_1946F644,CUST_84AFDD9D,phone,919184313602,,,KA,Morning,1.0,deterministic
ID_0F1A1241,CUST_2E47009A,email,sneha491@gmail.com,,,KA,Morning,1.0,deterministic
ID_C290B0D8,CUST_2E47009A,device_id,DEV_F4874800,Desktop,Edge,DL,Morning,1.0,deterministic
ID_03703BC5,CUST_2E47009A,phone,917755274026,,,TN,Evening,1.0,deterministic
ID_4D40BF4A,CUST_4B612D8F,email,wazir907@gmail.com,,,TN,Morning,1.0,deterministic
ID_8B487FCD,CUST_4B612D8F,device_id,DEV_400B2464,Mobile,Safari,DL,Morning,1.0,deterministic
ID_D41C43D8,CUST_BE2277F0,email,ekbal662@gmail.com,,,MH,Night,1.0,deterministic
ID_51AE7C26,CUST_BE2277F0,device_id,DEV_C05453D8,Tablet,Firefox,TN,Night,1.0,deterministic
ID_E693DD1D,CUST_BE2277F0,phone,917692000037,,,DL,Morning,1.0,deterministic
ID_4C38A585,CUST_9069B465,email,joshua814@gmail.com,,,TN,Evening,1.0,deterministic
ID_50AFAA3A,CUST_9069B465,device_id,DEV_3EBEDA0A,Desktop,Edge,DL,Evening,1.0,deterministic
ID_85F68D70,CUST_9069B465,phone,917937695298,,,MH,Evening,1.0,deterministic
ID_918AC774,CUST_98B23C4C,email,nidra934@gmail.com,,,MH,Afternoon,1.0,deterministic
ID_C399A26F,CUST_98B23C4C,device_id,DEV_5D263567,Desktop,Edge,DL,Afternoon,1.0,deterministic
ID_77C49BC2,CUST_3B99A0E9,email,chakrika694@gmail.com,,,MH,Morning,1.0,deterministic
ID_A3FC8AAF,CUST_3B99A0E9,device_id,DEV_F65B3321,Desktop,Safari,DL,Morning,1.0,deterministic
ID_BA6E8209,CUST_C05261E1,email,alka106@gmail.com,,,DL,Morning,1.0,deterministic
ID_926F7540,CUST_C05261E1,device_id,DEV_899DF20A,Desktop,Chrome,KA,Morning,1.0,deterministic
ID_0A9418C6,CUST_C05261E1,phone,919402249700,,,KA,Morning,1.0,deterministic
ID_AEFBCA2C,CUST_81368C3D,email,frederick836@gmail.com,,,DL,Morning,1.0,deterministic
ID_9EB1D334,CUST_81368C3D,device_id,DEV_0BFED3CE,Mobile,Safari,DL,Afternoon,1.0,deterministic
ID_2D29295C,CUST_81368C3D,phone,917896414818,,,TN,Evening,1.0,deterministic
ID_39DFF956,CUST_C5157150,email,nicholas462@gmail.com,,,MH,Night,1.0,deterministic
ID_A28EE998,CUST_C5157150,device_id,DEV_93260D26,Desktop,Safari,TN,Afternoon,1.0,deterministic
ID_DAD62007,CUST_C5157150,phone,918293326406,,,TN,Afternoon,1.0,deterministic
ID_5F4CC760,CUST_9EE0F949,email,zansi929@gmail.com,,,TN,Afternoon,1.0,deterministic
ID_1A17754D,CUST_9EE0F949,device_id,DEV_519A223A,Desktop,Edge,MH,Afternoon,1.0,deterministic
ID_F5449475,CUST_0C131128,email,maanav757@gmail.com,,,TN,Night,1.0,deterministic
ID_DBCCDE0D,CUST_0C131128,device_id,DEV_EF21B02C,Mobile,Edge,MH,Morning,1.0,deterministic
ID_01EFBF8A,CUST_19443392,email,manya553@gmail.com,,,TN,Afternoon,1.0,deterministic
ID_2FD069A8,CUST_19443392,device_id,DEV_0EBF1094,Tablet,Safari,TN,Evening,1.0,deterministic
ID_F8BC4945,CUST_19443392,phone,917755190954,,,KA,Afternoon,1.0,deterministic
ID_FB8378DF,CUST_4B8AC103,email,amaira180@gmail.com,,,KA,Evening,1.0,deterministic
ID_10781881,CUST_4B8AC103,device_id,DEV_C6ECC7A0,Mobile,Safari,TN,Afternoon,1.0,deterministic
ID_1CBD38EF,CUST_35397777,email,robert195@gmail.com,,,KA,Night,1.0,deterministic
ID_AEEF7BC4,CUST_35397777,device_id,DEV_9E23FF7D,Desktop,Safari,KA,Night,1.0,deterministic
ID_4FD5A1BA,CUST_64033C5A,email,avi139@gmail.com,,,DL,Morning,1.0,deterministic
ID_9A55E276,CUST_64033C5A,device_id,DEV_6703DC11,Mobile,Edge,MH,Night,1.0,deterministic
ID_AE16CB67,CUST_08231C37,email,agastya773@gmail.com,,,TN,Afternoon,1.0,deterministic
ID_E3FFBEAC,CUST_08231C37,device_id,DEV_572E3D4A,Mobile,Safari,KA,Morning,1.0,deterministic
ID_3C9B6C8E,CUST_8CF33D3F,email,isaac166@gmail.com,,,KA,Night,1.0,deterministic
ID_8D07628C,CUST_8CF33D3F,device_id,DEV_31DDA95B,Desktop,Edge,KA,Night,1.0,deterministic
ID_1FDECC1E,CUST_8CF33D3F,phone,918788664582,,,TN,Night,1.0,deterministic
ID_5D64EBDA,CUST_FEE1B459,email,panini266@gmail.com,,,TN,Morning,1.0,deterministic
ID_A68480AD,CUST_FEE1B459,device_id,DEV_B8E51974,Mobile,Firefox,TN,Night,1.0,deterministic
ID_14A31034,CUST_FEE1B459,phone,917941753717,,,TN,Morning,1.0,deterministic
ID_D4EBE601,CUST_5FDCDBF4,email,baghyawati845@gmail.com,,,TN,Afternoon,1.0,deterministic
ID_CB415284,CUST_5FDCDBF4,device_id,DEV_DA2400FB,Desktop,Safari,DL,Morning,1.0,deterministic
ID_91E4B32F,CUST_5FDCDBF4,phone,917783118339,,,KA,Morning,1.0,deterministic
ID_BD84B94F,CUST_F51BBC07,email,oscar314@gmail.com,,,TN,Evening,1.0,deterministic
ID_63D854CF,CUST_F51BBC07,device_id,DEV_5BDDF2F7,Mobile,Safari,TN,Night,1.0,deterministic
ID_9F5E982E,CUST_F51BBC07,phone,917029669747,,,KA,Afternoon,1.0,deterministic
ID_21E87C62,CUST_A8E1CF2E,email,abdul763@gmail.com,,,TN,Evening,1.0,deterministic
ID_099F53A5,CUST_A8E1CF2E,device_id,DEV_AADD4BDC,Tablet,Safari,DL,Evening,1.0,deterministic
ID_4AE5C799,CUST_A8E1CF2E,phone,918274736931,,,MH,Morning,1.0,deterministic
ID_7EA3A479,CUST_4A676D67,email,elijah712@gmail.com,,,DL,Afternoon,1.0,deterministic
ID_DCB1BEC9,CUST_4A676D67,device_id,DEV_D6505332,Desktop,Firefox,KA,Night,1.0,deterministic
ID_91D4AE6D,CUST_4A676D67,phone,918356647241,,,DL,Morning,1.0,deterministic
ID_D4B1F6E2,CUST_15D8CF8B,email,tejas297@gmail.com,,,DL,Evening,1.0,deterministic
ID_444B1D5F,CUST_15D8CF8B,device_id,DEV_752B27A5,Mobile,Safari,DL,Evening,1.0,deterministic
ID_56C8ADF7,CUST_15D8CF8B,phone,919426180098,,,TN,Morning,1.0,deterministic
ID_EC904C36,CUST_061CE91D,email,chavvi953@gmail.com,,,TN,Evening,1.0,deterministic
ID_2275910B,CUST_061CE91D,device_id,DEV_51C4597C,Tablet,Firefox,KA,Morning,1.0,deterministic
ID_6404EB74,CUST_028DF181,email,rudra169@gmail.com,,,TN,Evening,1.0,deterministic
ID_8F8A4EF8,CUST_028DF181,device_id,DEV_8C4E6F6B,Tablet,Firefox,KA,Evening,1.0,deterministic
ID_AF5E3F12,CUST_E5EA6B2C,email,baghyawati695@gmail.com,,,KA,Morning,1.0,deterministic
ID_2AFF8514,CUST_E5EA6B2C,device_id,DEV_55AED581,Tablet,Safari,KA,Morning,1.0,deterministic
ID_28F0E85A,CUST_AA697B89,email,bhavya181@gmail.com,,,KA,Morning,1.0,deterministic
ID_E9514C1A,CUST_AA697B89,device_id,DEV_ED4F744B,Mobile,Chrome,TN,Morning,1.0,deterministic
ID_A9A7BC9F,CUST_D7A95C5D,email,bina566@gmail.com,,,KA,Night,1.0,deterministic
ID_24F55548,CUST_D7A95C5D,device_id,DEV_15EF5455,Tablet,Edge,DL,Night,1.0,deterministic
ID_FBD645B7,CUST_8EFCCF3E,email,fitan887@gmail.com,,,MH,Afternoon,1.0,deterministic
ID_8147B7BE,CUST_8EFCCF3E,device_id,DEV_F8D05EA7,Mobile,Chrome,MH,Evening,1.0,deterministic
ID_26D32D10,CUST_8EFCCF3E,phone,917992336740,,,MH,Afternoon,1.0,deterministic
ID_0E1A9BB0,CUST_F1A59277,email,zashil95@gmail.com,,,TN,Afternoon,1.0,deterministic
ID_45E3497F,CUST_F1A59277,device_id,DEV_BB3BE24F,Mobile,Edge,DL,Afternoon,1.0,deterministic
ID_5C757B84,CUST_F1A59277,phone,918293594867,,,DL,Evening,1.0,deterministic
ID_4B13C610,CUST_5E319C4D,email,reva289@gmail.com,,,DL,Afternoon,1.0,deterministic
ID_58599381,CUST_5E319C4D,device_id,DEV_AAB996D1,Mobile,Safari,MH,Morning,1.0,deterministic
ID_CFC2EE1D,CUST_E259BC38,email,zansi573@gmail.com,,,DL,Evening,1.0,deterministic
ID_AD95BC68,CUST_E259BC38,device_id,DEV_6820F531,Desktop,Chrome,DL,Morning,1.0,deterministic
ID_4F6D6FED,CUST_E259BC38,phone,919628155087,,,KA,Evening,1.0,deterministic
ID_B02F5570,CUST_10DF13DD,email,zinal896@gmail.com,,,DL,Morning,1.0,deterministic
ID_94374443,CUST_10DF13DD,device_id,DEV_73C172C9,Tablet,Safari,DL,Morning,1.0,deterministic
ID_8331A3BB,CUST_75F4F3CA,email,priya73@gmail.com,,,KA,Morning,1.0,deterministic
ID_2FCA6006,CUST_75F4F3CA,device_id,DEV_A958C580,Mobile,Chrome,TN,Evening,1.0,deterministic
ID_2D77FF31,CUST_E4288431,email,naksh83@gmail.com,,,KA,Night,1.0,deterministic
ID_A9A681AC,CUST_E4288431,device_id,DEV_FF78C18E,Mobile,Edge,MH,Evening,1.0,deterministic
ID_8A3CC90A,CUST_E4288431,phone,919971863374,,,TN,Night,1.0,deterministic
ID_C41B6BB2,CUST_67EE3FB6,email,nathan525@gmail.com,,,MH,Evening,1.0,deterministic
ID_BAB0631D,CUST_67EE3FB6,device_id,DEV_BACC9BD8,Desktop,Firefox,TN,Afternoon,1.0,deterministic
ID_40B98420,CUST_67EE3FB6,phone,918558498972,,,DL,Night,1.0,deterministic
ID_04950FC3,CUST_B23B0C5B,email,hemal696@gmail.com,,,KA,Morning,1.0,deterministic
ID_D1402D9B,CUST_B23B0C5B,device_id,DEV_DDE43434,Mobile,Edge,DL,Afternoon,1.0,deterministic
ID_F70A3CF0,CUST_B23B0C5B,phone,917423226228,,,KA,Morning,1.0,deterministic
ID_B9C7BCEF,CUST_79684223,email,sanaya373@gmail.com,,,TN,Morning,1.0,deterministic
ID_870766BA,CUST_79684223,device_id,DEV_F6E0134C,Tablet,Edge,KA,Evening,1.0,deterministic
ID_4D35B1F5,CUST_D1A85883,email,krishna129@gmail.com,,,KA,Night,1.0,deterministic
ID_FFE83751,CUST_D1A85883,device_id,DEV_DBFF0820,Mobile,Firefox,DL,Night,1.0,deterministic
ID_6211D596,CUST_D1A85883,phone,919633620606,,,TN,Afternoon,1.0,deterministic
ID_2E79C08F,CUST_DE7BEBBA,email,bhavika586@gmail.com,,,TN,Afternoon,1.0,deterministic
ID_2F727B4C,CUST_DE7BEBBA,device_id,DEV_A2B8538A,Tablet,Safari,MH,Night,1.0,deterministic
ID_2A81307C,CUST_DE7BEBBA,phone,918419659373,,,TN,Morning,1.0,deterministic
ID_ADD9D89D,CUST_DECDBB22,email,nidhi30@gmail.com,,,DL,Morning,1.0,deterministic
ID_67E97CDB,CUST_DECDBB22,device_id,DEV_979FD2A6,Tablet,Firefox,DL,Evening,1.0,deterministic
ID_A9C60795,CUST_DECDBB22,phone,919763322082,,,TN,Afternoon,1.0,deterministic
ID_61E77F2A,CUST_CBC3BAEB,email,tejas512@gmail.com,,,DL,Night,1.0,deterministic
ID_8845B94B,CUST_CBC3BAEB,device_id,DEV_5E1EE5A4,Tablet,Chrome,MH,Afternoon,1.0,deterministic
ID_A79EB7A2,CUST_CBC3BAEB,phone,918737702560,,,TN,Morning,1.0,deterministic
ID_E6C23089,CUST_B1384C12,email,rayaan26@gmail.com,,,KA,Afternoon,1.0,deterministic
ID_E3069E99,CUST_B1384C12,device_id,DEV_E25C75B8,Tablet,Edge,DL,Morning,1.0,deterministic
ID_945ECA18,CUST_B1384C12,phone,918860224558,,,KA,Evening,1.0,deterministic
ID_809F83BA,CUST_1C71AE11,email,neelima651@gmail.com,,,MH,Morning,1.0,deterministic
ID_9A9D7F15,CUST_1C71AE11,device_id,DEV_DF9BBE00,Tablet,Edge,DL,Morning,1.0,deterministic
ID_5AF2B9F8,CUST_1C71AE11,phone,918469655889,,,MH,Afternoon,1.0,deterministic
ID_25FF4D74,CUST_3DDCEA6F,email,manya803@gmail.com,,,DL,Night,1.0,deterministic
ID_65AE2E14,CUST_3DDCEA6F,device_id,DEV_76787162,Mobile,Firefox,TN,Evening,1.0,deterministic
ID_48C3AA4F,CUST_3DDCEA6F,phone,917305573087,,,KA,Night,1.0,deterministic
ID_7D1C568B,CUST_48D454C1,email,omaja398@gmail.com,,,MH,Morning,1.0,deterministic
ID_5F28676B,CUST_48D454C1,device_id,DEV_AFD31BAD,Desktop,Chrome,KA,Morning,1.0,deterministic
ID_CF92BE46,CUST_48D454C1,phone,919282381070,,,MH,Morning,1.0,deterministic
ID_F45103DF,CUST_FE3A26F2,email,maanav652@gmail.com,,,MH,Morning,1.0,deterministic
ID_1BA22A25,CUST_FE3A26F2,device_id,DEV_C4F346B1,Desktop,Firefox,TN,Night,1.0,deterministic
ID_3CAFDBC2,CUST_FE3A26F2,phone,919069083641,,,DL,Afternoon,1.0,deterministic
ID_72C60CCC,CUST_745D0AF1,email,dev406@gmail.com,,,TN,Afternoon,1.0,deterministic
ID_C6801FAA,CUST_745D0AF1,device_id,DEV_619B28F8,Mobile,Edge,MH,Night,1.0,deterministic
ID_8878A56F,CUST_745D0AF1,phone,918275386218,,,MH,Afternoon,1.0,deterministic
ID_8DF914DF,CUST_8F618114,email,ikbal838@gmail.com,,,TN,Evening,1.0,deterministic
ID_7FE127BF,CUST_8F618114,device_id,DEV_219B35C7,Mobile,Chrome,DL,Evening,1.0,deterministic
ID_F04F09B9,CUST_8F618114,phone,917381841050,,,MH,Morning,1.0,deterministic
ID_97BE7B5D,CUST_AA76100A,email,mohini185@gmail.com,,,MH,Afternoon,1.0,deterministic
ID_495012D3,CUST_AA76100A,device_id,DEV_F68C6299,Desktop,Chrome,MH,Evening,1.0,deterministic
ID_BF66AD08,CUST_AA76100A,phone,917702470100,,,KA,Night,1.0,deterministic
ID_2DA5001B,CUST_996223F2,email,chasmum316@gmail.com,,,TN,Evening,1.0,deterministic
ID_C79E2D66,CUST_996223F2,device_id,DEV_EF1ECD4F,Mobile,Firefox,KA,Evening,1.0,deterministic
ID_DEE66947,CUST_58915F08,email,neelima555@gmail.com,,,DL,Evening,1.0,deterministic
ID_F79A2316,CUST_58915F08,device_id,DEV_055F9754,Mobile,Edge,TN,Evening,1.0,deterministic
ID_B22C783B,CUST_58915F08,phone,919408605521,,,DL,Afternoon,1.0,deterministic
ID_5385AED6,CUST_4A6DBB54,email,dev184@gmail.com,,,DL,Night,1.0,deterministic
ID_EEBBEEEF,CUST_4A6DBB54,device_id,DEV_8FE4CE47,Tablet,Edge,DL,Morning,1.0,deterministic
ID_38DCDBF7,CUST_4A6DBB54,phone,917841555720,,,KA,Evening,1.0,deterministic
ID_356A14CD,CUST_8740AB12,email,karan860@gmail.com,,,MH,Night,1.0,deterministic
ID_DED5C437,CUST_8740AB12,device_id,DEV_6000185E,Desktop,Safari,DL,Evening,1.0,deterministic
ID_B3C4FF98,CUST_8740AB12,phone,918332315299,,,MH,Morning,1.0,deterministic
ID_6E1E4320,CUST_9DC5D903,email,aayush524@gmail.com,,,DL,Night,1.0,deterministic
ID_9F90BA50,CUST_9DC5D903,device_id,DEV_97EB5626,Mobile,Firefox,MH,Afternoon,1.0,deterministic
ID_C84E2932,CUST_9DC5D903,phone,919240381311,,,MH,Afternoon,1.0,deterministic
ID_C9B95E3A,CUST_2FA71D0D,email,rishi444@gmail.com,,,MH,Afternoon,1.0,deterministic
ID_526336BC,CUST_2FA71D0D,device_id,DEV_82E5DB2E,Mobile,Firefox,MH,Afternoon,1.0,deterministic
ID_CAF91659,CUST_079E274E,email,garima673@gmail.com,,,DL,Evening,1.0,deterministic
ID_83310585,CUST_079E274E,device_id,DEV_B68ECA78,Mobile,Edge,DL,Morning,1.0,deterministic
ID_C59A9F98,CUST_079E274E,phone,918318827751,,,MH,Night,1.0,deterministic
ID_8611ECA0,CUST_7A4CA5C1,email,mason824@gmail.com,,,DL,Night,1.0,deterministic
ID_FD32EB07,CUST_7A4CA5C1,device_id,DEV_88050942,Desktop,Chrome,MH,Morning,1.0,deterministic
ID_189E4374,CUST_0C263DCF,email,falak493@gmail.com,,,TN,Night,1.0,deterministic
ID_8A86E141,CUST_0C263DCF,device_id,DEV_10152093,Mobile,Chrome,TN,Evening,1.0,deterministic
ID_547A168F,CUST_DACF0911,email,guneet547@gmail.com,,,KA,Afternoon,1.0,deterministic
ID_EE97E809,CUST_DACF0911,device_id,DEV_20510648,Tablet,Firefox,KA,Afternoon,1.0,deterministic
ID_82B57552,CUST_DACF0911,phone,919945202576,,,MH,Night,1.0,deterministic
ID_C3FECFE6,CUST_38C943B9,email,akshay563@gmail.com,,,DL,Afternoon,1.0,deterministic
ID_C9F5105B,CUST_38C943B9,device_id,DEV_F374BA8F,Mobile,Firefox,MH,Evening,1.0,deterministic
ID_BDFA3C68,CUST_38C943B9,phone,917641035388,,,MH,Night,1.0,deterministic
ID_6833A87B,CUST_9CFE1314,email,suhani190@gmail.com,,,KA,Afternoon,1.0,deterministic
ID_6AA57A80,CUST_9CFE1314,device_id,DEV_314D718B,Desktop,Safari,TN,Evening,1.0,deterministic
ID_2712DA8B,CUST_9CFE1314,phone,918880590212,,,TN,Morning,1.0,deterministic
ID_5538DBB8,CUST_1A657E85,email,gagan161@gmail.com,,,KA,Afternoon,1.0,deterministic
ID_A9231B6A,CUST_1A657E85,device_id,DEV_06B65471,Mobile,Safari,KA,Evening,1.0,deterministic
ID_05214068,CUST_1A657E85,phone,918809392298,,,MH,Night,1.0,deterministic
ID_D04C51EE,CUST_DDA324D3,email,ishaan200@gmail.com,,,KA,Evening,1.0,deterministic
ID_31881DF3,CUST_DDA324D3,device_id,DEV_42B9C8FC,Tablet,Firefox,MH,Afternoon,1.0,deterministic
ID_1D5CD095,CUST_DDA324D3,phone,917053147011,,,TN,Night,1.0,deterministic
ID_1429B9CE,CUST_8C94F6C3,email,chakradev567@gmail.com,,,KA,Evening,1.0,deterministic
ID_C7DE7A60,CUST_8C94F6C3,device_id,DEV_76BDAD80,Desktop,Edge,TN,Morning,1.0,deterministic
ID_8F860D68,CUST_CE3A6EF3,email,vrishti219@gmail.com,,,DL,Morning,1.0,deterministic
ID_FCE34AF3,CUST_CE3A6EF3,device_id,DEV_F7861637,Mobile,Edge,TN,Night,1.0,deterministic
ID_3A3E9288,CUST_CE3A6EF3,phone,919282010190,,,MH,Afternoon,1.0,deterministic
ID_029C09AE,CUST_877C104A,email,arunima420@gmail.com,,,MH,Morning,1.0,deterministic
ID_F20500A7,CUST_877C104A,device_id,DEV_5E380939,Mobile,Chrome,KA,Night,1.0,deterministic
ID_771BEB18,CUST_877C104A,phone,919193366950,,,TN,Afternoon,1.0,deterministic
ID_1BC480DA,CUST_7535DF38,email,tanmayi435@gmail.com,,,TN,Afternoon,1.0,deterministic
ID_E6AFDC34,CUST_7535DF38,device_id,DEV_45C87AA2,Tablet,Firefox,TN,Morning,1.0,deterministic
ID_E7B64D59,CUST_ACCFCF3B,email,rishi859@gmail.com,,,TN,Night,1.0,deterministic
ID_490BB13B,CUST_ACCFCF3B,device_id,DEV_981F7453,Desktop,Firefox,MH,Night,1.0,deterministic
ID_A51C6A1F,CUST_ACCFCF3B,phone,919256401003,,,DL,Morning,1.0,deterministic
ID_D58AC341,CUST_790591B1,email,mugdha645@gmail.com,,,TN,Night,1.0,deterministic
ID_D8BE3CDD,CUST_790591B1,device_id,DEV_69CD419A,Desktop,Firefox,TN,Afternoon,1.0,deterministic
ID_D7CC2E6E,CUST_790591B1,phone,919656706388,,,KA,Morning,1.0,deterministic
ID_63EB2295,CUST_CC2CEE0A,email,harrison406@gmail.com,,,KA,Evening,1.0,deterministic
ID_03DDD568,CUST_CC2CEE0A,device_id,DEV_3B6966AF,Tablet,Edge,KA,Night,1.0,deterministic
ID_5A34F1C1,CUST_CC2CEE0A,phone,918644041101,,,KA,Night,1.0,deterministic
ID_D17E8144,CUST_7E8D349A,email,chanakya355@gmail.com,,,MH,Afternoon,1.0,deterministic
ID_F637A7F7,CUST_7E8D349A,device_id,DEV_524DE5E7,Tablet,Edge,MH,Evening,1.0,deterministic
ID_F0194CA8,CUST_7E8D349A,phone,917945164572,,,DL,Afternoon,1.0,deterministic
ID_ECB32091,CUST_1EF11355,email,banjeet49@gmail.com,,,KA,Morning,1.0,deterministic
ID_54A6DEC9,CUST_1EF11355,device_id,DEV_1F15D0B0,Tablet,Edge,MH,Afternoon,1.0,deterministic
ID_104CCFC6,CUST_1EF11355,phone,919591604244,,,DL,Afternoon,1.0,deterministic
ID_562C887E,CUST_6E7D7A10,email,jagat948@gmail.com,,,TN,Afternoon,1.0,deterministic
ID_02F5A8D8,CUST_6E7D7A10,device_id,DEV_36485021,Mobile,Edge,DL,Night,1.0,deterministic
ID_138D3867,CUST_6E7D7A10,phone,917556157130,,,KA,Morning,1.0,deterministic
ID_792C357B,CUST_EB2B5B57,email,maanav981@gmail.com,,,DL,Morning,1.0,deterministic
ID_42484734,CUST_EB2B5B57,device_id,DEV_59703CAC,Desktop,Chrome,DL,Morning,1.0,deterministic
ID_C5F6BCF5,CUST_8E0667CE,email,jyoti534@gmail.com,,,TN,Morning,1.0,deterministic
ID_A5EA89C0,CUST_8E0667CE,device_id,DEV_8FF7E9B6,Mobile,Safari,TN,Afternoon,1.0,deterministic
ID_5F89F7CF,CUST_50D1ADC1,email,abdul107@gmail.com,,,KA,Evening,1.0,deterministic
ID_11B5713C,CUST_50D1ADC1,device_id,DEV_EE3A5B84,Mobile,Safari,TN,Morning,1.0,deterministic
ID_C43BE2AE,CUST_50D1ADC1,phone,918669821769,,,MH,Night,1.0,deterministic
ID_DCD5F7EF,CUST_5D420B03,email,tristan966@gmail.com,,,KA,Evening,1.0,deterministic
ID_C10ADBBF,CUST_5D420B03,device_id,DEV_80C56012,Mobile,Safari,TN,Evening,1.0,deterministic
ID_A52DBCE6,CUST_5D420B03,phone,918206955655,,,MH,Morning,1.0,deterministic
ID_3EDD8CBB,CUST_DE2C207D,email,ati840@gmail.com,,,DL,Afternoon,1.0,deterministic
ID_0DCAE3AD,CUST_DE2C207D,device_id,DEV_0F809865,Tablet,Firefox,DL,Night,1.0,deterministic
ID_77BE8708,CUST_1749A777,email,chakrika972@gmail.com,,,MH,Evening,1.0,deterministic
ID_B66039BA,CUST_1749A777,device_id,DEV_B77406A0,Tablet,Chrome,KA,Night,1.0,deterministic
ID_3F041C18,CUST_1749A777,phone,917592208681,,,DL,Evening,1.0,deterministic
ID_A03F67E2,CUST_04D43A98,email,qabil235@gmail.com,,,DL,Morning,1.0,deterministic
ID_D615B23C,CUST_04D43A98,device_id,DEV_7D22F958,Desktop,Edge,MH,Evening,1.0,deterministic
ID_64D43234,CUST_F5917397,email,pahal257@gmail.com,,,DL,Night,1.0,deterministic
ID_E843DBD5,CUST_F5917397,device_id,DEV_3E1D41E6,Tablet,Safari,DL,Evening,1.0,deterministic
ID_56D31111,CUST_A46C2B22,email,omaja700@gmail.com,,,KA,Morning,1.0,deterministic
ID_134AA28B,CUST_A46C2B22,device_id,DEV_29A503A4,Mobile,Chrome,MH,Evening,1.0,deterministic
ID_3E30936E,CUST_A46C2B22,phone,919607656445,,,KA,Afternoon,1.0,deterministic
ID_B94359DC,CUST_EB553367,email,yagnesh850@gmail.com,,,KA,Evening,1.0,deterministic
ID_2235B23D,CUST_EB553367,device_id,DEV_430F7825,Mobile,Edge,DL,Morning,1.0,deterministic
ID_643B5AF0,CUST_EB553367,phone,919558761735,,,DL,Evening,1.0,deterministic
ID_0391ABFA,CUST_66BD2CF3,email,sarthak546@gmail.com,,,KA,Afternoon,1.0,deterministic
ID_19EFAB76,CUST_66BD2CF3,device_id,DEV_DA9CBE54,Mobile,Edge,TN,Morning,1.0,deterministic
ID_CC4BEB41,CUST_53636173,email,darpan37@gmail.com,,,MH,Evening,1.0,deterministic
ID_7608E458,CUST_53636173,device_id,DEV_6DC21EC1,Desktop,Firefox,DL,Evening,1.0,deterministic
ID_11C67704,CUST_53636173,phone,917459915955,,,DL,Afternoon,1.0,deterministic
ID_B7F53134,CUST_3B00B30E,email,samesh588@gmail.com,,,DL,Morning,1.0,deterministic
ID_64CED948,CUST_3B00B30E,device_id,DEV_2D7ED1C6,Desktop,Chrome,TN,Morning,1.0,deterministic
ID_1CCFFC63,CUST_3B00B30E,phone,918643706834,,,KA,Evening,1.0,deterministic
ID_D8CED9ED,CUST_45E3E33F,email,amruta607@gmail.com,,,DL,Night,1.0,deterministic
ID_50998AA0,CUST_45E3E33F,device_id,DEV_68F1AA7D,Mobile,Safari,TN,Night,1.0,deterministic
ID_F0653A72,CUST_45E3E33F,phone,917762235648,,,KA,Night,1.0,deterministic
ID_2B70A6C9,CUST_926AA93D,email,warinder251@gmail.com,,,DL,Morning,1.0,deterministic
ID_AB81E3C1,CUST_926AA93D,device_id,DEV_FE49A3D1,Tablet,Chrome,TN,Morning,1.0,deterministic
ID_99DD9CAE,CUST_3298FAEB,email,wazir174@gmail.com,,,TN,Afternoon,1.0,deterministic
ID_5CFB1173,CUST_3298FAEB,device_id,DEV_30503C70,Mobile,Firefox,TN,Night,1.0,deterministic
ID_9411DDD4,CUST_3298FAEB,phone,918321445634,,,MH,Afternoon,1.0,deterministic
ID_4AB73B53,CUST_EFC2D016,email,chaman437@gmail.com,,,MH,Night,1.0,deterministic
ID_8499FC98,CUST_EFC2D016,device_id,DEV_2D986C66,Tablet,Firefox,KA,Morning,1.0,deterministic
ID_592A12BD,CUST_EFC2D016,phone,918747525047,,,TN,Night,1.0,deterministic
ID_25B4A83A,CUST_09AE2702,email,unni170@gmail.com,,,TN,Afternoon,1.0,deterministic
ID_045D2097,CUST_09AE2702,device_id,DEV_887B016D,Tablet,Edge,MH,Afternoon,1.0,deterministic
ID_2EDF6003,CUST_09AE2702,phone,917182760085,,,MH,Evening,1.0,deterministic
ID_868FFF9B,CUST_0518E45B,email,sudiksha252@gmail.com,,,KA,Night,1.0,deterministic
ID_053AD4E0,CUST_0518E45B,device_id,DEV_3B6E1AD7,Mobile,Chrome,TN,Evening,1.0,deterministic
ID_C4FF7984,CUST_0518E45B,phone,917023688987,,,DL,Afternoon,1.0,deterministic
ID_BDC409E4,CUST_705791DA,email,jeet997@gmail.com,,,TN,Afternoon,1.0,deterministic
ID_020A5F2D,CUST_705791DA,device_id,DEV_63EF22A2,Tablet,Chrome,MH,Afternoon,1.0,deterministic
ID_10AF7448,CUST_8B1D85C9,email,upkaar788@gmail.com,,,TN,Morning,1.0,deterministic
ID_F3824BEA,CUST_8B1D85C9,device_id,DEV_82CF885F,Desktop,Edge,MH,Night,1.0,deterministic
ID_C54FD318,CUST_8B1D85C9,phone,918701941949,,,MH,Afternoon,1.0,deterministic
ID_94F3CEA1,CUST_5FF49FA1,email,noah707@gmail.com,,,DL,Morning,1.0,deterministic
ID_AB707B1F,CUST_5FF49FA1,device_id,DEV_31EC0F8C,Tablet,Firefox,DL,Morning,1.0,deterministic
ID_E82F1C88,CUST_5FF49FA1,phone,917920704412,,,DL,Afternoon,1.0,deterministic
ID_831E1D62,CUST_615278FE,email,amol280@gmail.com,,,DL,Night,1.0,deterministic
ID_98DF7EA3,CUST_615278FE,device_id,DEV_76335D52,Desktop,Chrome,MH,Night,1.0,deterministic
ID_9EA4FD58,CUST_615278FE,phone,918518444817,,,TN,Night,1.0,deterministic
ID_49BAB18F,CUST_4FBCBBCA,email,agastya666@gmail.com,,,KA,Evening,1.0,deterministic
ID_C9750061,CUST_4FBCBBCA,device_id,DEV_CA28FBE1,Tablet,Firefox,TN,Afternoon,1.0,deterministic
ID_9454BF84,CUST_4FBCBBCA,phone,918486990771,,,MH,Evening,1.0,deterministic
ID_ADA958CC,CUST_DA88C386,email,rayaan878@gmail.com,,,TN,Evening,1.0,deterministic
ID_D4DC6A66,CUST_DA88C386,device_id,DEV_DDD0A5C3,Tablet,Chrome,DL,Afternoon,1.0,deterministic
ID_791417A1,CUST_E9162E8B,email,veer859@gmail.com,,,KA,Afternoon,1.0,deterministic
ID_0D2F9E32,CUST_E9162E8B,device_id,DEV_A901E3FA,Mobile,Safari,KA,Morning,1.0,deterministic
ID_B52175DD,CUST_E9162E8B,phone,917394814172,,,TN,Night,1.0,deterministic
ID_C5EFAED2,CUST_101DB21C,email,yatin198@gmail.com,,,MH,Evening,1.0,deterministic
ID_41BCCA2F,CUST_101DB21C,device_id,DEV_EFD37098,Tablet,Firefox,MH,Night,1.0,deterministic
ID_185478F2,CUST_101DB21C,phone,917718142879,,,MH,Afternoon,1.0,deterministic
ID_1247CAF5,CUST_EA2F4359,email,rishi573@gmail.com,,,DL,Evening,1.0,deterministic
ID_DEABAD75,CUST_EA2F4359,device_id,DEV_E8E44E3B,Tablet,Edge,DL,Afternoon,1.0,deterministic
ID_14CA70F1,CUST_EA2F4359,phone,917170373745,,,DL,Night,1.0,deterministic
ID_1A5A8361,CUST_A0578F65,email,leena652@gmail.com,,,TN,Afternoon,1.0,deterministic
ID_A07F499F,CUST_A0578F65,device_id,DEV_EA98CE72,Mobile,Edge,MH,Night,1.0,deterministic
ID_062801ED,CUST_A0578F65,phone,917331935983,,,MH,Morning,1.0,deterministic
ID_901BC00B,CUST_DEA41107,email,vincent354@gmail.com,,,KA,Night,1.0,deterministic
ID_FCDF292B,CUST_DEA41107,device_id,DEV_DF5C24EA,Tablet,Safari,DL,Evening,1.0,deterministic
ID_83EB0621,CUST_DEA41107,phone,919654744590,,,TN,Evening,1.0,deterministic
ID_8137E690,CUST_AE5D913C,email,teerth765@gmail.com,,,MH,Night,1.0,deterministic
ID_F6C7A6AB,CUST_AE5D913C,device_id,DEV_F10C85D8,Desktop,Firefox,DL,Evening,1.0,deterministic
ID_BD8A28C7,CUST_38E8F4D6,email,upma587@gmail.com,,,MH,Evening,1.0,deterministic
ID_1C1EF547,CUST_38E8F4D6,device_id,DEV_ADE46554,Tablet,Edge,DL,Afternoon,1.0,deterministic
ID_857816F9,CUST_38E8F4D6,phone,918833921171,,,TN,Morning,1.0,deterministic
ID_9C3A1DF8,CUST_1FA0B7DE,email,anmol710@gmail.com,,,KA,Evening,1.0,deterministic
ID_4D603FB2,CUST_1FA0B7DE,device_id,DEV_82379993,Tablet,Firefox,TN,Morning,1.0,deterministic
ID_2B6981EE,CUST_1FA0B7DE,phone,918731333909,,,TN,Afternoon,1.0,deterministic
ID_933C14F3,CUST_3B22D7B6,email,nakul500@gmail.com,,,TN,Afternoon,1.0,deterministic
ID_2CBB8801,CUST_3B22D7B6,device_id,DEV_D3C03834,Desktop,Firefox,MH,Morning,1.0,deterministic
ID_B9FBDB68,CUST_3B22D7B6,phone,919751097785,,,KA,Night,1.0,deterministic
ID_04F8A0E9,CUST_6B7F538D,email,theodore793@gmail.com,,,DL,Night,1.0,deterministic
ID_112DF125,CUST_6B7F538D,device_id,DEV_5FA5C26E,Desktop,Edge,KA,Morning,1.0,deterministic
ID_B25F3F3F,CUST_47B5FAF8,email,agastya22@gmail.com,,,KA,Morning,1.0,deterministic
ID_29DC1E49,CUST_47B5FAF8,device_id,DEV_622F354E,Tablet,Safari,TN,Evening,1.0,deterministic
ID_6E41EF7E,CUST_3B77AE1A,email,girish488@gmail.com,,,TN,Morning,1.0,deterministic
ID_23971F65,CUST_3B77AE1A,device_id,DEV_DE70BE3B,Desktop,Safari,DL,Morning,1.0,deterministic
ID_4350E137,CUST_3B77AE1A,phone,918922906760,,,DL,Morning,1.0,deterministic
ID_30403E0C,CUST_DDAA8F46,email,anusha104@gmail.com,,,KA,Evening,1.0,deterministic
ID_C26EEC77,CUST_DDAA8F46,device_id,DEV_491D4E25,Mobile,Safari,MH,Afternoon,1.0,deterministic
ID_E5B9C48E,CUST_4B8AA7C9,email,deepa156@gmail.com,,,DL,Morning,1.0,deterministic
ID_0769C000,CUST_4B8AA7C9,device_id,DEV_B07BC3B1,Tablet,Edge,TN,Night,1.0,deterministic
ID_6B0B1E23,CUST_4B8AA7C9,phone,917240979314,,,KA,Evening,1.0,deterministic
ID_A501F7AE,CUST_B4909F1A,email,lakshmi706@gmail.com,,,MH,Morning,1.0,deterministic
ID_DA0E9521,CUST_B4909F1A,device_id,DEV_0740F621,Desktop,Edge,DL,Evening,1.0,deterministic
ID_80911041,CUST_B4909F1A,phone,918770010613,,,TN,Evening,1.0,deterministic
ID_6E9479E0,CUST_AAC06769,email,raksha210@gmail.com,,,TN,Afternoon,1.0,deterministic
ID_36D37CE1,CUST_AAC06769,device_id,DEV_B9062A39,Tablet,Safari,KA,Afternoon,1.0,deterministic
ID_95F472FE,CUST_BC3F55D5,email,ishita801@gmail.com,,,DL,Night,1.0,deterministic
ID_C55BC6B9,CUST_BC3F55D5,device_id,DEV_B067D68B,Desktop,Safari,TN,Morning,1.0,deterministic
ID_043B2514,CUST_19D5B925,email,yashoda997@gmail.com,,,MH,Morning,1.0,deterministic
ID_76201F99,CUST_19D5B925,device_id,DEV_552522B2,Tablet,Edge,KA,Afternoon,1.0,deterministic
ID_5BFC8F31,CUST_19D5B925,phone,918816991959,,,MH,Afternoon,1.0,deterministic
ID_7026FAB8,CUST_F2902C84,email,divya296@gmail.com,,,TN,Afternoon,1.0,deterministic
ID_4FD2A2C2,CUST_F2902C84,device_id,DEV_46129B14,Tablet,Firefox,KA,Night,1.0,deterministic
ID_99A735D3,CUST_BCEFD4B6,email,gaurika152@gmail.com,,,DL,Night,1.0,deterministic
ID_48CD2008,CUST_BCEFD4B6,device_id,DEV_387DFDAE,Tablet,Edge,MH,Evening,1.0,deterministic
ID_1D0A842D,CUST_BCEFD4B6,phone,919099818586,,,MH,Afternoon,1.0,deterministic
ID_94E65F69,CUST_EB6FCAAE,email,irya609@gmail.com,,,MH,Morning,1.0,deterministic
ID_F98AF536,CUST_EB6FCAAE,device_id,DEV_799ECDD2,Desktop,Edge,MH,Night,1.0,deterministic
ID_660FE043,CUST_EB6FCAAE,phone,917539986713,,,MH,Night,1.0,deterministic
ID_FA9E3FF8,CUST_C967E53B,email,omisha736@gmail.com,,,MH,Morning,1.0,deterministic
ID_0698BA69,CUST_C967E53B,device_id,DEV_46A7189A,Desktop,Chrome,TN,Afternoon,1.0,deterministic
ID_8F659565,CUST_C967E53B,phone,919208398466,,,TN,Evening,1.0,deterministic
ID_DF782D63,CUST_40FB09E6,email,thomas67@gmail.com,,,MH,Afternoon,1.0,deterministic
ID_696A1163,CUST_40FB09E6,device_id,DEV_2B803017,Tablet,Safari,KA,Afternoon,1.0,deterministic
ID_D2112382,CUST_05F012AB,email,jagdish790@gmail.com,,,MH,Morning,1.0,deterministic
ID_4060859C,CUST_05F012AB,device_id,DEV_FDE6B07E,Mobile,Firefox,TN,Afternoon,1.0,deterministic
ID_7A1B6BB6,CUST_62EB54DD,email,gaurang654@gmail.com,,,TN,Evening,1.0,deterministic
ID_CADFB3D0,CUST_62EB54DD,device_id,DEV_FBBC903E,Mobile,Safari,MH,Morning,1.0,deterministic
ID_7DF924F6,CUST_17E45CFF,email,alexander243@gmail.com,,,TN,Evening,1.0,deterministic
ID_B333686F,CUST_17E45CFF,device_id,DEV_F1D1676A,Mobile,Edge,DL,Night,1.0,deterministic
ID_18732484,CUST_17E45CFF,phone,919448549272,,,TN,Night,1.0,deterministic
ID_1D035BC8,CUST_85984E7D,email,zaid191@gmail.com,,,TN,Night,1.0,deterministic
ID_7B03A957,CUST_85984E7D,device_id,DEV_5F697175,Mobile,Edge,TN,Night,1.0,deterministic
ID_927D35B3,CUST_85984E7D,phone,919844893406,,,MH,Evening,1.0,deterministic
ID_228A3F5F,CUST_CA4E5197,email,jai799@gmail.com,,,DL,Night,1.0,deterministic
ID_CF654681,CUST_CA4E5197,device_id,DEV_764235A4,Desktop,Chrome,MH,Night,1.0,deterministic
ID_E0210906,CUST_CA4E5197,phone,917416173484,,,DL,Morning,1.0,deterministic
ID_CA502BE5,CUST_A56D509F,email,gopal138@gmail.com,,,MH,Night,1.0,deterministic
ID_1688AB48,CUST_A56D509F,device_id,DEV_F461ACC8,Mobile,Firefox,KA,Evening,1.0,deterministic
ID_44A991F3,CUST_A56D509F,phone,919278301492,,,TN,Night,1.0,deterministic
ID_4AB74686,CUST_34876524,email,anirudh479@gmail.com,,,KA,Morning,1.0,deterministic
ID_DEED773E,CUST_34876524,device_id,DEV_491DA710,Mobile,Edge,KA,Afternoon,1.0,deterministic
ID_CBF5389B,CUST_529191E2,email,vihaan44@gmail.com,,,DL,Afternoon,1.0,deterministic
ID_5C1858B3,CUST_529191E2,device_id,DEV_EAD7BB53,Desktop,Edge,DL,Night,1.0,deterministic
ID_85734FC2,CUST_24B0315E,email,agastya552@gmail.com,,,KA,Morning,1.0,deterministic
ID_D92CF41F,CUST_24B0315E,device_id,DEV_926F984C,Tablet,Firefox,MH,Afternoon,1.0,deterministic
ID_1B5030D3,CUST_24B0315E,phone,917756406747,,,MH,Afternoon,1.0,deterministic
ID_98D0796E,CUST_6EBB7C65,email,jason498@gmail.com,,,DL,Night,1.0,deterministic
ID_EA0FA1EB,CUST_6EBB7C65,device_id,DEV_2E55B619,Desktop,Safari,DL,Night,1.0,deterministic
ID_0A5A2837,CUST_6EBB7C65,phone,918026917885,,,TN,Afternoon,1.0,deterministic
ID_D2CF0A9B,CUST_4B34FA4C,email,yutika852@gmail.com,,,KA,Evening,1.0,deterministic
ID_F09A71EF,CUST_4B34FA4C,device_id,DEV_A735FE08,Mobile,Firefox,TN,Afternoon,1.0,deterministic
ID_63332FBE,CUST_CCF4473E,email,jonathan630@gmail.com,,,TN,Afternoon,1.0,deterministic
ID_9C43E7F4,CUST_CCF4473E,device_id,DEV_35BFD90F,Mobile,Chrome,TN,Night,1.0,deterministic
ID_7959352E,CUST_66704680,email,rehaan712@gmail.com,,,DL,Night,1.0,deterministic
ID_41688439,CUST_66704680,device_id,DEV_CD5A58C4,Mobile,Safari,KA,Evening,1.0,deterministic
ID_A0C1DF6B,CUST_66704680,phone,918586169495,,,TN,Morning,1.0,deterministic
ID_C42E2B4A,CUST_9F5AF1B4,email,ekansh151@gmail.com,,,DL,Afternoon,1.0,deterministic
ID_0BC42F68,CUST_9F5AF1B4,device_id,DEV_819596D0,Mobile,Safari,MH,Afternoon,1.0,deterministic
ID_F490F153,CUST_9F5AF1B4,phone,919719978570,,,DL,Evening,1.0,deterministic
ID_EF52D896,CUST_B6BFC136,email,vedant237@gmail.com,,,TN,Night,1.0,deterministic
ID_6D70EA5F,CUST_B6BFC136,device_id,DEV_F2D919CD,Tablet,Chrome,TN,Afternoon,1.0,deterministic
ID_32353FE7,CUST_B6BFC136,phone,918808416326,,,DL,Night,1.0,deterministic
ID_ECA81289,CUST_3D58EB70,email,damini806@gmail.com,,,KA,Morning,1.0,deterministic
ID_E963740D,CUST_3D58EB70,device_id,DEV_73249A93,Tablet,Edge,KA,Night,1.0,deterministic
ID_6D0B702A,CUST_3D58EB70,phone,918271814025,,,TN,Night,1.0,deterministic
ID_F247F6FC,CUST_E2391426,email,thomas365@gmail.com,,,MH,Afternoon,1.0,deterministic
ID_21D31ECA,CUST_E2391426,device_id,DEV_DCB99A43,Desktop,Firefox,MH,Evening,1.0,deterministic
ID_389D3621,CUST_E2391426,phone,919311350611,,,MH,Evening,1.0,deterministic
ID_B2242C74,CUST_FF48FB57,email,zayyan490@gmail.com,,,MH,Morning,1.0,deterministic
ID_141D872E,CUST_FF48FB57,device_id,DEV_9F693078,Desktop,Firefox,TN,Morning,1.0,deterministic
ID_D32C2D59,CUST_FF48FB57,phone,919365674925,,,TN,Afternoon,1.0,deterministic
ID_5B85F2C5,CUST_0D5966DB,email,maanas847@gmail.com,,,KA,Morning,1.0,deterministic
ID_54BA3848,CUST_0D5966DB,device_id,DEV_8F34A530,Mobile,Chrome,KA,Night,1.0,deterministic
ID_B04D2772,CUST_0D5966DB,phone,918257534250,,,MH,Night,1.0,deterministic
ID_F03833C3,CUST_C5943693,email,quincy474@gmail.com,,,TN,Night,1.0,deterministic
ID_0B34C846,CUST_C5943693,device_id,DEV_FC7CFF61,Tablet,Chrome,TN,Night,1.0,deterministic
ID_5BA320C6,CUST_C5943693,phone,918672850494,,,MH,Morning,1.0,deterministic
ID_A7BDE3DC,CUST_5E4E88D4,email,chasmum640@gmail.com,,,KA,Morning,1.0,deterministic
ID_C47803C9,CUST_5E4E88D4,device_id,DEV_4D4BA7E7,Mobile,Safari,KA,Afternoon,1.0,deterministic
ID_476A3E72,CUST_63DB733C,email,oeshi121@gmail.com,,,KA,Night,1.0,deterministic
ID_5B266442,CUST_63DB733C,device_id,DEV_ED7012CE,Mobile,Chrome,DL,Evening,1.0,deterministic
ID_A71E6684,CUST_85D20005,email,gopal711@gmail.com,,,MH,Morning,1.0,deterministic
ID_DAA65DD2,CUST_85D20005,device_id,DEV_AFE01488,Mobile,Edge,KA,Evening,1.0,deterministic
ID_2BE87267,CUST_85D20005,phone,918783089592,,,DL,Morning,1.0,deterministic
ID_3043DA37,CUST_A95EB599,email,urvi63@gmail.com,,,MH,Evening,1.0,deterministic
ID_DA24084F,CUST_A95EB599,device_id,DEV_69406BCF,Mobile,Firefox,DL,Night,1.0,deterministic
ID_65547445,CUST_D380949A,email,tanveer990@gmail.com,,,TN,Morning,1.0,deterministic
ID_B89A685F,CUST_D380949A,device_id,DEV_A00E55E0,Mobile,Edge,KA,Afternoon,1.0,deterministic
ID_0DFBB5C8,CUST_D380949A,phone,917796869706,,,DL,Afternoon,1.0,deterministic
ID_D022427F,CUST_12C6D82F,email,qasim232@gmail.com,,,TN,Morning,1.0,deterministic
ID_EB0E1925,CUST_12C6D82F,device_id,DEV_629101A9,Desktop,Firefox,MH,Morning,1.0,deterministic
ID_3E37368A,CUST_12C6D82F,phone,917314600531,,,DL,Afternoon,1.0,deterministic
ID_F5CD7FB4,CUST_F617AAB8,email,fariq597@gmail.com,,,TN,Night,1.0,deterministic
ID_A4ED003F,CUST_F617AAB8,device_id,DEV_AC837BDC,Tablet,Firefox,TN,Night,1.0,deterministic
ID_1C700238,CUST_EACDCB8F,email,tanish515@gmail.com,,,MH,Afternoon,1.0,deterministic
ID_0B402F17,CUST_EACDCB8F,device_id,DEV_A045C2DF,Mobile,Edge,TN,Night,1.0,deterministic
ID_34767D15,CUST_EACDCB8F,phone,918531390644,,,MH,Morning,1.0,deterministic
ID_62BE44E3,CUST_3E4E7988,email,zashil793@gmail.com,,,KA,Night,1.0,deterministic
ID_4CF8FDEC,CUST_3E4E7988,device_id,DEV_57401422,Desktop,Edge,TN,Night,1.0,deterministic
ID_CF31D9BE,CUST_3E4E7988,phone,917855059099,,,MH,Morning,1.0,deterministic
ID_21F88429,CUST_F1B72375,email,faraj803@gmail.com,,,TN,Night,1.0,deterministic
ID_9AFB0555,CUST_F1B72375,device_id,DEV_91271C09,Tablet,Firefox,TN,Afternoon,1.0,deterministic
ID_47ECFF84,CUST_4456FF3A,email,ekapad428@gmail.com,,,KA,Night,1.0,deterministic
ID_10B2CB5D,CUST_4456FF3A,device_id,DEV_D3123795,Tablet,Chrome,KA,Evening,1.0,deterministic
ID_172F9FC9,CUST_4456FF3A,phone,917557818630,,,KA,Morning,1.0,deterministic
ID_6F13BD00,CUST_3EEB5BD5,email,sarthak23@gmail.com,,,MH,Morning,1.0,deterministic
ID_9F953865,CUST_3EEB5BD5,device_id,DEV_BDB2AF50,Desktop,Edge,MH,Evening,1.0,deterministic
ID_6F408F97,CUST_68AD3E36,email,yauvani478@gmail.com,,,TN,Night,1.0,deterministic
ID_04612030,CUST_68AD3E36,device_id,DEV_B46BAE2A,Desktop,Safari,DL,Morning,1.0,deterministic
ID_F3F0C191,CUST_68AD3E36,phone,918282532823,,,MH,Afternoon,1.0,deterministic
ID_990A30FC,CUST_D6AD16EF,email,samuel306@gmail.com,,,TN,Afternoon,1.0,deterministic
ID_5EFEE903,CUST_D6AD16EF,device_id,DEV_3651B7DD,Tablet,Firefox,TN,Night,1.0,deterministic
ID_39BE693A,CUST_D6AD16EF,phone,919581054596,,,MH,Morning,1.0,deterministic
ID_6C512428,CUST_08C4C971,email,neha535@gmail.com,,,TN,Night,1.0,deterministic
ID_6672552E,CUST_08C4C971,device_id,DEV_4633F9B6,Mobile,Safari,KA,Night,1.0,deterministic
ID_8A33D47F,CUST_08C4C971,phone,917481640061,,,MH,Evening,1.0,deterministic
ID_E76CE9C3,CUST_008A2B5A,email,ikbal169@gmail.com,,,KA,Morning,1.0,deterministic
ID_69F7B393,CUST_008A2B5A,device_id,DEV_FF39012C,Mobile,Chrome,MH,Afternoon,1.0,deterministic
ID_00CBAFF4,CUST_008A2B5A,phone,919172476132,,,DL,Night,1.0,deterministic
ID_10491517,CUST_AFA1A280,email,baljiwan740@gmail.com,,,MH,Evening,1.0,deterministic
ID_D88EE2FB,CUST_AFA1A280,device_id,DEV_2C8844BB,Tablet,Chrome,KA,Afternoon,1.0,deterministic
ID_B777F62E,CUST_AFA1A280,phone,917155374108,,,DL,Afternoon,1.0,deterministic
ID_4BF6F480,CUST_347B3E0F,email,advay269@gmail.com,,,DL,Night,1.0,deterministic
ID_1D1135D9,CUST_347B3E0F,device_id,DEV_A7B51764,Tablet,Chrome,DL,Evening,1.0,deterministic
ID_BA851D05,CUST_CAAAF0E2,email,riya882@gmail.com,,,MH,Morning,1.0,deterministic
ID_32006E3E,CUST_CAAAF0E2,device_id,DEV_6F38B689,Desktop,Edge,KA,Night,1.0,deterministic
ID_EA3BEFA4,CUST_CAAAF0E2,phone,917848109316,,,DL,Morning,1.0,deterministic
ID_BCFE5853,CUST_FCB4B49A,email,darsh463@gmail.com,,,MH,Morning,1.0,deterministic
ID_8387EB32,CUST_FCB4B49A,device_id,DEV_FAB5B6D2,Tablet,Chrome,DL,Night,1.0,deterministic
ID_BE34153F,CUST_D86EB996,email,faraj563@gmail.com,,,MH,Afternoon,1.0,deterministic
ID_70FAF9D0,CUST_D86EB996,device_id,DEV_5D0AFF24,Desktop,Edge,KA,Afternoon,1.0,deterministic
ID_A3BF4C91,CUST_E21A7769,email,prisha931@gmail.com,,,KA,Afternoon,1.0,deterministic
ID_F1AA3F2B,CUST_E21A7769,device_id,DEV_288EDD8D,Desktop,Firefox,MH,Morning,1.0,deterministic
ID_F6F12A70,CUST_2810A1B5,email,yatin746@gmail.com,,,DL,Night,1.0,deterministic
ID_B65BB213,CUST_2810A1B5,device_id,DEV_5C6CA94F,Mobile,Safari,MH,Evening,1.0,deterministic
ID_6E8D01CA,CUST_2810A1B5,phone,919373121316,,,TN,Morning,1.0,deterministic
ID_223F8D07,CUST_C8BBBA8B,email,teerth597@gmail.com,,,DL,Night,1.0,deterministic
ID_21D69C6D,CUST_C8BBBA8B,device_id,DEV_D1DAEBD1,Desktop,Chrome,TN,Morning,1.0,deterministic
ID_0AB7A6B0,CUST_C8BBBA8B,phone,918993410781,,,KA,Night,1.0,deterministic
ID_1F56407E,CUST_E110222E,email,januja503@gmail.com,,,KA,Afternoon,1.0,deterministic
ID_90A4A1F4,CUST_E110222E,device_id,DEV_0AD82CD0,Desktop,Safari,TN,Morning,1.0,deterministic
ID_D9ACD0A7,CUST_960A76FC,email,aarna791@gmail.com,,,TN,Night,1.0,deterministic
ID_A13FA60C,CUST_960A76FC,device_id,DEV_9E52C51F,Tablet,Chrome,MH,Morning,1.0,deterministic
ID_87F71E8D,CUST_960A76FC,phone,918404009387,,,DL,Afternoon,1.0,deterministic
ID_32AAC7F8,CUST_8ED17183,email,chanchal802@gmail.com,,,DL,Evening,1.0,deterministic
ID_86FD83AB,CUST_8ED17183,device_id,DEV_078D16E5,Mobile,Edge,MH,Night,1.0,deterministic
ID_23B31FC4,CUST_8ED17183,phone,919569631795,,,MH,Night,1.0,deterministic
ID_966013F4,CUST_BB95004D,email,dalbir794@gmail.com,,,KA,Night,1.0,deterministic
ID_1D90C3C6,CUST_BB95004D,device_id,DEV_35BC905F,Desktop,Chrome,TN,Night,1.0,deterministic
ID_C68DC55A,CUST_BB95004D,phone,919807480940,,,KA,Night,1.0,deterministic
ID_E0BCD5B5,CUST_D8BE749D,email,siya718@gmail.com,,,MH,Afternoon,1.0,deterministic
ID_0BDA1FEB,CUST_D8BE749D,device_id,DEV_1CDEDBC8,Desktop,Edge,KA,Night,1.0,deterministic
ID_5277F262,CUST_D8BE749D,phone,918936561490,,,KA,Afternoon,1.0,deterministic
ID_9FD37174,CUST_6CB57608,email,michael834@gmail.com,,,MH,Evening,1.0,deterministic
ID_48CF2A9F,CUST_6CB57608,device_id,DEV_04E2ABA6,Mobile,Chrome,TN,Afternoon,1.0,deterministic
ID_3DD57CC4,CUST_6CB57608,phone,917770316099,,,DL,Morning,1.0,deterministic
ID_319EFF6A,CUST_26E1B0EB,email,nachiket745@gmail.com,,,DL,Night,1.0,deterministic
ID_24F5F931,CUST_26E1B0EB,device_id,DEV_889C54DC,Tablet,Safari,TN,Morning,1.0,deterministic
ID_4D3B1BDC,CUST_26E1B0EB,phone,917677148323,,,TN,Afternoon,1.0,deterministic
ID_5CA41114,CUST_8C56898E,email,henry801@gmail.com,,,DL,Afternoon,1.0,deterministic
ID_FEEF41D1,CUST_8C56898E,device_id,DEV_F985E13D,Mobile,Edge,MH,Morning,1.0,deterministic
ID_2B40DC0D,CUST_8C56898E,phone,917019048939,,,DL,Morning,1.0,deterministic
ID_1C5F444C,CUST_694440B5,email,azaan160@gmail.com,,,DL,Morning,1.0,deterministic
ID_871100FD,CUST_694440B5,device_id,DEV_39CFF905,Mobile,Edge,KA,Afternoon,1.0,deterministic
ID_3B5E6C32,CUST_F8C7266D,email,xavier618@gmail.com,,,KA,Afternoon,1.0,deterministic
ID_68EB4434,CUST_F8C7266D,device_id,DEV_2BF94D1D,Mobile,Firefox,MH,Afternoon,1.0,deterministic
ID_C953DCA5,CUST_F8C7266D,phone,917541566812,,,DL,Morning,1.0,deterministic
ID_5EA9B086,CUST_8F64453D,email,turvi128@gmail.com,,,MH,Afternoon,1.0,deterministic
ID_854037CE,CUST_8F64453D,device_id,DEV_4B965FCB,Tablet,Safari,KA,Morning,1.0,deterministic
ID_CB684375,CUST_8F64453D,phone,918682756562,,,MH,Night,1.0,deterministic
ID_7BA23664,CUST_4B2F1384,email,balvan370@gmail.com,,,DL,Evening,1.0,deterministic
ID_099BE62B,CUST_4B2F1384,device_id,DEV_6F2B3DA7,Desktop,Edge,DL,Night,1.0,deterministic
ID_977C9E63,CUST_4B2F1384,phone,919645305800,,,KA,Morning,1.0,deterministic
ID_AE328889,CUST_D91D0369,email,ira187@gmail.com,,,MH,Afternoon,1.0,deterministic
ID_CDB8C00E,CUST_D91D0369,device_id,DEV_D9C9056B,Tablet,Edge,TN,Morning,1.0,deterministic
ID_017A149E,CUST_D91D0369,phone,917965728997,,,KA,Night,1.0,deterministic
ID_1A157DA3,CUST_71A2934A,email,chaitanya755@gmail.com,,,TN,Night,1.0,deterministic
ID_427DBF6F,CUST_71A2934A,device_id,DEV_55308BCE,Desktop,Edge,TN,Morning,1.0,deterministic
ID_D5B355B7,CUST_FB2D4E5B,email,nirja750@gmail.com,,,TN,Evening,1.0,deterministic
ID_568A20DA,CUST_FB2D4E5B,device_id,DEV_637A45D6,Desktop,Firefox,DL,Morning,1.0,deterministic
ID_443DB110,CUST_FB2D4E5B,phone,917442410721,,,TN,Morning,1.0,deterministic
ID_ABFEE363,CUST_CD59B969,email,falak693@gmail.com,,,TN,Evening,1.0,deterministic
ID_98CA0C26,CUST_CD59B969,device_id,DEV_513A26FE,Tablet,Edge,KA,Night,1.0,deterministic
ID_F4CEE401,CUST_CD59B969,phone,917482741244,,,TN,Afternoon,1.0,deterministic
ID_C7A1FAE8,CUST_34F50D39,email,chandresh698@gmail.com,,,KA,Evening,1.0,deterministic
ID_C649EE4D,CUST_34F50D39,device_id,DEV_04270C6D,Mobile,Edge,TN,Morning,1.0,deterministic
ID_642357A4,CUST_34F50D39,phone,917229153957,,,MH,Morning,1.0,deterministic
ID_3C700130,CUST_CEDB7614,email,manan287@gmail.com,,,KA,Afternoon,1.0,deterministic
ID_D0B5B6F6,CUST_CEDB7614,device_id,DEV_6F6702BC,Desktop,Chrome,KA,Afternoon,1.0,deterministic
ID_31A54FB1,CUST_CEDB7614,phone,917120969743,,,DL,Evening,1.0,deterministic
ID_F9F267CD,CUST_6703F9EC,email,ekaja251@gmail.com,,,MH,Evening,1.0,deterministic
ID_60FF1A32,CUST_6703F9EC,device_id,DEV_41A593F7,Desktop,Firefox,DL,Evening,1.0,deterministic
ID_5638845D,CUST_E7FDF8E3,email,nakul785@gmail.com,,,DL,Evening,1.0,deterministic
ID_63EF3595,CUST_E7FDF8E3,device_id,DEV_B74C255B,Tablet,Chrome,MH,Afternoon,1.0,deterministic
ID_7AE9BCAD,CUST_E7FDF8E3,phone,917272027092,,,KA,Morning,1.0,deterministic
ID_26DBBB8F,CUST_B3CC624F,email,avni511@gmail.com,,,MH,Night,1.0,deterministic
ID_28F345BA,CUST_B3CC624F,device_id,DEV_577D9ABA,Desktop,Safari,KA,Afternoon,1.0,deterministic
ID_86CCB95E,CUST_B3CC624F,phone,918037588983,,,MH,Afternoon,1.0,deterministic
ID_589FD4EC,CUST_13BCF28C,email,vivaan513@gmail.com,,,KA,Afternoon,1.0,deterministic
ID_51B81E94,CUST_13BCF28C,device_id,DEV_E438580D,Mobile,Safari,KA,Night,1.0,deterministic
ID_8668D376,CUST_8356E3B7,email,ekta205@gmail.com,,,TN,Morning,1.0,deterministic
ID_96FF2987,CUST_8356E3B7,device_id,DEV_AC90E1F7,Desktop,Safari,MH,Morning,1.0,deterministic
ID_83D003EF,CUST_8356E3B7,phone,917447255334,,,DL,Evening,1.0,deterministic
ID_C5473F62,CUST_9FEEEC4A,email,chatura897@gmail.com,,,KA,Night,1.0,deterministic
ID_C152F4E3,CUST_9FEEEC4A,device_id,DEV_405CFA08,Tablet,Chrome,KA,Morning,1.0,deterministic
ID_6755E5D6,CUST_9FEEEC4A,phone,917592339083,,,MH,Evening,1.0,deterministic
ID_88DE5871,CUST_852D59DB,email,devansh721@gmail.com,,,DL,Afternoon,1.0,deterministic
ID_EA4F65EE,CUST_852D59DB,device_id,DEV_18F49CD0,Tablet,Edge,KA,Afternoon,1.0,deterministic
ID_B354F241,CUST_852D59DB,phone,918700508753,,,MH,Morning,1.0,deterministic
ID_AC02A5DD,CUST_ED659A81,email,waida389@gmail.com,,,TN,Afternoon,1.0,deterministic
ID_161443F6,CUST_ED659A81,device_id,DEV_CDAA8C92,Desktop,Chrome,KA,Afternoon,1.0,deterministic
ID_0E9D29F3,CUST_ED659A81,phone,918234094274,,,MH,Morning,1.0,deterministic
ID_F8157E76,CUST_A618E3BA,email,harinakshi942@gmail.com,,,KA,Evening,1.0,deterministic
ID_1DF5FA4F,CUST_A618E3BA,device_id,DEV_410A453B,Mobile,Safari,TN,Night,1.0,deterministic
ID_E1FC4DAD,CUST_A618E3BA,phone,919176750561,,,KA,Morning,1.0,deterministic
ID_EBCFA086,CUST_FA778FB9,email,jack690@gmail.com,,,KA,Morning,1.0,deterministic
ID_1A49E7EF,CUST_FA778FB9,device_id,DEV_7268136A,Tablet,Firefox,MH,Night,1.0,deterministic
ID_F6B73EA2,CUST_FA778FB9,phone,918390860207,,,MH,Night,1.0,deterministic
ID_6B6ED792,CUST_48BD7B88,email,imaran646@gmail.com,,,TN,Evening,1.0,deterministic
ID_FF9D31C3,CUST_48BD7B88,device_id,DEV_7D7B0B04,Tablet,Safari,DL,Evening,1.0,deterministic
ID_32B18337,CUST_48BD7B88,phone,918720134028,,,TN,Evening,1.0,deterministic
ID_AA5DAD79,CUST_16ACD0C6,email,oscar230@gmail.com,,,KA,Afternoon,1.0,deterministic
ID_723DB5C5,CUST_16ACD0C6,device_id,DEV_3C2A273C,Tablet,Firefox,MH,Afternoon,1.0,deterministic
ID_E4EE849C,CUST_16ACD0C6,phone,919598188826,,,TN,Night,1.0,deterministic
ID_BA5C849E,CUST_37EB011F,email,zehaan971@gmail.com,,,KA,Afternoon,1.0,deterministic
ID_3A2EA96E,CUST_37EB011F,device_id,DEV_684EFE07,Tablet,Chrome,TN,Morning,1.0,deterministic
ID_88B012C1,CUST_88F1E24C,email,prisha511@gmail.com,,,MH,Morning,1.0,deterministic
ID_657F86B1,CUST_88F1E24C,device_id,DEV_690F6B44,Desktop,Firefox,TN,Morning,1.0,deterministic
ID_B047EBEA,CUST_C92AD391,email,theodore663@gmail.com,,,DL,Morning,1.0,deterministic
ID_B78D2869,CUST_C92AD391,device_id,DEV_1343909A,Desktop,Edge,TN,Morning,1.0,deterministic
ID_AF8A9EF2,CUST_C92AD391,phone,918726573696,,,DL,Afternoon,1.0,deterministic
ID_970A0F6B,CUST_D95E4ED6,email,guneet720@gmail.com,,,MH,Morning,1.0,deterministic
ID_72614125,CUST_D95E4ED6,device_id,DEV_D5F68F86,Mobile,Chrome,DL,Evening,1.0,deterministic
ID_844447C8,CUST_D95E4ED6,phone,917676633658,,,MH,Afternoon,1.0,deterministic
ID_751B849C,CUST_A9E98AE2,email,vinaya272@gmail.com,,,MH,Night,1.0,deterministic
ID_1F92604A,CUST_A9E98AE2,device_id,DEV_9663EFF3,Tablet,Safari,KA,Afternoon,1.0,deterministic
ID_2FDC53FD,CUST_A9E98AE2,phone,917641218072,,,KA,Morning,1.0,deterministic
ID_A00E55F9,CUST_060BDD16,email,oviya468@gmail.com,,,TN,Night,1.0,deterministic
ID_74C87AD6,CUST_060BDD16,device_id,DEV_A6022B3D,Mobile,Safari,MH,Afternoon,1.0,deterministic
ID_576B8AE3,CUST_D11AA116,email,faris111@gmail.com,,,DL,Evening,1.0,deterministic
ID_D63D0F0A,CUST_D11AA116,device_id,DEV_93BD564A,Desktop,Chrome,MH,Afternoon,1.0,deterministic
ID_39A9AE47,CUST_D11AA116,phone,918708354514,,,KA,Night,1.0,deterministic
ID_AF30CF5E,CUST_CCAC32CA,email,farhan672@gmail.com,,,TN,Night,1.0,deterministic
ID_6FACED05,CUST_CCAC32CA,device_id,DEV_FCB12FC3,Mobile,Safari,MH,Evening,1.0,deterministic
ID_B089C6CE,CUST_CCAC32CA,phone,918878864187,,,KA,Evening,1.0,deterministic
ID_D66EF249,CUST_AC9B2E3E,email,ati276@gmail.com,,,MH,Evening,1.0,deterministic
ID_B425A02A,CUST_AC9B2E3E,device_id,DEV_51B21525,Tablet,Firefox,DL,Evening,1.0,deterministic
ID_4559230C,CUST_7F8ED2EF,email,raghav876@gmail.com,,,DL,Evening,1.0,deterministic
ID_ED126810,CUST_7F8ED2EF,device_id,DEV_F4160BBD,Mobile,Chrome,DL,Afternoon,1.0,deterministic
ID_695ACE27,CUST_7F8ED2EF,phone,919425266214,,,MH,Afternoon,1.0,deterministic
ID_D7D53348,CUST_A778788F,email,watika126@gmail.com,,,MH,Morning,1.0,deterministic
ID_E1F9D0AE,CUST_A778788F,device_id,DEV_44D7B7D3,Desktop,Safari,TN,Night,1.0,deterministic
ID_99BD8696,CUST_A778788F,phone,919481006074,,,KA,Morning,1.0,deterministic
ID_0AEE999D,CUST_630EA12D,email,imaran934@gmail.com,,,DL,Morning,1.0,deterministic
ID_D987D98B,CUST_630EA12D,device_id,DEV_123763EB,Desktop,Edge,MH,Afternoon,1.0,deterministic
ID_2E78A690,CUST_630EA12D,phone,919339897122,,,MH,Afternoon,1.0,deterministic
ID_92A60D47,CUST_844A74FA,email,gavin234@gmail.com,,,KA,Evening,1.0,deterministic
ID_9DFD5DCA,CUST_844A74FA,device_id,DEV_B90459A5,Desktop,Safari,TN,Afternoon,1.0,deterministic
ID_E9E06FE2,CUST_844A74FA,phone,918984899628,,,KA,Afternoon,1.0,deterministic
ID_B8088A5E,CUST_5EA551EB,email,hamsini158@gmail.com,,,DL,Morning,1.0,deterministic
ID_227B965B,CUST_5EA551EB,device_id,DEV_CA134274,Desktop,Firefox,TN,Afternoon,1.0,deterministic
ID_52BB7FE4,CUST_5EA551EB,phone,918130207188,,,DL,Night,1.0,deterministic
ID_55FFDE4C,CUST_C7B4B9BD,email,karan889@gmail.com,,,MH,Night,1.0,deterministic
ID_F37A781E,CUST_C7B4B9BD,device_id,DEV_C95A270E,Mobile,Chrome,TN,Night,1.0,deterministic
ID_E8F7D3E0,CUST_C7B4B9BD,phone,918590923239,,,DL,Evening,1.0,deterministic
ID_5F5F4E32,CUST_17A20F69,email,ranveer135@gmail.com,,,TN,Morning,1.0,deterministic
ID_E19C1B09,CUST_17A20F69,device_id,DEV_CCAB15F8,Mobile,Chrome,KA,Afternoon,1.0,deterministic
ID_7ACDF5EC,CUST_17A20F69,phone,917911338713,,,DL,Afternoon,1.0,deterministic
ID_9357E057,CUST_555700B4,email,pushti48@gmail.com,,,MH,Evening,1.0,deterministic
ID_C42EAC37,CUST_555700B4,device_id,DEV_840CD044,Mobile,Firefox,KA,Morning,1.0,deterministic
ID_2959C42A,CUST_555700B4,phone,917738719184,,,TN,Evening,1.0,deterministic
ID_B23EE224,CUST_259657D3,email,sanaya104@gmail.com,,,KA,Evening,1.0,deterministic
ID_E9E45191,CUST_259657D3,device_id,DEV_D848139A,Tablet,Edge,DL,Morning,1.0,deterministic
ID_B3551171,CUST_64ECE7EE,email,chatura283@gmail.com,,,DL,Evening,1.0,deterministic
ID_D657403E,CUST_64ECE7EE,device_id,DEV_68B5C360,Desktop,Firefox,DL,Morning,1.0,deterministic
ID_D79CD0F0,CUST_64ECE7EE,phone,919085114566,,,KA,Night,1.0,deterministic
ID_4F9FDB8C,CUST_357B8D04,email,gaurang626@gmail.com,,,TN,Afternoon,1.0,deterministic
ID_5D0ADC43,CUST_357B8D04,device_id,DEV_57C1142A,Tablet,Chrome,TN,Morning,1.0,deterministic
ID_F81B1FBC,CUST_357B8D04,phone,918897515182,,,MH,Afternoon,1.0,deterministic
ID_3F00701E,CUST_D3C96A5E,email,indira918@gmail.com,,,DL,Morning,1.0,deterministic
ID_FBA75281,CUST_D3C96A5E,device_id,DEV_9AA5987F,Tablet,Chrome,KA,Evening,1.0,deterministic
ID_84BD5E6E,CUST_D3C96A5E,phone,919356496972,,,TN,Morning,1.0,deterministic
ID_0E392BF5,CUST_DCF1FC29,email,matthew907@gmail.com,,,TN,Evening,1.0,deterministic
ID_7E71E95B,CUST_DCF1FC29,device_id,DEV_B0F1BEFA,Tablet,Firefox,MH,Morning,1.0,deterministic
ID_2CAC610A,CUST_4E07FA68,email,zayyan272@gmail.com,,,MH,Evening,1.0,deterministic
ID_9C1867BE,CUST_4E07FA68,device_id,DEV_8720A7D5,Mobile,Chrome,DL,Night,1.0,deterministic
ID_8D3F9D57,CUST_6610877B,email,osha639@gmail.com,,,MH,Morning,1.0,deterministic
ID_702194C8,CUST_6610877B,device_id,DEV_FFD22F47,Mobile,Edge,MH,Afternoon,1.0,deterministic
ID_5F58D4C9,CUST_CDE020CE,email,mitali947@gmail.com,,,KA,Evening,1.0,deterministic
ID_6DFE15C0,CUST_CDE020CE,device_id,DEV_395699B1,Tablet,Safari,TN,Evening,1.0,deterministic
ID_26E2B9C3,CUST_CDE020CE,phone,917921324342,,,KA,Morning,1.0,deterministic
ID_9FDD2482,CUST_6633CBAE,email,gunbir609@gmail.com,,,KA,Night,1.0,deterministic
ID_466BA4ED,CUST_6633CBAE,device_id,DEV_38297A6C,Desktop,Edge,KA,Afternoon,1.0,deterministic
ID_2DDDC6C1,CUST_2C34128B,email,ikshita455@gmail.com,,,MH,Evening,1.0,deterministic
ID_1FE1C786,CUST_2C34128B,device_id,DEV_29E25640,Tablet,Firefox,KA,Afternoon,1.0,deterministic
ID_59905320,CUST_2C34128B,phone,919156949231,,,DL,Morning,1.0,deterministic
ID_1FA05EC0,CUST_7A39BAA4,email,onkar387@gmail.com,,,KA,Afternoon,1.0,deterministic
ID_693B906F,CUST_7A39BAA4,device_id,DEV_E4E68275,Desktop,Safari,DL,Night,1.0,deterministic
ID_5082789E,CUST_AA3A1862,email,gautami740@gmail.com,,,TN,Evening,1.0,deterministic
ID_6661DED6,CUST_AA3A1862,device_id,DEV_C28E617F,Tablet,Edge,TN,Morning,1.0,deterministic
ID_846F6E05,CUST_AA3A1862,phone,917251641981,,,MH,Evening,1.0,deterministic
ID_D10CAD25,CUST_CC054EE0,email,dominic970@gmail.com,,,MH,Afternoon,1.0,deterministic
ID_E10D5B6C,CUST_CC054EE0,device_id,DEV_30CC7205,Tablet,Safari,TN,Afternoon,1.0,deterministic
ID_7B262C7A,CUST_CC054EE0,phone,919040123199,,,DL,Evening,1.0,deterministic
ID_ACA9C888,CUST_37055F28,email,eesha78@gmail.com,,,KA,Night,1.0,deterministic
ID_5886C543,CUST_37055F28,device_id,DEV_2372F72E,Desktop,Chrome,DL,Morning,1.0,deterministic
ID_A2CCAE59,CUST_06B32EE5,email,avi883@gmail.com,,,DL,Afternoon,1.0,deterministic
ID_F41622EC,CUST_06B32EE5,device_id,DEV_E1A95D71,Mobile,Firefox,MH,Night,1.0,deterministic
ID_DC8C1829,CUST_06B32EE5,phone,919678594055,,,DL,Morning,1.0,deterministic
ID_01380055,CUST_65E04417,email,samaksh707@gmail.com,,,KA,Night,1.0,deterministic
ID_096B1748,CUST_65E04417,device_id,DEV_B88256D5,Desktop,Edge,MH,Afternoon,1.0,deterministic
ID_9D85710A,CUST_E6D7B89B,email,ayush897@gmail.com,,,DL,Afternoon,1.0,deterministic
ID_3D96F56E,CUST_E6D7B89B,device_id,DEV_DF688F07,Tablet,Edge,MH,Evening,1.0,deterministic
ID_FD2FC674,CUST_E6D7B89B,phone,917161154281,,,KA,Night,1.0,deterministic
ID_5248CB21,CUST_270F74DF,email,ira166@gmail.com,,,TN,Evening,1.0,deterministic
ID_94140461,CUST_270F74DF,device_id,DEV_82E3C054,Mobile,Edge,DL,Afternoon,1.0,deterministic
ID_03BAD2A4,CUST_910181D2,email,andrew940@gmail.com,,,DL,Evening,1.0,deterministic
ID_60DADFB0,CUST_910181D2,device_id,DEV_D9C4ADE5,Desktop,Firefox,MH,Morning,1.0,deterministic
ID_5C6A4CB9,CUST_910181D2,phone,917851516565,,,KA,Morning,1.0,deterministic
ID_B4D15F2F,CUST_6301D9F7,email,amol896@gmail.com,,,MH,Night,1.0,deterministic
ID_24CCEB9E,CUST_6301D9F7,device_id,DEV_FF363C8D,Desktop,Safari,TN,Evening,1.0,deterministic
ID_EA3A70D6,CUST_6301D9F7,phone,919602303320,,,TN,Night,1.0,deterministic
ID_30D13144,CUST_A33A37D8,email,jagvi948@gmail.com,,,MH,Morning,1.0,deterministic
ID_836FD60C,CUST_A33A37D8,device_id,DEV_D940A4A1,Desktop,Edge,KA,Afternoon,1.0,deterministic
ID_86F14496,CUST_A33A37D8,phone,917780265143,,,MH,Afternoon,1.0,deterministic
ID_DDD97F40,CUST_8F84B196,email,damini439@gmail.com,,,MH,Morning,1.0,deterministic
ID_B3CD5BDA,CUST_8F84B196,device_id,DEV_A908ECCB,Tablet,Safari,KA,Evening,1.0,deterministic
ID_853A4DD9,CUST_9C39A1BB,email,bhavya160@gmail.com,,,KA,Night,1.0,deterministic
ID_33F01C90,CUST_9C39A1BB,device_id,DEV_D9242627,Desktop,Firefox,TN,Morning,1.0,deterministic
ID_79071D9D,CUST_9C39A1BB,phone,919300805176,,,MH,Morning,1.0,deterministic
ID_ED2B1D52,CUST_4A5C1BEB,email,ekbal552@gmail.com,,,DL,Evening,1.0,deterministic
ID_BBF28F6C,CUST_4A5C1BEB,device_id,DEV_ABD8903B,Desktop,Firefox,MH,Evening,1.0,deterministic
ID_A569412E,CUST_4A5C1BEB,phone,918818734208,,,DL,Morning,1.0,deterministic
ID_35E779D0,CUST_90CC98DA,email,mohammed225@gmail.com,,,TN,Morning,1.0,deterministic
ID_3D030C37,CUST_90CC98DA,device_id,DEV_F5660EE7,Desktop,Safari,MH,Night,1.0,deterministic
ID_3B93BED0,CUST_90CC98DA,phone,917827330327,,,TN,Evening,1.0,deterministic
ID_BC6B0B51,CUST_D3620381,email,om499@gmail.com,,,MH,Night,1.0,deterministic
ID_B011DA69,CUST_D3620381,device_id,DEV_28086C36,Desktop,Firefox,KA,Morning,1.0,deterministic
ID_D1DA0E50,CUST_D3620381,phone,918336200706,,,KA,Evening,1.0,deterministic
ID_EF08881F,CUST_B13B4F5E,email,jai278@gmail.com,,,TN,Morning,1.0,deterministic
ID_4E56DFF1,CUST_B13B4F5E,device_id,DEV_B760E8EA,Mobile,Firefox,TN,Night,1.0,deterministic
ID_7B6BC825,CUST_B13B4F5E,phone,919573011045,,,KA,Night,1.0,deterministic
ID_BBAB589F,CUST_78C3C998,email,xavier818@gmail.com,,,TN,Night,1.0,deterministic
ID_0D26C190,CUST_78C3C998,device_id,DEV_796AC468,Desktop,Safari,MH,Evening,1.0,deterministic
ID_1212CBF2,CUST_4F73EDFF,email,oscar563@gmail.com,,,KA,Evening,1.0,deterministic
ID_49B687E6,CUST_4F73EDFF,device_id,DEV_594F7EAF,Tablet,Firefox,KA,Night,1.0,deterministic
ID_C1DADE62,CUST_4F73EDFF,phone,918104285337,,,KA,Morning,1.0,deterministic
ID_F37D3F21,CUST_CABDE95A,email,pushti889@gmail.com,,,DL,Morning,1.0,deterministic
ID_A0DBAABD,CUST_CABDE95A,device_id,DEV_5BC2901D,Desktop,Firefox,MH,Afternoon,1.0,deterministic
ID_D93B9255,CUST_CABDE95A,phone,917534802213,,,DL,Evening,1.0,deterministic
ID_377201CA,CUST_8290A620,email,jatin751@gmail.com,,,TN,Afternoon,1.0,deterministic
ID_613B5A09,CUST_8290A620,device_id,DEV_4B164E17,Desktop,Firefox,DL,Evening,1.0,deterministic
ID_6300DDD2,CUST_8290A620,phone,917614627507,,,KA,Evening,1.0,deterministic
ID_BF0A4D2E,CUST_5592D9DA,email,avi764@gmail.com,,,KA,Afternoon,1.0,deterministic
ID_E0F8A12D,CUST_5592D9DA,device_id,DEV_4292647D,Tablet,Safari,MH,Morning,1.0,deterministic
ID_1D991D66,CUST_5592D9DA,phone,919008798095,,,KA,Evening,1.0,deterministic
ID_12A71F78,CUST_6080E2EB,email,karan476@gmail.com,,,MH,Evening,1.0,deterministic
ID_E1E84463,CUST_6080E2EB,device_id,DEV_FCF10422,Desktop,Edge,MH,Night,1.0,deterministic
ID_DA480512,CUST_EFC80D26,email,zaitra995@gmail.com,,,TN,Morning,1.0,deterministic
ID_FEC5FFDE,CUST_EFC80D26,device_id,DEV_D63E51D4,Tablet,Safari,KA,Night,1.0,deterministic
ID_F57B0188,CUST_EFC80D26,phone,919478795533,,,DL,Evening,1.0,deterministic
ID_BB74FCBD,CUST_8A353FB6,email,avi448@gmail.com,,,DL,Evening,1.0,deterministic
ID_FA302BBD,CUST_8A353FB6,device_id,DEV_226CEC6B,Desktop,Chrome,DL,Evening,1.0,deterministic
ID_78635CEB,CUST_8A353FB6,phone,917682179810,,,TN,Morning,1.0,deterministic
ID_689BC7C6,CUST_BBA98762,email,yauvani375@gmail.com,,,MH,Evening,1.0,deterministic
ID_2C336917,CUST_BBA98762,device_id,DEV_68F8A62C,Tablet,Chrome,DL,Evening,1.0,deterministic
ID_A85D1578,CUST_69E3C3BC,email,karan865@gmail.com,,,KA,Night,1.0,deterministic
ID_AF726595,CUST_69E3C3BC,device_id,DEV_F76CA6BD,Desktop,Firefox,DL,Morning,1.0,deterministic
ID_CE86D890,CUST_0EBA4300,email,ekapad376@gmail.com,,,DL,Afternoon,1.0,deterministic
ID_9B8458EF,CUST_0EBA4300,device_id,DEV_FDC0490A,Mobile,Safari,DL,Afternoon,1.0,deterministic
ID_0D705540,CUST_2DCC9A50,email,tristan784@gmail.com,,,KA,Night,1.0,deterministic
ID_8AD42CC5,CUST_2DCC9A50,device_id,DEV_C3E4482F,Desktop,Edge,DL,Morning,1.0,deterministic
ID_05C4FC02,CUST_2DCC9A50,phone,917690864240,,,MH,Afternoon,1.0,deterministic
ID_4B410F28,CUST_0969A929,email,harita834@gmail.com,,,KA,Evening,1.0,deterministic
ID_047FD853,CUST_0969A929,device_id,DEV_81B0A976,Desktop,Chrome,TN,Evening,1.0,deterministic
ID_429DCBB4,CUST_0969A929,phone,919773566402,,,KA,Evening,1.0,deterministic
ID_C0A7D32C,CUST_63815039,email,brijesh694@gmail.com,,,DL,Morning,1.0,deterministic
ID_1693001C,CUST_63815039,device_id,DEV_F7EC799E,Tablet,Chrome,TN,Morning,1.0,deterministic
ID_93F2D734,CUST_63815039,phone,917655607577,,,MH,Evening,1.0,deterministic
ID_569CD22E,CUST_4490EE8E,email,darika314@gmail.com,,,TN,Afternoon,1.0,deterministic
ID_D4F6F7A0,CUST_4490EE8E,device_id,DEV_70CFC0B0,Tablet,Chrome,KA,Night,1.0,deterministic
ID_7DE17CDB,CUST_4490EE8E,phone,918302152446,,,KA,Morning,1.0,deterministic
ID_B2753A61,CUST_9D23F007,email,aarini969@gmail.com,,,DL,Evening,1.0,deterministic
ID_6783F992,CUST_9D23F007,device_id,DEV_2C7D4F1E,Tablet,Chrome,KA,Night,1.0,deterministic
ID_5B59B3E1,CUST_9D23F007,phone,919362402325,,,TN,Evening,1.0,deterministic
ID_2BBDAAA6,CUST_F1C77A66,email,falan229@gmail.com,,,KA,Evening,1.0,deterministic
ID_360F9F85,CUST_F1C77A66,device_id,DEV_BBCDBACE,Mobile,Edge,KA,Morning,1.0,deterministic
ID_03FBB1E7,CUST_F1C77A66,phone,917451965786,,,DL,Morning,1.0,deterministic
ID_80DF7BDC,CUST_2CEA878B,email,kalpit123@gmail.com,,,TN,Evening,1.0,deterministic
ID_803AA27C,CUST_2CEA878B,device_id,DEV_9D3A4856,Mobile,Firefox,MH,Night,1.0,deterministic
ID_73DA1105,CUST_2CEA878B,phone,917313256956,,,KA,Evening,1.0,deterministic
ID_1136C610,CUST_587AD8A4,email,kashish282@gmail.com,,,MH,Morning,1.0,deterministic
ID_DCC04138,CUST_587AD8A4,device_id,DEV_214D8820,Tablet,Edge,KA,Afternoon,1.0,deterministic
ID_93C86C4D,CUST_587AD8A4,phone,917069743201,,,TN,Evening,1.0,deterministic
ID_6D461CA9,CUST_B43BDCE6,email,qasim901@gmail.com,,,KA,Night,1.0,deterministic
ID_D37F21F0,CUST_B43BDCE6,device_id,DEV_170C161E,Mobile,Edge,KA,Night,1.0,deterministic
ID_7E5B247C,CUST_B43BDCE6,phone,919237213386,,,MH,Afternoon,1.0,deterministic
ID_DDBD8621,CUST_4E9B31C7,email,balveer306@gmail.com,,,DL,Night,1.0,deterministic
ID_9358801F,CUST_4E9B31C7,device_id,DEV_F624DEE1,Desktop,Firefox,DL,Evening,1.0,deterministic
ID_3639B1AA,CUST_4E9B31C7,phone,917287381978,,,TN,Morning,1.0,deterministic
ID_A9D97E29,CUST_FE06D134,email,chaitanya475@gmail.com,,,DL,Evening,1.0,deterministic
ID_573900C9,CUST_FE06D134,device_id,DEV_3C0B15D3,Tablet,Chrome,KA,Afternoon,1.0,deterministic
ID_4D79FD4D,CUST_ADB57CAD,email,sai954@gmail.com,,,MH,Morning,1.0,deterministic
ID_004CC169,CUST_ADB57CAD,device_id,DEV_E72A7296,Desktop,Edge,TN,Morning,1.0,deterministic
ID_6FC89614,CUST_D973F35F,email,devansh702@gmail.com,,,MH,Morning,1.0,deterministic
ID_5990FB7D,CUST_D973F35F,device_id,DEV_883B9C7E,Desktop,Edge,DL,Night,1.0,deterministic
ID_4C7A6DF8,CUST_D973F35F,phone,919085287974,,,KA,Night,1.0,deterministic
ID_1B323CE9,CUST_86A609C6,email,jagat40@gmail.com,,,MH,Evening,1.0,deterministic
ID_C15831C3,CUST_86A609C6,device_id,DEV_48065A06,Desktop,Chrome,DL,Afternoon,1.0,deterministic
ID_F93EE7B6,CUST_86A609C6,phone,918489255467,,,MH,Afternoon,1.0,deterministic
ID_3EC54B43,CUST_57541408,email,priya38@gmail.com,,,DL,Evening,1.0,deterministic
ID_CB8BF66C,CUST_57541408,device_id,DEV_EE9E66D8,Desktop,Firefox,DL,Morning,1.0,deterministic
ID_CEBB543A,CUST_57541408,phone,919610650789,,,MH,Night,1.0,deterministic
ID_6DEC45CF,CUST_647F8747,email,tamanna27@gmail.com,,,TN,Morning,1.0,deterministic
ID_80B70DB0,CUST_647F8747,device_id,DEV_B97E784C,Desktop,Edge,TN,Evening,1.0,deterministic
ID_C4E5967D,CUST_647F8747,phone,919945524595,,,TN,Night,1.0,deterministic
ID_345B3C89,CUST_C4A8005E,email,ladli156@gmail.com,,,MH,Afternoon,1.0,deterministic
ID_B012A0FF,CUST_C4A8005E,device_id,DEV_53A82317,Desktop,Safari,DL,Night,1.0,deterministic
ID_0A3FE6F6,CUST_0AD2B348,email,fariq383@gmail.com,,,MH,Morning,1.0,deterministic
ID_67BF782A,CUST_0AD2B348,device_id,DEV_19C9DA1E,Tablet,Safari,DL,Night,1.0,deterministic
ID_2D96C4B6,CUST_0AD2B348,phone,919618795335,,,MH,Evening,1.0,deterministic
ID_47C3107D,CUST_18CE6EE9,email,samuel117@gmail.com,,,MH,Evening,1.0,deterministic
ID_BD70E35C,CUST_18CE6EE9,device_id,DEV_A9E9252A,Mobile,Safari,KA,Afternoon,1.0,deterministic
ID_0C0E1B81,CUST_18CE6EE9,phone,918112225931,,,KA,Evening,1.0,deterministic
ID_244A0E03,CUST_D5C2AF50,email,saumya353@gmail.com,,,TN,Evening,1.0,deterministic
ID_A5F26999,CUST_D5C2AF50,device_id,DEV_E5884F2F,Tablet,Chrome,KA,Afternoon,1.0,deterministic
ID_ED766A4D,CUST_D5C2AF50,phone,918542576902,,,KA,Evening,1.0,deterministic
ID_A4468C90,CUST_CB85A64B,email,wakeeta916@gmail.com,,,KA,Evening,1.0,deterministic
ID_9F93427C,CUST_CB85A64B,device_id,DEV_509A2F21,Mobile,Edge,TN,Night,1.0,deterministic
ID_8B264CB4,CUST_CB85A64B,phone,918096343407,,,MH,Night,1.0,deterministic
ID_B3CDBF0A,CUST_DD199304,email,girindra134@gmail.com,,,DL,Night,1.0,deterministic
ID_EE124473,CUST_DD199304,device_id,DEV_BC2B6832,Mobile,Firefox,MH,Night,1.0,deterministic
ID_AC60D887,CUST_DD199304,phone,919652704261,,,KA,Night,1.0,deterministic
ID_01E91041,CUST_5382FC8A,email,madhav727@gmail.com,,,KA,Night,1.0,deterministic
ID_44C1343B,CUST_5382FC8A,device_id,DEV_DBF162F1,Tablet,Edge,KA,Morning,1.0,deterministic
ID_B9FFA672,CUST_131DA56E,email,baljiwan688@gmail.com,,,KA,Morning,1.0,deterministic
ID_A3271B2B,CUST_131DA56E,device_id,DEV_5739E7C5,Desktop,Safari,TN,Night,1.0,deterministic
ID_0C0BD48A,CUST_131DA56E,phone,918432914481,,,TN,Night,1.0,deterministic
ID_A48DC3D4,CUST_770B623C,email,wriddhish969@gmail.com,,,DL,Night,1.0,deterministic
ID_57040B3F,CUST_770B623C,device_id,DEV_9ADF4CF6,Tablet,Chrome,MH,Afternoon,1.0,deterministic
ID_B3BA1D9B,CUST_770B623C,phone,919903696544,,,MH,Morning,1.0,deterministic
ID_CD143962,CUST_0E180EA4,email,edhitha262@gmail.com,,,TN,Night,1.0,deterministic
ID_9008E5E2,CUST_0E180EA4,device_id,DEV_EC121C91,Mobile,Chrome,MH,Evening,1.0,deterministic
ID_BBCF5B2B,CUST_0E180EA4,phone,919929992262,,,DL,Night,1.0,deterministic
ID_BF83A7F5,CUST_3BD1BFA6,email,onkar714@gmail.com,,,DL,Evening,1.0,deterministic
ID_A0913287,CUST_3BD1BFA6,device_id,DEV_6264D145,Mobile,Edge,DL,Afternoon,1.0,deterministic
ID_4F02F9E6,CUST_0947CD11,email,girindra694@gmail.com,,,MH,Morning,1.0,deterministic
ID_7DC1B610,CUST_0947CD11,device_id,DEV_54DDDD70,Desktop,Chrome,KA,Evening,1.0,deterministic
ID_5FC20F77,CUST_716F42AB,email,ikshita636@gmail.com,,,DL,Night,1.0,deterministic
ID_90A697C9,CUST_716F42AB,device_id,DEV_79B5D3D9,Mobile,Safari,TN,Night,1.0,deterministic
ID_0373FAA8,CUST_716F42AB,phone,918561224827,,,TN,Evening,1.0,deterministic
ID_4A30A12E,CUST_C143D2F6,email,laban121@gmail.com,,,TN,Evening,1.0,deterministic
ID_CE538DD4,CUST_C143D2F6,device_id,DEV_1D2C60BC,Mobile,Firefox,TN,Evening,1.0,deterministic
ID_1FC0146E,CUST_56993D8E,email,yashoda857@gmail.com,,,MH,Afternoon,1.0,deterministic
ID_019631C7,CUST_56993D8E,device_id,DEV_292436A4,Tablet,Firefox,TN,Evening,1.0,deterministic
ID_0A5E5727,CUST_A7E53581,email,chaitaly657@gmail.com,,,KA,Morning,1.0,deterministic
ID_D24D6A57,CUST_A7E53581,device_id,DEV_D47F4938,Tablet,Safari,MH,Evening,1.0,deterministic
ID_D4217123,CUST_A7E53581,phone,918068370142,,,MH,Morning,1.0,deterministic
ID_DBF602F7,CUST_9CB02BCF,email,harsh44@gmail.com,,,TN,Evening,1.0,deterministic
ID_92E29AEA,CUST_9CB02BCF,device_id,DEV_A6FA4F5D,Desktop,Edge,TN,Afternoon,1.0,deterministic
ID_616ADA57,CUST_9CB02BCF,phone,919935332832,,,DL,Morning,1.0,deterministic
ID_FB50273A,CUST_503BE15D,email,yagnesh204@gmail.com,,,KA,Morning,1.0,deterministic
ID_0E8F1886,CUST_503BE15D,device_id,DEV_8D793A05,Tablet,Safari,MH,Night,1.0,deterministic
ID_1F64D0C3,CUST_503BE15D,phone,917940968225,,,DL,Morning,1.0,deterministic
ID_11242147,CUST_C2207C2D,email,shaurya461@gmail.com,,,KA,Evening,1.0,deterministic
ID_515F48E1,CUST_C2207C2D,device_id,DEV_C0BB1BFC,Mobile,Firefox,KA,Morning,1.0,deterministic
ID_E5AC3235,CUST_02424CE3,email,fiyaz245@gmail.com,,,DL,Afternoon,1.0,deterministic
ID_9BE1AD1A,CUST_02424CE3,device_id,DEV_5F2EAC8B,Mobile,Chrome,DL,Night,1.0,deterministic
ID_426ED185,CUST_02424CE3,phone,919839370943,,,TN,Afternoon,1.0,deterministic
ID_7B61C82F,CUST_1FF0F4B8,email,guneet656@gmail.com,,,KA,Afternoon,1.0,deterministic
ID_BE3749C9,CUST_1FF0F4B8,device_id,DEV_065138A9,Mobile,Firefox,MH,Night,1.0,deterministic
ID_7BAF08CB,CUST_1FF0F4B8,phone,917645643670,,,TN,Afternoon,1.0,deterministic
ID_A108B464,CUST_0B5ABC6D,email,alka398@gmail.com,,,KA,Afternoon,1.0,deterministic
ID_2D3F7BC0,CUST_0B5ABC6D,device_id,DEV_87BDD02C,Tablet,Edge,KA,Night,1.0,deterministic
ID_EB8428BA,CUST_0B5ABC6D,phone,919515590147,,,TN,Night,1.0,deterministic
ID_4B7FBAC2,CUST_184CC8F1,email,ikshita97@gmail.com,,,DL,Night,1.0,deterministic
ID_B1194FB3,CUST_184CC8F1,device_id,DEV_97165480,Tablet,Safari,KA,Morning,1.0,deterministic
ID_C485EEE2,CUST_184CC8F1,phone,918408367840,,,MH,Night,1.0,deterministic
ID_19B11B93,CUST_E4B13E8F,email,xalak320@gmail.com,,,KA,Morning,1.0,deterministic
ID_27CF008C,CUST_E4B13E8F,device_id,DEV_7073C134,Desktop,Safari,TN,Morning,1.0,deterministic
ID_EA99D73C,CUST_81CA5D16,email,aashi152@gmail.com,,,MH,Afternoon,1.0,deterministic
ID_8B6BC62F,CUST_81CA5D16,device_id,DEV_DBA245CA,Tablet,Edge,MH,Night,1.0,deterministic
ID_1F0D4641,CUST_81CA5D16,phone,919477267378,,,TN,Morning,1.0,deterministic
ID_0BE6F419,CUST_83645FC6,email,robert986@gmail.com,,,DL,Evening,1.0,deterministic
ID_9EC74A70,CUST_83645FC6,device_id,DEV_F60D8A48,Mobile,Edge,TN,Night,1.0,deterministic
ID_86D1B42E,CUST_83645FC6,phone,917061726317,,,DL,Evening,1.0,deterministic
ID_01C6FE68,CUST_6E5A12E9,email,chanakya922@gmail.com,,,DL,Evening,1.0,deterministic
ID_42253EB1,CUST_6E5A12E9,device_id,DEV_60C17EE4,Mobile,Chrome,KA,Night,1.0,deterministic
ID_DA58119F,CUST_AC41ECF3,email,nilima256@gmail.com,,,DL,Night,1.0,deterministic
ID_9F23002D,CUST_AC41ECF3,device_id,DEV_4889CCD9,Tablet,Safari,DL,Evening,1.0,deterministic
ID_7563F0DF,CUST_3683D49C,email,inaya363@gmail.com,,,KA,Evening,1.0,deterministic
ID_DAA82BEA,CUST_3683D49C,device_id,DEV_679798BE,Mobile,Safari,KA,Morning,1.0,deterministic
ID_4A66EB4E,CUST_3683D49C,phone,917308066435,,,DL,Afternoon,1.0,deterministic
ID_AD4984D3,CUST_9AC92005,email,dominic413@gmail.com,,,MH,Afternoon,1.0,deterministic
ID_40B54AAC,CUST_9AC92005,device_id,DEV_AA1AF93C,Desktop,Chrome,TN,Night,1.0,deterministic
ID_42B54020,CUST_9AC92005,phone,917401111070,,,MH,Evening,1.0,deterministic
ID_DE0CABE5,CUST_36D8E45F,email,teerth704@gmail.com,,,DL,Evening,1.0,deterministic
ID_16311CEE,CUST_36D8E45F,device_id,DEV_55A1F57C,Tablet,Edge,KA,Afternoon,1.0,deterministic
ID_DC88AC74,CUST_36D8E45F,phone,918791152591,,,KA,Evening,1.0,deterministic
ID_B3455E71,CUST_741B6B68,email,balhaar251@gmail.com,,,TN,Night,1.0,deterministic
ID_AB49C2FF,CUST_741B6B68,device_id,DEV_E62DE2DF,Desktop,Edge,KA,Afternoon,1.0,deterministic
ID_B6DF2A11,CUST_28C10C94,email,mekhala208@gmail.com,,,TN,Afternoon,1.0,deterministic
ID_7597BD00,CUST_28C10C94,device_id,DEV_756D37A1,Desktop,Edge,DL,Morning,1.0,deterministic
ID_DFD8D71B,CUST_28C10C94,phone,917700442265,,,TN,Evening,1.0,deterministic
ID_AEC01EE8,CUST_6E27F854,email,frederick665@gmail.com,,,DL,Morning,1.0,deterministic
ID_B7397711,CUST_6E27F854,device_id,DEV_F3DA9766,Desktop,Edge,TN,Night,1.0,deterministic
ID_57D2F52B,CUST_999FE051,email,chaaya172@gmail.com,,,KA,Morning,1.0,deterministic
ID_3AAB417A,CUST_999FE051,device_id,DEV_3A6C4778,Mobile,Safari,TN,Evening,1.0,deterministic
ID_16D21B43,CUST_999FE051,phone,917828727667,,,MH,Night,1.0,deterministic
ID_031C9EE4,CUST_EFDB19CD,email,brinda630@gmail.com,,,DL,Evening,1.0,deterministic
ID_455C4D18,CUST_EFDB19CD,device_id,DEV_BDD2493C,Tablet,Firefox,DL,Morning,1.0,deterministic
ID_6A9FF2AA,CUST_EFDB19CD,phone,918863486735,,,MH,Night,1.0,deterministic
ID_31EF59CD,CUST_83469F4C,email,jagat338@gmail.com,,,DL,Morning,1.0,deterministic
ID_2AD85832,CUST_83469F4C,device_id,DEV_5EA6911F,Tablet,Edge,KA,Morning,1.0,deterministic
ID_CA1428E4,CUST_83469F4C,phone,917998719266,,,DL,Morning,1.0,deterministic
ID_5996C19B,CUST_C71AE6AD,email,ronith535@gmail.com,,,KA,Afternoon,1.0,deterministic
ID_64EC7E09,CUST_C71AE6AD,device_id,DEV_18702F39,Desktop,Chrome,KA,Night,1.0,deterministic
ID_7F1EA47B,CUST_34A39B77,email,anamika602@gmail.com,,,DL,Morning,1.0,deterministic
ID_36196D5C,CUST_34A39B77,device_id,DEV_4060C472,Desktop,Safari,MH,Evening,1.0,deterministic
ID_6B22A259,CUST_C8E4870F,email,udarsh43@gmail.com,,,TN,Evening,1.0,deterministic
ID_AEBAB537,CUST_C8E4870F,device_id,DEV_41CD3877,Mobile,Safari,MH,Afternoon,1.0,deterministic
ID_33F1B48B,CUST_C8E4870F,phone,918126597114,,,TN,Afternoon,1.0,deterministic
ID_CF4C431B,CUST_A945F7C3,email,samarth820@gmail.com,,,TN,Night,1.0,deterministic
ID_0D0EF152,CUST_A945F7C3,device_id,DEV_0306583E,Tablet,Firefox,DL,Morning,1.0,deterministic
ID_15ABEC10,CUST_A945F7C3,phone,917243618681,,,KA,Morning,1.0,deterministic
ID_8714AB7B,CUST_9A972779,email,benjamin295@gmail.com,,,TN,Morning,1.0,deterministic
ID_3282AF56,CUST_9A972779,device_id,DEV_55F3DA8C,Tablet,Safari,TN,Morning,1.0,deterministic
ID_DC4A03A7,CUST_3B7AAABC,email,bina812@gmail.com,,,KA,Evening,1.0,deterministic
ID_B32FFBC5,CUST_3B7AAABC,device_id,DEV_3F0829C9,Desktop,Firefox,TN,Afternoon,1.0,deterministic
ID_D7589CE3,CUST_3B7AAABC,phone,918466049749,,,TN,Morning,1.0,deterministic
ID_D9E1E00D,CUST_67C3AF77,email,vivaan77@gmail.com,,,DL,Evening,1.0,deterministic
ID_4FFB78F2,CUST_67C3AF77,device_id,DEV_9B7D1243,Tablet,Chrome,MH,Evening,1.0,deterministic
ID_70B95A02,CUST_8861184D,email,inaya877@gmail.com,,,DL,Night,1.0,deterministic
ID_09DD2B63,CUST_8861184D,device_id,DEV_B8909281,Tablet,Chrome,DL,Afternoon,1.0,deterministic
ID_2F00C769,CUST_8861184D,phone,918342604122,,,KA,Afternoon,1.0,deterministic
ID_D2C0D2AF,CUST_06A239D3,email,dayita444@gmail.com,,,KA,Night,1.0,deterministic
ID_8C338F5F,CUST_06A239D3,device_id,DEV_47BCE770,Desktop,Edge,TN,Evening,1.0,deterministic
ID_1B5FCF49,CUST_06A239D3,phone,918583709938,,,TN,Morning,1.0,deterministic
ID_74B9E51C,CUST_1BD16710,email,ayushman340@gmail.com,,,DL,Morning,1.0,deterministic
ID_9A5A22C7,CUST_1BD16710,device_id,DEV_9E2F46EF,Tablet,Edge,TN,Evening,1.0,deterministic
ID_5D191E4D,CUST_1BD16710,phone,919079302883,,,DL,Afternoon,1.0,deterministic
ID_AF02E8FC,CUST_912094DF,email,forum291@gmail.com,,,MH,Evening,1.0,deterministic
ID_9CF8BDFD,CUST_912094DF,device_id,DEV_C346C319,Mobile,Safari,MH,Morning,1.0,deterministic
ID_AFB3C7E3,CUST_3F1908FF,email,meera582@gmail.com,,,TN,Night,1.0,deterministic
ID_6AB9B12F,CUST_3F1908FF,device_id,DEV_91B49BE8,Mobile,Chrome,TN,Evening,1.0,deterministic
ID_FC257D0B,CUST_3F1908FF,phone,918091555487,,,TN,Night,1.0,deterministic
ID_493EAABF,CUST_EEB6C2C2,email,chaman646@gmail.com,,,MH,Night,1.0,deterministic
ID_C7DFC56F,CUST_EEB6C2C2,device_id,DEV_C3F8B213,Mobile,Edge,TN,Morning,1.0,deterministic
ID_73D8A601,CUST_EEB6C2C2,phone,917986364075,,,TN,Night,1.0,deterministic
ID_FE0667D7,CUST_94DE09B8,email,kevin855@gmail.com,,,TN,Afternoon,1.0,deterministic
ID_F174A0F3,CUST_94DE09B8,device_id,DEV_BB633F75,Mobile,Chrome,DL,Morning,1.0,deterministic
ID_D10EF3E6,CUST_94DE09B8,phone,919494917245,,,TN,Evening,1.0,deterministic
ID_8F12B945,CUST_89EA70FF,email,kritika338@gmail.com,,,MH,Morning,1.0,deterministic
ID_5C1A67B7,CUST_89EA70FF,device_id,DEV_A754BB87,Mobile,Edge,TN,Evening,1.0,deterministic
ID_DB9035A4,CUST_5F83A21D,email,ekaraj131@gmail.com,,,DL,Evening,1.0,deterministic
ID_CAA73ED8,CUST_5F83A21D,device_id,DEV_AB3C8900,Tablet,Firefox,KA,Night,1.0,deterministic
ID_B7B6D701,CUST_5F83A21D,phone,919294737798,,,DL,Morning,1.0,deterministic
ID_64422013,CUST_18AA4492,email,vamakshi215@gmail.com,,,DL,Night,1.0,deterministic
ID_F96D218B,CUST_18AA4492,device_id,DEV_73CF3260,Mobile,Firefox,TN,Night,1.0,deterministic
ID_3A5B1B00,CUST_027164B3,email,caleb626@gmail.com,,,MH,Night,1.0,deterministic
ID_6118F8FF,CUST_027164B3,device_id,DEV_42FD7272,Mobile,Chrome,MH,Morning,1.0,deterministic
ID_EFEFB2CF,CUST_027164B3,phone,917372789406,,,DL,Evening,1.0,deterministic
ID_012F6C2A,CUST_0AD94D28,email,jyoti748@gmail.com,,,TN,Morning,1.0,deterministic
ID_34F6903E,CUST_0AD94D28,device_id,DEV_6CA07A10,Tablet,Chrome,TN,Morning,1.0,deterministic
ID_B8FEBEA9,CUST_31B02712,email,utkarsh76@gmail.com,,,TN,Evening,1.0,deterministic
ID_9F9672E6,CUST_31B02712,device_id,DEV_90742200,Mobile,Safari,TN,Morning,1.0,deterministic
ID_D4DA49CF,CUST_AC95571E,email,amara993@gmail.com,,,TN,Night,1.0,deterministic
ID_BA2A1C8E,CUST_AC95571E,device_id,DEV_DD6F3231,Mobile,Edge,KA,Night,1.0,deterministic
ID_1AB10D87,CUST_AC95571E,phone,918853338516,,,TN,Morning,1.0,deterministic
ID_A0A3BFC0,CUST_65901553,email,arya384@gmail.com,,,TN,Evening,1.0,deterministic
ID_450E4B42,CUST_65901553,device_id,DEV_E5655852,Tablet,Firefox,MH,Evening,1.0,deterministic
ID_49F8B710,CUST_65901553,phone,918570666367,,,MH,Morning,1.0,deterministic
ID_F9CAF74C,CUST_8E8B796A,email,yauvani769@gmail.com,,,DL,Night,1.0,deterministic
ID_567921AA,CUST_8E8B796A,device_id,DEV_DBAE1C64,Desktop,Chrome,DL,Evening,1.0,deterministic
ID_14726A19,CUST_8E8B796A,phone,918353217519,,,KA,Morning,1.0,deterministic
ID_F84761DF,CUST_7B473553,email,theodore894@gmail.com,,,KA,Night,1.0,deterministic
ID_4E2E9445,CUST_7B473553,device_id,DEV_7F78966D,Desktop,Firefox,DL,Night,1.0,deterministic
ID_5C6A2BA9,CUST_7B473553,phone,917984735038,,,MH,Morning,1.0,deterministic
ID_718A929C,CUST_9140D68A,email,hemang266@gmail.com,,,TN,Morning,1.0,deterministic
ID_EDD627DE,CUST_9140D68A,device_id,DEV_1636394C,Mobile,Chrome,KA,Night,1.0,deterministic
ID_47069BFA,CUST_9140D68A,phone,917599428903,,,KA,Night,1.0,deterministic
ID_341957EE,CUST_0F053F77,email,veer712@gmail.com,,,MH,Afternoon,1.0,deterministic
ID_15E870E2,CUST_0F053F77,device_id,DEV_4C16A2BD,Tablet,Safari,DL,Morning,1.0,deterministic
ID_4D9C0CA7,CUST_0F053F77,phone,917580187642,,,DL,Morning,1.0,deterministic
ID_A4C3044B,CUST_8D250AB2,email,zarna321@gmail.com,,,DL,Evening,1.0,deterministic
ID_417A484D,CUST_8D250AB2,device_id,DEV_E46F93BF,Mobile,Safari,TN,Night,1.0,deterministic
ID_66852EFD,CUST_76F3CA16,email,hemangini544@gmail.com,,,TN,Evening,1.0,deterministic
ID_3B8221B8,CUST_76F3CA16,device_id,DEV_44CE45FD,Mobile,Firefox,MH,Afternoon,1.0,deterministic
ID_39D66E60,CUST_76F3CA16,phone,917525708614,,,MH,Evening,1.0,deterministic
ID_6A2CAAD2,CUST_8D1EC76F,email,adweta324@gmail.com,,,KA,Night,1.0,deterministic
ID_60E9A74B,CUST_8D1EC76F,device_id,DEV_E560A8E4,Tablet,Chrome,TN,Evening,1.0,deterministic
ID_9759815F,CUST_8D1EC76F,phone,917466570987,,,DL,Night,1.0,deterministic
ID_6E30DDA6,CUST_19C3FD37,email,abhiram296@gmail.com,,,DL,Morning,1.0,deterministic
ID_ED2C198D,CUST_19C3FD37,device_id,DEV_C2FE04F8,Tablet,Chrome,KA,Morning,1.0,deterministic
ID_5AD04C57,CUST_19C3FD37,phone,917207535364,,,DL,Afternoon,1.0,deterministic
ID_05FF524D,CUST_4E59CDC9,email,sara932@gmail.com,,,KA,Afternoon,1.0,deterministic
ID_7BD2E9F7,CUST_4E59CDC9,device_id,DEV_BE1710E5,Desktop,Chrome,TN,Evening,1.0,deterministic
ID_889156D1,CUST_4E59CDC9,phone,917754951318,,,MH,Evening,1.0,deterministic
ID_8EF6FE47,CUST_E3CC687C,email,joshua721@gmail.com,,,MH,Afternoon,1.0,deterministic
ID_F04594C7,CUST_E3CC687C,device_id,DEV_C32DCF21,Mobile,Chrome,TN,Afternoon,1.0,deterministic
ID_A6037392,CUST_E3CC687C,phone,919522213205,,,DL,Night,1.0,deterministic
ID_4738A2CC,CUST_895195FE,email,geetika286@gmail.com,,,MH,Evening,1.0,deterministic
ID_0093CC1E,CUST_895195FE,device_id,DEV_CBE1997B,Mobile,Safari,KA,Morning,1.0,deterministic
ID_0576A7A3,CUST_895195FE,phone,918827066868,,,KA,Evening,1.0,deterministic
ID_946BF5FD,CUST_52A467A1,email,samesh92@gmail.com,,,TN,Night,1.0,deterministic
ID_35FFDE7F,CUST_52A467A1,device_id,DEV_7966D7D4,Tablet,Firefox,DL,Night,1.0,deterministic
ID_745B6CB9,CUST_52A467A1,phone,918196599586,,,KA,Morning,1.0,deterministic
ID_04834AF5,CUST_895A3F9D,email,victor110@gmail.com,,,TN,Morning,1.0,deterministic
ID_BA93C72D,CUST_895A3F9D,device_id,DEV_A5485F84,Tablet,Firefox,KA,Morning,1.0,deterministic
ID_7AE5FC59,CUST_D8C3AB84,email,daksh575@gmail.com,,,TN,Morning,1.0,deterministic
ID_CF10C269,CUST_D8C3AB84,device_id,DEV_855F35C4,Tablet,Safari,TN,Evening,1.0,deterministic
ID_94080701,CUST_F32E13E7,email,avi458@gmail.com,,,MH,Afternoon,1.0,deterministic
ID_BF2DB806,CUST_F32E13E7,device_id,DEV_AABD0060,Tablet,Chrome,DL,Morning,1.0,deterministic
ID_1EF69C7A,CUST_F32E13E7,phone,917684200239,,,DL,Morning,1.0,deterministic
ID_DB3AB7B8,CUST_68E73F1D,email,vedhika744@gmail.com,,,DL,Morning,1.0,deterministic
ID_4FFC6AAD,CUST_68E73F1D,device_id,DEV_A23F0DBF,Tablet,Safari,KA,Afternoon,1.0,deterministic
ID_3351B1BE,CUST_68E73F1D,phone,919091121184,,,KA,Morning,1.0,deterministic
ID_9823F7A3,CUST_3221BDA7,email,zehaan431@gmail.com,,,DL,Morning,1.0,deterministic
ID_51CCDC44,CUST_3221BDA7,device_id,DEV_47F9095A,Mobile,Firefox,MH,Afternoon,1.0,deterministic
ID_422C3F26,CUST_2CF59DB9,email,robert831@gmail.com,,,DL,Morning,1.0,deterministic
ID_25E9A08F,CUST_2CF59DB9,device_id,DEV_C6E8BD4D,Tablet,Safari,TN,Evening,1.0,deterministic
ID_F14B9BF9,CUST_2CF59DB9,phone,917472866834,,,KA,Night,1.0,deterministic
ID_A1F8CEFC,CUST_7A473C6F,email,vyanjana146@gmail.com,,,KA,Evening,1.0,deterministic
ID_7C159D8C,CUST_7A473C6F,device_id,DEV_7387BC50,Desktop,Chrome,TN,Night,1.0,deterministic
ID_24C71843,CUST_7A473C6F,phone,918174160269,,,KA,Afternoon,1.0,deterministic
ID_4E60DFFC,CUST_BC076D08,email,peter407@gmail.com,,,TN,Morning,1.0,deterministic
ID_8F2C0B5E,CUST_BC076D08,device_id,DEV_970C374F,Mobile,Edge,TN,Night,1.0,deterministic
ID_972E9ADE,CUST_13B3C39B,email,laban23@gmail.com,,,DL,Evening,1.0,deterministic
ID_B2F4DF7A,CUST_13B3C39B,device_id,DEV_E89000CF,Tablet,Firefox,TN,Morning,1.0,deterministic
ID_75054519,CUST_13B3C39B,phone,919843535542,,,DL,Afternoon,1.0,deterministic
ID_E67515A6,CUST_F399372B,email,gauri728@gmail.com,,,DL,Night,1.0,deterministic
ID_211C7202,CUST_F399372B,device_id,DEV_104029F2,Desktop,Chrome,TN,Night,1.0,deterministic
ID_FB610804,CUST_F399372B,phone,917880115702,,,TN,Night,1.0,deterministic
ID_706BDF9C,CUST_2C04A290,email,maya264@gmail.com,,,KA,Evening,1.0,deterministic
ID_CE9FB204,CUST_2C04A290,device_id,DEV_E7015D42,Desktop,Chrome,MH,Evening,1.0,deterministic
ID_F5DA8DD4,CUST_8512043B,email,gagan589@gmail.com,,,KA,Night,1.0,deterministic
ID_532E6A70,CUST_8512043B,device_id,DEV_1B3728E4,Desktop,Edge,MH,Night,1.0,deterministic
ID_F9A5482E,CUST_8512043B,phone,917328275984,,,TN,Evening,1.0,deterministic
ID_A8A24F8A,CUST_BE0BE98D,email,samarth134@gmail.com,,,KA,Morning,1.0,deterministic
ID_0A562530,CUST_BE0BE98D,device_id,DEV_6EA618B0,Desktop,Edge,TN,Afternoon,1.0,deterministic
ID_BC7BA2A6,CUST_BE0BE98D,phone,918499337244,,,DL,Evening,1.0,deterministic
ID_305D1BF7,CUST_D385C01E,email,peter34@gmail.com,,,KA,Afternoon,1.0,deterministic
ID_9FDBBEF9,CUST_D385C01E,device_id,DEV_B8E0B460,Desktop,Firefox,MH,Night,1.0,deterministic
ID_70251719,CUST_D385C01E,phone,918016602556,,,KA,Evening,1.0,deterministic
ID_6D56D924,CUST_BEDEB4E5,email,arya307@gmail.com,,,DL,Night,1.0,deterministic
ID_97257DE9,CUST_BEDEB4E5,device_id,DEV_8C1958F1,Desktop,Chrome,KA,Night,1.0,deterministic
ID_37E2769B,CUST_BEDEB4E5,phone,917531883028,,,DL,Afternoon,1.0,deterministic
ID_073BE05A,CUST_9A338CD0,email,advika465@gmail.com,,,DL,Evening,1.0,deterministic
ID_1BD15168,CUST_9A338CD0,device_id,DEV_62810EA0,Desktop,Chrome,DL,Night,1.0,deterministic
ID_3AB04117,CUST_9A338CD0,phone,919772773650,,,KA,Morning,1.0,deterministic
ID_4BB88272,CUST_1E67221C,email,varenya295@gmail.com,,,KA,Afternoon,1.0,deterministic
ID_7191FA43,CUST_1E67221C,device_id,DEV_2EC54937,Mobile,Safari,DL,Morning,1.0,deterministic
ID_748A94EF,CUST_1E67221C,phone,917048154004,,,TN,Night,1.0,deterministic
ID_3957D813,CUST_0CD60EBD,email,yash646@gmail.com,,,MH,Evening,1.0,deterministic
ID_DEA6F704,CUST_0CD60EBD,device_id,DEV_B802FA27,Mobile,Chrome,MH,Morning,1.0,deterministic
ID_A6006F27,CUST_0CD60EBD,phone,919748695954,,,MH,Afternoon,1.0,deterministic
ID_77C9D3C8,CUST_92F17E3F,email,farhan177@gmail.com,,,KA,Afternoon,1.0,deterministic
ID_4C47A0D7,CUST_92F17E3F,device_id,DEV_387D6611,Tablet,Safari,TN,Night,1.0,deterministic
ID_676096F7,CUST_6F9E2418,email,tripti204@gmail.com,,,MH,Morning,1.0,deterministic
ID_E90FA68C,CUST_6F9E2418,device_id,DEV_DB557056,Mobile,Safari,KA,Morning,1.0,deterministic
ID_B2702643,CUST_6F9E2418,phone,917607261213,,,MH,Morning,1.0,deterministic
ID_DD1B5B63,CUST_0FF13127,email,ayaan187@gmail.com,,,TN,Afternoon,1.0,deterministic
ID_957766CE,CUST_0FF13127,device_id,DEV_64E8896E,Mobile,Edge,DL,Morning,1.0,deterministic
ID_7030326B,CUST_0FF13127,phone,917050462961,,,TN,Night,1.0,deterministic
ID_FE14D502,CUST_BB285F7A,email,urishilla471@gmail.com,,,TN,Afternoon,1.0,deterministic
ID_EBA7549B,CUST_BB285F7A,device_id,DEV_33FFD085,Mobile,Edge,TN,Morning,1.0,deterministic
ID_5AF2A2C4,CUST_BB285F7A,phone,918975971577,,,MH,Night,1.0,deterministic
ID_48E90023,CUST_7EABA16F,email,jack135@gmail.com,,,TN,Night,1.0,deterministic
ID_DD7728AF,CUST_7EABA16F,device_id,DEV_350C0AA6,Tablet,Edge,MH,Evening,1.0,deterministic
ID_215D612F,CUST_B46F4923,email,nicholas937@gmail.com,,,DL,Afternoon,1.0,deterministic
ID_93DF0EA9,CUST_B46F4923,device_id,DEV_36ECFD8B,Mobile,Edge,KA,Afternoon,1.0,deterministic
ID_D4AF9BDD,CUST_B46F4923,phone,919768094693,,,MH,Night,1.0,deterministic
ID_A622DA28,CUST_93700F09,email,yoshita661@gmail.com,,,KA,Evening,1.0,deterministic
ID_E1853BC6,CUST_93700F09,device_id,DEV_C8CF995B,Tablet,Chrome,MH,Morning,1.0,deterministic
ID_E909DE75,CUST_93700F09,phone,918584628042,,,KA,Evening,1.0,deterministic
ID_0ED72179,CUST_72B6D10E,email,nisha535@gmail.com,,,MH,Evening,1.0,deterministic
ID_E9C1C19D,CUST_72B6D10E,device_id,DEV_08E6BC4A,Tablet,Firefox,TN,Night,1.0,deterministic
ID_51C82286,CUST_72B6D10E,phone,918195111995,,,TN,Afternoon,1.0,deterministic
ID_839584C7,CUST_A54C9E5A,email,daniel529@gmail.com,,,DL,Night,1.0,deterministic
ID_647E71DD,CUST_A54C9E5A,device_id,DEV_3D2E677C,Mobile,Edge,DL,Night,1.0,deterministic
ID_EF07DAF3,CUST_A54C9E5A,phone,917874480326,,,KA,Evening,1.0,deterministic
ID_A9939FDC,CUST_BCF213F1,email,faras833@gmail.com,,,KA,Morning,1.0,deterministic
ID_947DD46F,CUST_BCF213F1,device_id,DEV_C9CDED20,Mobile,Edge,KA,Night,1.0,deterministic
ID_DA73D859,CUST_BCF213F1,phone,919926854745,,,KA,Night,1.0,deterministic
ID_5DA3846A,CUST_FB4910A7,email,kashish695@gmail.com,,,TN,Afternoon,1.0,deterministic
ID_05617CB7,CUST_FB4910A7,device_id,DEV_D55D5463,Tablet,Edge,DL,Afternoon,1.0,deterministic
ID_62C00925,CUST_FB4910A7,phone,919958796373,,,MH,Afternoon,1.0,deterministic
ID_E110742B,CUST_4C60FF11,email,forum531@gmail.com,,,TN,Evening,1.0,deterministic
ID_DDFAD57D,CUST_4C60FF11,device_id,DEV_A5F047DD,Desktop,Edge,DL,Evening,1.0,deterministic
ID_40D84A98,CUST_4C60FF11,phone,919402825604,,,DL,Morning,1.0,deterministic
ID_3EC8E0A5,CUST_5FAF1C12,email,fariq583@gmail.com,,,KA,Afternoon,1.0,deterministic
ID_80BB49AA,CUST_5FAF1C12,device_id,DEV_567355F8,Desktop,Chrome,MH,Morning,1.0,deterministic
ID_0CE33F5A,CUST_5FAF1C12,phone,918102608289,,,MH,Morning,1.0,deterministic
ID_9DED72F6,CUST_79A602ED,email,osha60@gmail.com,,,KA,Night,1.0,deterministic
ID_945F6FB7,CUST_79A602ED,device_id,DEV_ACE92FAE,Tablet,Chrome,MH,Morning,1.0,deterministic
ID_4C942217,CUST_79A602ED,phone,918756938387,,,KA,Night,1.0,deterministic
ID_186B3782,CUST_A1727E54,email,arin888@gmail.com,,,KA,Evening,1.0,deterministic
ID_EC006F9E,CUST_A1727E54,device_id,DEV_EEC1A7FC,Desktop,Edge,MH,Morning,1.0,deterministic
ID_50135771,CUST_A1727E54,phone,918467328023,,,MH,Afternoon,1.0,deterministic
ID_041F89AB,CUST_A163EAC7,email,elijah350@gmail.com,,,DL,Evening,1.0,deterministic
ID_19576FA3,CUST_A163EAC7,device_id,DEV_D3BDFA65,Tablet,Edge,MH,Morning,1.0,deterministic
ID_D2F4E273,CUST_A163EAC7,phone,919527281812,,,TN,Morning,1.0,deterministic
ID_AB68707C,CUST_407E42A5,email,nathaniel770@gmail.com,,,KA,Afternoon,1.0,deterministic
ID_CAA19495,CUST_407E42A5,device_id,DEV_9FC85FE3,Tablet,Chrome,KA,Morning,1.0,deterministic
ID_73ADBB08,CUST_407E42A5,phone,919005177118,,,KA,Night,1.0,deterministic
ID_3239CCA5,CUST_80D7E8E6,email,aayush196@gmail.com,,,MH,Evening,1.0,deterministic
ID_DFE2A603,CUST_80D7E8E6,device_id,DEV_90D48AA9,Desktop,Safari,DL,Evening,1.0,deterministic
ID_3F6F01B8,CUST_80D7E8E6,phone,917321334953,,,TN,Night,1.0,deterministic
ID_D39ABFE8,CUST_F0508F34,email,saanvi320@gmail.com,,,KA,Morning,1.0,deterministic
ID_4227BB2D,CUST_F0508F34,device_id,DEV_B9CB06B1,Desktop,Chrome,MH,Night,1.0,deterministic
ID_78A5BD41,CUST_F0508F34,phone,917240896350,,,DL,Evening,1.0,deterministic
ID_0BE16055,CUST_65C588C7,email,mitesh224@gmail.com,,,MH,Night,1.0,deterministic
ID_AB775764,CUST_65C588C7,device_id,DEV_82C16CB3,Mobile,Edge,DL,Morning,1.0,deterministic
ID_8B5D193C,CUST_115F567A,email,oni858@gmail.com,,,DL,Night,1.0,deterministic
ID_580EC12B,CUST_115F567A,device_id,DEV_F16DF9DB,Tablet,Safari,KA,Evening,1.0,deterministic
ID_F4DBE0D0,CUST_115F567A,phone,919706213245,,,TN,Morning,1.0,deterministic
ID_D2C53005,CUST_11809A6B,email,gautam548@gmail.com,,,KA,Evening,1.0,deterministic
ID_235D980C,CUST_11809A6B,device_id,DEV_05752122,Tablet,Firefox,DL,Night,1.0,deterministic
ID_16E562D5,CUST_30A63D4E,email,bhavani917@gmail.com,,,MH,Morning,1.0,deterministic
ID_38F5B473,CUST_30A63D4E,device_id,DEV_75AA5DDC,Tablet,Edge,DL,Morning,1.0,deterministic
ID_9246CFB2,CUST_30A63D4E,phone,919665434333,,,DL,Afternoon,1.0,deterministic
ID_DFC95663,CUST_6C0C3F65,email,laban188@gmail.com,,,KA,Evening,1.0,deterministic
ID_6130B154,CUST_6C0C3F65,device_id,DEV_B2B4A719,Tablet,Chrome,MH,Morning,1.0,deterministic
ID_35A50429,CUST_6C0C3F65,phone,917400681503,,,MH,Morning,1.0,deterministic
ID_055BE4E8,CUST_490CCB49,email,osha445@gmail.com,,,MH,Night,1.0,deterministic
ID_E88249EB,CUST_490CCB49,device_id,DEV_79819D63,Desktop,Firefox,DL,Morning,1.0,deterministic
ID_A934E646,CUST_490CCB49,phone,918389959179,,,MH,Afternoon,1.0,deterministic
ID_CA92226A,CUST_E1598B61,email,frederick384@gmail.com,,,TN,Morning,1.0,deterministic
ID_F6C4A5F0,CUST_E1598B61,device_id,DEV_69CBD286,Tablet,Edge,KA,Morning,1.0,deterministic
ID_7FAC652A,CUST_E1598B61,phone,917091442715,,,TN,Evening,1.0,deterministic
ID_A2C9C7CB,CUST_0F7F15A2,email,ojas617@gmail.com,,,MH,Night,1.0,deterministic
ID_EC7BAD8B,CUST_0F7F15A2,device_id,DEV_D3A3C850,Mobile,Safari,KA,Afternoon,1.0,deterministic
ID_20F6B2D6,CUST_0F7F15A2,phone,919934476718,,,TN,Evening,1.0,deterministic
ID_88012C93,CUST_9D644E2B,email,david705@gmail.com,,,MH,Night,1.0,deterministic
ID_0404E991,CUST_9D644E2B,device_id,DEV_A05D281A,Mobile,Firefox,KA,Evening,1.0,deterministic
ID_54E6266D,CUST_9D644E2B,phone,918766826337,,,DL,Night,1.0,deterministic
ID_CBF74946,CUST_D6F45E2B,email,bishakha328@gmail.com,,,KA,Evening,1.0,deterministic
ID_7947977C,CUST_D6F45E2B,device_id,DEV_61DCB45F,Tablet,Safari,DL,Evening,1.0,deterministic
ID_5392954B,CUST_D6F45E2B,phone,919533323651,,,MH,Afternoon,1.0,deterministic
ID_0BA9F3C2,CUST_5F316548,email,charles109@gmail.com,,,TN,Evening,1.0,deterministic
ID_6BE010E2,CUST_5F316548,device_id,DEV_342CF034,Tablet,Edge,KA,Night,1.0,deterministic
ID_E98E010E,CUST_5F316548,phone,919870136825,,,MH,Night,1.0,deterministic
ID_57DB905D,CUST_241A82E0,email,osha733@gmail.com,,,KA,Evening,1.0,deterministic
ID_15B4D882,CUST_241A82E0,device_id,DEV_7E9045C7,Desktop,Edge,KA,Afternoon,1.0,deterministic
ID_FAFE2805,CUST_241A82E0,phone,917941546971,,,KA,Morning,1.0,deterministic
ID_2935B6DA,CUST_C3A5792C,email,udarsh498@gmail.com,,,KA,Afternoon,1.0,deterministic
ID_46A444F2,CUST_C3A5792C,device_id,DEV_E41978EB,Mobile,Firefox,TN,Night,1.0,deterministic
ID_B15424CF,CUST_C3A5792C,phone,918749201582,,,KA,Afternoon,1.0,deterministic
ID_A42CA4DA,CUST_7F141E6F,email,fariq167@gmail.com,,,KA,Night,1.0,deterministic
ID_96B0A011,CUST_7F141E6F,device_id,DEV_E815F1B5,Desktop,Firefox,DL,Night,1.0,deterministic
ID_9DBC5DB1,CUST_7F141E6F,phone,917630547052,,,MH,Morning,1.0,deterministic
ID_314ACB11,CUST_FAF701E5,email,yashawini707@gmail.com,,,MH,Night,1.0,deterministic
ID_B1ACEEFB,CUST_FAF701E5,device_id,DEV_28947FF9,Tablet,Firefox,KA,Afternoon,1.0,deterministic
ID_AC596DBB,CUST_FAF701E5,phone,918853670929,,,MH,Morning,1.0,deterministic
ID_94083F95,CUST_4BE3EA6F,email,david365@gmail.com,,,MH,Afternoon,1.0,deterministic
ID_4BC865E5,CUST_4BE3EA6F,device_id,DEV_0A2C3F5D,Mobile,Firefox,DL,Afternoon,1.0,deterministic
ID_D78ECE48,CUST_4BE3EA6F,phone,918213852865,,,DL,Night,1.0,deterministic
ID_C24530E2,CUST_0BDEBB7F,email,faras274@gmail.com,,,MH,Night,1.0,deterministic
ID_C2048832,CUST_0BDEBB7F,device_id,DEV_F87ADDFA,Mobile,Edge,TN,Night,1.0,deterministic
ID_45610516,CUST_E89782AF,email,ekbal675@gmail.com,,,DL,Morning,1.0,deterministic
ID_676EAC1E,CUST_E89782AF,device_id,DEV_6BA25673,Desktop,Firefox,TN,Morning,1.0,deterministic
ID_59FC6177,CUST_3F240E7F,email,riya228@gmail.com,,,DL,Night,1.0,deterministic
ID_079BC6AA,CUST_3F240E7F,device_id,DEV_4EDB32B7,Desktop,Safari,DL,Night,1.0,deterministic
ID_0B23981A,CUST_3F240E7F,phone,917464726543,,,TN,Morning,1.0,deterministic
ID_846443BA,CUST_ED884268,email,hredhaan72@gmail.com,,,KA,Evening,1.0,deterministic
ID_ABEDD233,CUST_ED884268,device_id,DEV_4A2E8A1F,Tablet,Chrome,MH,Night,1.0,deterministic
ID_C260E68F,CUST_ED884268,phone,917719547670,,,KA,Night,1.0,deterministic
ID_50F48ACF,CUST_DF3740B2,email,jack299@gmail.com,,,MH,Afternoon,1.0,deterministic
ID_0C426535,CUST_DF3740B2,device_id,DEV_933AD6CC,Mobile,Firefox,KA,Morning,1.0,deterministic
ID_0C5383D1,CUST_73A64B24,email,jyoti300@gmail.com,,,MH,Afternoon,1.0,deterministic
ID_E46D3BD2,CUST_73A64B24,device_id,DEV_C488CC67,Mobile,Chrome,DL,Evening,1.0,deterministic
ID_7A06CEE5,CUST_73A64B24,phone,918821769294,,,MH,Afternoon,1.0,deterministic
ID_5AC56E52,CUST_646349C1,email,dakshesh496@gmail.com,,,MH,Afternoon,1.0,deterministic
ID_B5700D39,CUST_646349C1,device_id,DEV_064D9DFD,Mobile,Edge,TN,Morning,1.0,deterministic
ID_6CFAB48A,CUST_646349C1,phone,917608313704,,,TN,Night,1.0,deterministic
ID_F20BF507,CUST_0838480F,email,atharv616@gmail.com,,,KA,Morning,1.0,deterministic
ID_AB603DF6,CUST_0838480F,device_id,DEV_C5153FAA,Tablet,Edge,KA,Night,1.0,deterministic
ID_658B8D1D,CUST_35DB462E,email,kalpit815@gmail.com,,,DL,Evening,1.0,deterministic
ID_2B3D6FA0,CUST_35DB462E,device_id,DEV_85961AB1,Mobile,Firefox,MH,Morning,1.0,deterministic
ID_C3139486,CUST_35DB462E,phone,919299856782,,,DL,Afternoon,1.0,deterministic
ID_BC39CBC3,CUST_FBE3E53A,email,charles587@gmail.com,,,MH,Night,1.0,deterministic
ID_431AF055,CUST_FBE3E53A,device_id,DEV_82CCBF01,Tablet,Firefox,DL,Morning,1.0,deterministic
ID_4F7297F4,CUST_FBE3E53A,phone,918029959114,,,DL,Night,1.0,deterministic
ID_698A6179,CUST_A46748F6,email,abhimanyu15@gmail.com,,,TN,Night,1.0,deterministic
ID_570EECB7,CUST_A46748F6,device_id,DEV_8661A584,Tablet,Edge,MH,Morning,1.0,deterministic
ID_F8CAD2BC,CUST_A46748F6,phone,919369458435,,,MH,Morning,1.0,deterministic
ID_D0CB6B23,CUST_F6B94B37,email,ekaraj254@gmail.com,,,MH,Morning,1.0,deterministic
ID_5811C362,CUST_F6B94B37,device_id,DEV_7A430DE6,Tablet,Safari,DL,Night,1.0,deterministic
ID_38438E6C,CUST_F6B94B37,phone,917047728920,,,DL,Afternoon,1.0,deterministic
ID_AAA6D39C,CUST_6579F2EE,email,ekapad651@gmail.com,,,DL,Morning,1.0,deterministic
ID_21A589BF,CUST_6579F2EE,device_id,DEV_6DD46E8C,Tablet,Chrome,MH,Evening,1.0,deterministic
ID_4BB97D06,CUST_BEF47812,email,ekapad134@gmail.com,,,MH,Night,1.0,deterministic
ID_E0CEB1C6,CUST_BEF47812,device_id,DEV_95C86EBC,Mobile,Chrome,TN,Night,1.0,deterministic
ID_1A1BEEBE,CUST_BEF47812,phone,917914994560,,,TN,Evening,1.0,deterministic
ID_74240D92,CUST_E639AE8C,email,hardik35@gmail.com,,,DL,Morning,1.0,deterministic
ID_57178C88,CUST_E639AE8C,device_id,DEV_0FEA1AC1,Desktop,Edge,TN,Evening,1.0,deterministic
ID_094AC5AA,CUST_E639AE8C,phone,917144618892,,,DL,Night,1.0,deterministic
ID_D8B874D4,CUST_6E69BB46,email,nimrat530@gmail.com,,,MH,Morning,1.0,deterministic
ID_FCA8A283,CUST_6E69BB46,device_id,DEV_434CA0B0,Mobile,Safari,MH,Evening,1.0,deterministic
ID_62C06CC7,CUST_6E69BB46,phone,917708470576,,,DL,Evening,1.0,deterministic
ID_59D0FFE0,CUST_269B407E,email,hemang93@gmail.com,,,MH,Evening,1.0,deterministic
ID_BD384B86,CUST_269B407E,device_id,DEV_5E6F5A7B,Desktop,Chrome,DL,Morning,1.0,deterministic
ID_F4E24B60,CUST_269B407E,phone,918278509687,,,KA,Morning,1.0,deterministic
ID_AA22B7AB,CUST_60F782FD,email,darika663@gmail.com,,,MH,Morning,1.0,deterministic
ID_5E70C94D,CUST_60F782FD,device_id,DEV_D19D288D,Tablet,Chrome,KA,Afternoon,1.0,deterministic
ID_9F76F910,CUST_60F782FD,phone,917814875047,,,TN,Afternoon,1.0,deterministic
ID_FAB0BD20,CUST_8EEBB8A3,email,priya303@gmail.com,,,DL,Evening,1.0,deterministic
ID_5F57C055,CUST_8EEBB8A3,device_id,DEV_00BB02D3,Tablet,Firefox,DL,Morning,1.0,deterministic
ID_14A1DAE0,CUST_19E5CD10,email,gauri351@gmail.com,,,MH,Morning,1.0,deterministic
ID_C7216618,CUST_19E5CD10,device_id,DEV_27792089,Mobile,Firefox,DL,Afternoon,1.0,deterministic
ID_306E8D48,CUST_19E5CD10,phone,917093104987,,,DL,Morning,1.0,deterministic
ID_EAE1587B,CUST_B10F3870,email,balvan373@gmail.com,,,DL,Morning,1.0,deterministic
ID_32F62337,CUST_B10F3870,device_id,DEV_F6844BAF,Tablet,Safari,DL,Afternoon,1.0,deterministic
ID_672BE637,CUST_B10F3870,phone,917261375327,,,TN,Night,1.0,deterministic
ID_89ECB67F,CUST_9BB9B538,email,krish732@gmail.com,,,MH,Afternoon,1.0,deterministic
ID_44AC2EB2,CUST_9BB9B538,device_id,DEV_699A6878,Tablet,Chrome,MH,Night,1.0,deterministic
ID_8FBA93D1,CUST_9BB9B538,phone,917835199193,,,KA,Evening,1.0,deterministic
ID_C3E94DBF,CUST_7B3DBE5B,email,devansh661@gmail.com,,,MH,Afternoon,1.0,deterministic
ID_788782C1,CUST_7B3DBE5B,device_id,DEV_6E552A9E,Tablet,Edge,DL,Afternoon,1.0,deterministic
ID_A3137BD3,CUST_7B3DBE5B,phone,917248510277,,,MH,Morning,1.0,deterministic
ID_229B2420,CUST_E999A8A8,email,nikita10@gmail.com,,,DL,Afternoon,1.0,deterministic
ID_C197E01C,CUST_E999A8A8,device_id,DEV_1703CB70,Tablet,Firefox,DL,Afternoon,1.0,deterministic
ID_1C343E57,CUST_E999A8A8,phone,919676125356,,,MH,Afternoon,1.0,deterministic
ID_54CFC376,CUST_07EB68F4,email,meera945@gmail.com,,,KA,Afternoon,1.0,deterministic
ID_0A4D24A4,CUST_07EB68F4,device_id,DEV_024956E9,Desktop,Chrome,TN,Morning,1.0,deterministic
ID_79770B29,CUST_A95B61CD,email,arunima261@gmail.com,,,TN,Night,1.0,deterministic
ID_A713E6F4,CUST_A95B61CD,device_id,DEV_D4950ECB,Mobile,Safari,KA,Evening,1.0,deterministic
ID_3774FAD6,CUST_A95B61CD,phone,919594975663,,,MH,Morning,1.0,deterministic
ID_EC3C5AFB,CUST_9CC313BA,email,darpan350@gmail.com,,,DL,Evening,1.0,deterministic
ID_7071D127,CUST_9CC313BA,device_id,DEV_83AB2B5D,Tablet,Firefox,MH,Evening,1.0,deterministic
ID_80117CF6,CUST_9CC313BA,phone,919203453221,,,DL,Afternoon,1.0,deterministic
ID_E7190949,CUST_6E792318,email,balveer186@gmail.com,,,MH,Night,1.0,deterministic
ID_CEA0F92A,CUST_6E792318,device_id,DEV_4361E938,Tablet,Firefox,DL,Evening,1.0,deterministic
ID_FA646CA4,CUST_6E792318,phone,918264963942,,,MH,Night,1.0,deterministic
ID_8E1C9C42,CUST_51AF6922,email,ekbal404@gmail.com,,,DL,Night,1.0,deterministic
ID_27340703,CUST_51AF6922,device_id,DEV_D45016B5,Tablet,Safari,DL,Evening,1.0,deterministic
ID_2AAE87F7,CUST_EB3B7A55,email,yashasvi447@gmail.com,,,DL,Afternoon,1.0,deterministic
ID_6EC41A6C,CUST_EB3B7A55,device_id,DEV_D36F5591,Mobile,Safari,TN,Night,1.0,deterministic
ID_0E0D2601,CUST_EB3B7A55,phone,919100805158,,,DL,Morning,1.0,deterministic
ID_A095EC42,CUST_34C5C6D7,email,atharv840@gmail.com,,,KA,Afternoon,1.0,deterministic
ID_C76B90DB,CUST_34C5C6D7,device_id,DEV_FC0D2BC8,Desktop,Edge,DL,Morning,1.0,deterministic
ID_7240646B,CUST_5A2098A2,email,simon718@gmail.com,,,KA,Night,1.0,deterministic
ID_FA2561CA,CUST_5A2098A2,device_id,DEV_E9C137F2,Desktop,Safari,MH,Afternoon,1.0,deterministic
ID_8CC39B43,CUST_5A2098A2,phone,918151512093,,,MH,Morning,1.0,deterministic
ID_5602BA87,CUST_5F862B40,email,luke821@gmail.com,,,TN,Morning,1.0,deterministic
ID_562293D0,CUST_5F862B40,device_id,DEV_09CB2EB9,Desktop,Safari,TN,Afternoon,1.0,deterministic
ID_591529C5,CUST_B30C0F03,email,arya674@gmail.com,,,MH,Morning,1.0,deterministic
ID_FBE731F5,CUST_B30C0F03,device_id,DEV_EE9AE8DA,Desktop,Safari,DL,Morning,1.0,deterministic
ID_92FFEB1B,CUST_B30C0F03,phone,918246269351,,,DL,Morning,1.0,deterministic
ID_FC4F7D15,CUST_1351064A,email,charvi224@gmail.com,,,MH,Night,1.0,deterministic
ID_9D742DD6,CUST_1351064A,device_id,DEV_A89827E7,Mobile,Firefox,DL,Afternoon,1.0,deterministic
ID_E83C88F6,CUST_4A625328,email,bahadurjit930@gmail.com,,,TN,Morning,1.0,deterministic
ID_E9BABD54,CUST_4A625328,device_id,DEV_CAE452C2,Tablet,Chrome,KA,Evening,1.0,deterministic
ID_CABBCDB3,CUST_D6FCB1E8,email,matthew181@gmail.com,,,MH,Afternoon,1.0,deterministic
ID_4ACA76D4,CUST_D6FCB1E8,device_id,DEV_23800FA7,Mobile,Chrome,DL,Evening,1.0,deterministic
ID_60E0CC7F,CUST_D6FCB1E8,phone,917917972111,,,KA,Morning,1.0,deterministic
ID_F07C2738,CUST_EB78793E,email,vansha148@gmail.com,,,KA,Evening,1.0,deterministic
ID_B716538B,CUST_EB78793E,device_id,DEV_F864A9C2,Mobile,Safari,KA,Night,1.0,deterministic
ID_F1452A95,CUST_EB78793E,phone,917658862136,,,TN,Afternoon,1.0,deterministic
ID_A13E8732,CUST_3BC4ECAE,email,ikbal712@gmail.com,,,MH,Evening,1.0,deterministic
ID_02BEA2AA,CUST_3BC4ECAE,device_id,DEV_F4E17BC7,Mobile,Safari,TN,Night,1.0,deterministic
ID_EEE4DA28,CUST_9BFE4ED4,email,veda174@gmail.com,,,DL,Evening,1.0,deterministic
ID_465D4079,CUST_9BFE4ED4,device_id,DEV_B9F9C414,Desktop,Safari,TN,Night,1.0,deterministic
ID_C178CD3F,CUST_756B35DC,email,zaid702@gmail.com,,,TN,Night,1.0,deterministic
ID_8360B5C9,CUST_756B35DC,device_id,DEV_F4EA0324,Desktop,Chrome,MH,Morning,1.0,deterministic
ID_83B0125F,CUST_58DE26DE,email,raksha256@gmail.com,,,KA,Morning,1.0,deterministic
ID_8E432D4F,CUST_58DE26DE,device_id,DEV_BC039ECB,Tablet,Firefox,DL,Morning,1.0,deterministic
ID_3EA76EEA,CUST_58DE26DE,phone,918709940452,,,KA,Morning,1.0,deterministic
ID_9F35B965,CUST_855AF781,email,ekalinga792@gmail.com,,,MH,Afternoon,1.0,deterministic
ID_FA9ACA60,CUST_855AF781,device_id,DEV_CDD81390,Mobile,Edge,TN,Night,1.0,deterministic
ID_305A775F,CUST_855AF781,phone,917510913236,,,MH,Afternoon,1.0,deterministic
ID_FA39E3E1,CUST_8FE037C1,email,tripti873@gmail.com,,,DL,Night,1.0,deterministic
ID_20F8E407,CUST_8FE037C1,device_id,DEV_525ED5FE,Desktop,Chrome,KA,Evening,1.0,deterministic
ID_05970A1B,CUST_8FE037C1,phone,919296041619,,,DL,Night,1.0,deterministic
ID_FD41BE04,CUST_2BA29819,email,gauri800@gmail.com,,,KA,Morning,1.0,deterministic
ID_358B121D,CUST_2BA29819,device_id,DEV_4B3B0AEF,Mobile,Edge,KA,Night,1.0,deterministic
ID_1071B035,CUST_2BA29819,phone,918030021862,,,TN,Morning,1.0,deterministic
ID_B7151975,CUST_B99993B5,email,anjali814@gmail.com,,,MH,Afternoon,1.0,deterministic
ID_7EA51695,CUST_B99993B5,device_id,DEV_C6728761,Mobile,Chrome,MH,Night,1.0,deterministic
ID_BAC5F427,CUST_B99993B5,phone,917071453574,,,TN,Night,1.0,deterministic
ID_AF88CC78,CUST_56A67BB4,email,wahab502@gmail.com,,,MH,Night,1.0,deterministic
ID_BEDBB468,CUST_56A67BB4,device_id,DEV_12F096C9,Tablet,Firefox,KA,Morning,1.0,deterministic
ID_349B7908,CUST_56A67BB4,phone,919883296963,,,KA,Morning,1.0,deterministic
ID_879AB0C5,CUST_93480CCB,email,onkar704@gmail.com,,,MH,Afternoon,1.0,deterministic
ID_48D57FAF,CUST_93480CCB,device_id,DEV_C7C256CA,Tablet,Safari,DL,Morning,1.0,deterministic
ID_D8C17464,CUST_93480CCB,phone,917277421469,,,MH,Afternoon,1.0,deterministic
ID_6F7E9DE4,CUST_D488727A,email,ekapad81@gmail.com,,,TN,Evening,1.0,deterministic
ID_FEB44E13,CUST_D488727A,device_id,DEV_92F6EA9C,Desktop,Chrome,MH,Evening,1.0,deterministic
ID_16EFC512,CUST_D26F973C,email,praneel755@gmail.com,,,TN,Night,1.0,deterministic
ID_9E198AD8,CUST_D26F973C,device_id,DEV_9CB2B980,Desktop,Chrome,KA,Night,1.0,deterministic
ID_68025171,CUST_D26F973C,phone,917456088178,,,KA,Afternoon,1.0,deterministic
ID_2D2AD838,CUST_77F1C16C,email,diya136@gmail.com,,,MH,Night,1.0,deterministic
ID_A88B0830,CUST_77F1C16C,device_id,DEV_B63D68E2,Mobile,Safari,MH,Night,1.0,deterministic
ID_E38548B3,CUST_D6436251,email,madhavi470@gmail.com,,,KA,Night,1.0,deterministic
ID_A8D6C34F,CUST_D6436251,device_id,DEV_D169A8F8,Desktop,Safari,DL,Afternoon,1.0,deterministic
ID_FA1CC016,CUST_93A9BF43,email,ryan870@gmail.com,,,KA,Afternoon,1.0,deterministic
ID_03186D9E,CUST_93A9BF43,device_id,DEV_6800F3EB,Mobile,Edge,DL,Night,1.0,deterministic
ID_67307814,CUST_EE0967E3,email,anusha462@gmail.com,,,KA,Afternoon,1.0,deterministic
ID_8E346173,CUST_EE0967E3,device_id,DEV_33ADAF04,Tablet,Safari,MH,Evening,1.0,deterministic
ID_AD6936E1,CUST_EE0967E3,phone,919671833235,,,TN,Afternoon,1.0,deterministic
ID_274CB98D,CUST_E0EAE488,email,caleb424@gmail.com,,,TN,Night,1.0,deterministic
ID_B6788E9C,CUST_E0EAE488,device_id,DEV_B50584EF,Tablet,Chrome,DL,Afternoon,1.0,deterministic
ID_E5A78D13,CUST_E0EAE488,phone,919716557304,,,MH,Night,1.0,deterministic
ID_06FB4C5C,CUST_F2051248,email,anthony497@gmail.com,,,DL,Evening,1.0,deterministic
ID_F2E26EDF,CUST_F2051248,device_id,DEV_F1079DE9,Tablet,Chrome,MH,Morning,1.0,deterministic
ID_9D1AF7EE,CUST_F2051248,phone,919349025609,,,DL,Afternoon,1.0,deterministic
ID_D65299F3,CUST_82F65E23,email,hemal991@gmail.com,,,DL,Evening,1.0,deterministic
ID_7AAB766E,CUST_82F65E23,device_id,DEV_5F115171,Tablet,Edge,DL,Night,1.0,deterministic
ID_81E3F890,CUST_DD984D84,email,janaki258@gmail.com,,,TN,Morning,1.0,deterministic
ID_E0C7ADC5,CUST_DD984D84,device_id,DEV_F12AD762,Mobile,Firefox,KA,Morning,1.0,deterministic
ID_51DD7D1A,CUST_DD984D84,phone,919500067948,,,DL,Afternoon,1.0,deterministic
ID_030B4726,CUST_CB568B0F,email,pallavi84@gmail.com,,,DL,Morning,1.0,deterministic
ID_40F65F29,CUST_CB568B0F,device_id,DEV_9250C3E9,Mobile,Chrome,TN,Morning,1.0,deterministic
ID_791169EE,CUST_CB568B0F,phone,919570770823,,,KA,Evening,1.0,deterministic
ID_E511D1B8,CUST_21BB680C,email,yasti181@gmail.com,,,MH,Afternoon,1.0,deterministic
ID_D6A88F55,CUST_21BB680C,device_id,DEV_2FCF66A7,Desktop,Safari,DL,Morning,1.0,deterministic
ID_1672A2B5,CUST_FED98234,email,sarthak584@gmail.com,,,KA,Night,1.0,deterministic
ID_CD4FF1B1,CUST_FED98234,device_id,DEV_B8345E7B,Mobile,Firefox,DL,Night,1.0,deterministic
ID_91802E63,CUST_EE8EF9EC,email,geetika550@gmail.com,,,KA,Night,1.0,deterministic
ID_AF1A258F,CUST_EE8EF9EC,device_id,DEV_E95E47C1,Desktop,Firefox,TN,Afternoon,1.0,deterministic
ID_A40A4E0D,CUST_EE8EF9EC,phone,918203055612,,,MH,Night,1.0,deterministic
ID_AB5E4D64,CUST_B35DE5D2,email,brinda575@gmail.com,,,TN,Evening,1.0,deterministic
ID_55CCF1A4,CUST_B35DE5D2,device_id,DEV_67F008FC,Desktop,Safari,KA,Evening,1.0,deterministic
ID_7807190A,CUST_C56A11A5,email,gaurang590@gmail.com,,,MH,Evening,1.0,deterministic
ID_22422BE5,CUST_C56A11A5,device_id,DEV_9BF84368,Desktop,Edge,KA,Night,1.0,deterministic
ID_0404E7BE,CUST_A7E56800,email,krish562@gmail.com,,,MH,Morning,1.0,deterministic
ID_AA3B2CA0,CUST_A7E56800,device_id,DEV_338CC947,Tablet,Edge,TN,Morning,1.0,deterministic
ID_64180C61,CUST_A7E56800,phone,919241819453,,,TN,Evening,1.0,deterministic
ID_CB6B1BC0,CUST_2C11FCAA,email,jhalak33@gmail.com,,,KA,Night,1.0,deterministic
ID_A6089F38,CUST_2C11FCAA,device_id,DEV_F8EEE847,Tablet,Safari,TN,Night,1.0,deterministic
ID_BE5D65A1,CUST_2C11FCAA,phone,918310882670,,,KA,Morning,1.0,deterministic
ID_43775122,CUST_547064A2,email,manan482@gmail.com,,,KA,Night,1.0,deterministic
ID_9405F815,CUST_547064A2,device_id,DEV_F2367F97,Mobile,Safari,DL,Morning,1.0,deterministic
ID_988A158E,CUST_92CEDCA7,email,adweta853@gmail.com,,,MH,Morning,1.0,deterministic
ID_8B5D4906,CUST_92CEDCA7,device_id,DEV_08F7B981,Tablet,Firefox,KA,Morning,1.0,deterministic
ID_48CE3174,CUST_92CEDCA7,phone,919718861629,,,MH,Afternoon,1.0,deterministic
ID_0441BC3E,CUST_D256D442,email,suhani483@gmail.com,,,DL,Afternoon,1.0,deterministic
ID_0CA43F26,CUST_D256D442,device_id,DEV_C2BC7BB3,Desktop,Safari,MH,Evening,1.0,deterministic
ID_77CDF905,CUST_D256D442,phone,917667414819,,,DL,Night,1.0,deterministic
ID_8FB3D555,CUST_449FC798,email,qadim36@gmail.com,,,MH,Night,1.0,deterministic
ID_36C217E7,CUST_449FC798,device_id,DEV_32509652,Tablet,Edge,MH,Evening,1.0,deterministic
ID_4457DF42,CUST_449FC798,phone,919653640757,,,KA,Night,1.0,deterministic
ID_EEC7BACB,CUST_32B7B659,email,zaid28@gmail.com,,,KA,Evening,1.0,deterministic
ID_40EC29CA,CUST_32B7B659,device_id,DEV_8BF690D5,Desktop,Firefox,MH,Night,1.0,deterministic
ID_F21DC1A1,CUST_FBEBE3B4,email,vedant754@gmail.com,,,KA,Afternoon,1.0,deterministic
ID_1681EFAB,CUST_FBEBE3B4,device_id,DEV_544502A2,Mobile,Edge,TN,Night,1.0,deterministic
ID_CDD91999,CUST_FBEBE3B4,phone,917254200141,,,TN,Afternoon,1.0,deterministic
ID_E670DA2E,CUST_4C574128,email,indrajit281@gmail.com,,,DL,Night,1.0,deterministic
ID_D7AC3B12,CUST_4C574128,device_id,DEV_55697A83,Desktop,Chrome,MH,Morning,1.0,deterministic
ID_B3C583E9,CUST_4C574128,phone,918308898357,,,KA,Evening,1.0,deterministic
ID_57C27335,CUST_EA42A92D,email,suhani853@gmail.com,,,TN,Evening,1.0,deterministic
ID_59796D90,CUST_EA42A92D,device_id,DEV_3C162762,Mobile,Safari,KA,Afternoon,1.0,deterministic
ID_5B68B217,CUST_51A7B9FE,email,ronith658@gmail.com,,,DL,Afternoon,1.0,deterministic
ID_23D70909,CUST_51A7B9FE,device_id,DEV_C35C846C,Mobile,Edge,TN,Night,1.0,deterministic
ID_F3D9B08C,CUST_51A7B9FE,phone,919772886399,,,KA,Morning,1.0,deterministic
ID_9007E5BA,CUST_44A2C795,email,mason907@gmail.com,,,DL,Night,1.0,deterministic
ID_CFDF2F80,CUST_44A2C795,device_id,DEV_5208EE6A,Mobile,Edge,TN,Evening,1.0,deterministic
ID_2EA391A7,CUST_FCBFFC24,email,rachita740@gmail.com,,,KA,Morning,1.0,deterministic
ID_2AA0D51B,CUST_FCBFFC24,device_id,DEV_A878DD71,Mobile,Edge,TN,Night,1.0,deterministic
ID_3B926857,CUST_FCBFFC24,phone,917262868723,,,MH,Morning,1.0,deterministic
ID_E7114F67,CUST_85EA6A71,email,samarth571@gmail.com,,,DL,Afternoon,1.0,deterministic
ID_7292654A,CUST_85EA6A71,device_id,DEV_ADD5B107,Mobile,Firefox,TN,Night,1.0,deterministic
ID_97FF844C,CUST_94D3E97B,email,nitesh737@gmail.com,,,DL,Evening,1.0,deterministic
ID_56F68AFD,CUST_94D3E97B,device_id,DEV_DD17365D,Mobile,Safari,KA,Evening,1.0,deterministic
ID_F1C3668F,CUST_94D3E97B,phone,917389493942,,,DL,Morning,1.0,deterministic
ID_50824A1D,CUST_5D50C84D,email,onveer745@gmail.com,,,KA,Night,1.0,deterministic
ID_ABF4C615,CUST_5D50C84D,device_id,DEV_DAE6A0D9,Tablet,Firefox,KA,Morning,1.0,deterministic
ID_850985E0,CUST_5D50C84D,phone,918282765043,,,MH,Night,1.0,deterministic
ID_7DDC9122,CUST_5103D3C5,email,naveen560@gmail.com,,,KA,Morning,1.0,deterministic
ID_B540F510,CUST_5103D3C5,device_id,DEV_E7BFEF5D,Mobile,Edge,DL,Evening,1.0,deterministic
ID_56AC05D5,CUST_260D0C2F,email,lucky536@gmail.com,,,DL,Afternoon,1.0,deterministic
ID_C7E144F2,CUST_260D0C2F,device_id,DEV_8BBAA78D,Mobile,Safari,TN,Evening,1.0,deterministic
ID_D5DC8881,CUST_260D0C2F,phone,918840526033,,,TN,Afternoon,1.0,deterministic
ID_4DFD7D9B,CUST_47FE6E8D,email,siya917@gmail.com,,,DL,Morning,1.0,deterministic
ID_265CF819,CUST_47FE6E8D,device_id,DEV_239D65A9,Mobile,Safari,KA,Night,1.0,deterministic
ID_3BDC3594,CUST_47FE6E8D,phone,917787464809,,,DL,Morning,1.0,deterministic
ID_14507268,CUST_4248F272,email,triveni349@gmail.com,,,DL,Morning,1.0,deterministic
ID_3C2C104D,CUST_4248F272,device_id,DEV_178AB624,Desktop,Safari,MH,Night,1.0,deterministic
ID_A938EC71,CUST_4248F272,phone,917269346270,,,KA,Evening,1.0,deterministic
ID_0C3DA30E,CUST_6D8BC63B,email,mohini694@gmail.com,,,DL,Afternoon,1.0,deterministic
ID_DAF0A45C,CUST_6D8BC63B,device_id,DEV_72F6CA4D,Desktop,Firefox,DL,Morning,1.0,deterministic
ID_179A995B,CUST_559D568C,email,amol566@gmail.com,,,KA,Afternoon,1.0,deterministic
ID_587A25C4,CUST_559D568C,device_id,DEV_16A70660,Tablet,Chrome,KA,Afternoon,1.0,deterministic
ID_C39E812C,CUST_475F08DA,email,anika815@gmail.com,,,DL,Afternoon,1.0,deterministic
ID_5285E424,CUST_475F08DA,device_id,DEV_85F221A9,Mobile,Firefox,TN,Afternoon,1.0,deterministic
ID_A626EAE8,CUST_475F08DA,phone,919854444115,,,TN,Morning,1.0,deterministic
ID_3D83BD65,CUST_5D81D8F3,email,umang656@gmail.com,,,KA,Night,1.0,deterministic
ID_30910891,CUST_5D81D8F3,device_id,DEV_4A689681,Desktop,Edge,KA,Afternoon,1.0,deterministic
ID_42F13726,CUST_5D81D8F3,phone,917784163084,,,TN,Afternoon,1.0,deterministic
ID_65985ECC,CUST_F25B8976,email,nitesh628@gmail.com,,,KA,Evening,1.0,deterministic
ID_D0B26EE6,CUST_F25B8976,device_id,DEV_FF2FA8F3,Mobile,Safari,MH,Afternoon,1.0,deterministic
ID_E70C9A73,CUST_F25B8976,phone,918248811789,,,TN,Afternoon,1.0,deterministic
ID_23316E76,CUST_6E4B08DD,email,chaitanya880@gmail.com,,,KA,Night,1.0,deterministic
ID_E4C4A965,CUST_6E4B08DD,device_id,DEV_CA407E3D,Mobile,Edge,KA,Morning,1.0,deterministic
ID_26C85EA0,CUST_7B8B4582,email,gaurav464@gmail.com,,,MH,Evening,1.0,deterministic
ID_85666070,CUST_7B8B4582,device_id,DEV_7089995A,Tablet,Chrome,KA,Morning,1.0,deterministic
ID_B1379666,CUST_7B8B4582,phone,919249220558,,,DL,Evening,1.0,deterministic
ID_BB0E5DE6,CUST_C8832EFB,email,chanakya323@gmail.com,,,KA,Morning,1.0,deterministic
ID_945F1461,CUST_C8832EFB,device_id,DEV_560B6411,Desktop,Chrome,MH,Night,1.0,deterministic
ID_5099996A,CUST_C8832EFB,phone,919034992883,,,TN,Afternoon,1.0,deterministic
ID_9D4A5B13,CUST_C4B680AE,email,ekaja975@gmail.com,,,DL,Afternoon,1.0,deterministic
ID_6E8D96A4,CUST_C4B680AE,device_id,DEV_7E77C9B7,Tablet,Edge,KA,Evening,1.0,deterministic
ID_37FF67C7,CUST_C4B680AE,phone,919884372651,,,MH,Night,1.0,deterministic
ID_AA8BE6A9,CUST_0FE8CE86,email,laksh802@gmail.com,,,MH,Night,1.0,deterministic
ID_54BAB2E2,CUST_0FE8CE86,device_id,DEV_20838A52,Tablet,Edge,TN,Afternoon,1.0,deterministic
ID_70BF5946,CUST_0FE8CE86,phone,917801054918,,,TN,Afternoon,1.0,deterministic
ID_E19F240C,CUST_119DD9F6,email,jagvi65@gmail.com,,,KA,Night,1.0,deterministic
ID_8912F8F3,CUST_119DD9F6,device_id,DEV_D9D4BDA5,Tablet,Edge,TN,Night,1.0,deterministic
ID_1EB8E334,CUST_119DD9F6,phone,919942239435,,,KA,Night,1.0,deterministic
ID_627C1023,CUST_4A5340F6,email,imaran292@gmail.com,,,KA,Morning,1.0,deterministic
ID_5F94E2F8,CUST_4A5340F6,device_id,DEV_91054786,Tablet,Edge,KA,Evening,1.0,deterministic
ID_2D0D24CC,CUST_4A5340F6,phone,919270399297,,,DL,Afternoon,1.0,deterministic
ID_6243E86A,CUST_1CE8F62B,email,ayushman697@gmail.com,,,DL,Afternoon,1.0,deterministic
ID_639DF288,CUST_1CE8F62B,device_id,DEV_6D48D760,Mobile,Firefox,DL,Night,1.0,deterministic
ID_296652A1,CUST_1CE8F62B,phone,919492062358,,,TN,Morning,1.0,deterministic
ID_7149915C,CUST_60543475,email,kalpit119@gmail.com,,,MH,Afternoon,1.0,deterministic
ID_8427D0BC,CUST_60543475,device_id,DEV_6BBA740E,Tablet,Safari,DL,Evening,1.0,deterministic
ID_9FBFEF4C,CUST_60543475,phone,917290332284,,,TN,Night,1.0,deterministic
ID_C0FF3D9A,CUST_508B3E12,email,ikbal404@gmail.com,,,TN,Morning,1.0,deterministic
ID_FEC71068,CUST_508B3E12,device_id,DEV_E960C78F,Desktop,Edge,TN,Morning,1.0,deterministic
ID_A7467A32,CUST_64D813A5,email,dominic887@gmail.com,,,DL,Afternoon,1.0,deterministic
ID_F2B834DD,CUST_64D813A5,device_id,DEV_4058835C,Desktop,Safari,TN,Afternoon,1.0,deterministic
ID_4D3A70C4,CUST_EDC61F3F,email,mohini694@gmail.com,,,TN,Afternoon,1.0,deterministic
ID_1895B046,CUST_EDC61F3F,device_id,DEV_2D9547C2,Mobile,Firefox,TN,Morning,1.0,deterministic
ID_DCE3CFFA,CUST_EDC61F3F,phone,918557703334,,,KA,Afternoon,1.0,deterministic
ID_845B87B6,CUST_A14EE256,email,vedhika860@gmail.com,,,MH,Evening,1.0,deterministic
ID_246A72A3,CUST_A14EE256,device_id,DEV_BB43062C,Tablet,Safari,MH,Night,1.0,deterministic
ID_20FCE0F5,CUST_B11FBE08,email,zarna742@gmail.com,,,KA,Afternoon,1.0,deterministic
ID_2B28915C,CUST_B11FBE08,device_id,DEV_95239C74,Desktop,Chrome,DL,Afternoon,1.0,deterministic
ID_BFA91C74,CUST_B11FBE08,phone,919251637282,,,TN,Morning,1.0,deterministic
ID_DA386D2C,CUST_DA071068,email,janya396@gmail.com,,,DL,Night,1.0,deterministic
ID_D0B08E5C,CUST_DA071068,device_id,DEV_A7E4F672,Mobile,Safari,DL,Night,1.0,deterministic
ID_17C72733,CUST_DA071068,phone,919888584896,,,TN,Afternoon,1.0,deterministic
ID_C89B91A5,CUST_E2442033,email,sanya960@gmail.com,,,TN,Morning,1.0,deterministic
ID_8FCE4A36,CUST_E2442033,device_id,DEV_938903CB,Mobile,Edge,TN,Morning,1.0,deterministic
ID_EDB08C34,CUST_E2442033,phone,919134921644,,,TN,Evening,1.0,deterministic
ID_10A66E6D,CUST_F0F97E05,email,anvi240@gmail.com,,,KA,Afternoon,1.0,deterministic
ID_9785B21C,CUST_F0F97E05,device_id,DEV_4002ED4A,Desktop,Chrome,KA,Afternoon,1.0,deterministic
ID_F7074A0E,CUST_F0F97E05,phone,917598707325,,,KA,Evening,1.0,deterministic
ID_D765FC38,CUST_3B2A0D43,email,azad445@gmail.com,,,KA,Afternoon,1.0,deterministic
ID_681E0EE7,CUST_3B2A0D43,device_id,DEV_CC72A15A,Mobile,Firefox,MH,Night,1.0,deterministic
ID_152C7D39,CUST_3B2A0D43,phone,919299538496,,,KA,Night,1.0,deterministic
ID_9C2BBB29,CUST_E6593C6B,email,rayaan267@gmail.com,,,MH,Night,1.0,deterministic
ID_DBCBEE7A,CUST_E6593C6B,device_id,DEV_A639E8E3,Tablet,Safari,TN,Evening,1.0,deterministic
ID_3E4973A6,CUST_E6593C6B,phone,919758867583,,,TN,Morning,1.0,deterministic
ID_C97F5587,CUST_D730113B,email,ekanta267@gmail.com,,,DL,Morning,1.0,deterministic
ID_28E7A792,CUST_D730113B,device_id,DEV_60FA1BAC,Mobile,Edge,TN,Morning,1.0,deterministic
ID_E99882BA,CUST_D730113B,phone,918749003118,,,MH,Evening,1.0,deterministic
ID_05DA7C66,CUST_B2B8F92B,email,xiti968@gmail.com,,,MH,Afternoon,1.0,deterministic
ID_AEC27B02,CUST_B2B8F92B,device_id,DEV_CC2E346D,Mobile,Edge,DL,Afternoon,1.0,deterministic
ID_055DE576,CUST_B2B8F92B,phone,919178594353,,,DL,Morning,1.0,deterministic
ID_F84847DD,CUST_99CA12C2,email,isha242@gmail.com,,,TN,Evening,1.0,deterministic
ID_BF6CB136,CUST_99CA12C2,device_id,DEV_B4CDECAC,Tablet,Firefox,DL,Night,1.0,deterministic
ID_F9D4D0BE,CUST_B7CA9F4F,email,lohit368@gmail.com,,,TN,Morning,1.0,deterministic
ID_C8E9D765,CUST_B7CA9F4F,device_id,DEV_DE6CEB64,Desktop,Chrome,TN,Afternoon,1.0,deterministic
ID_D3379ABE,CUST_DF7B584F,email,varenya412@gmail.com,,,DL,Morning,1.0,deterministic
ID_29B5DD33,CUST_DF7B584F,device_id,DEV_DB563802,Tablet,Chrome,KA,Night,1.0,deterministic
ID_C5A4E116,CUST_864192A5,email,urvi834@gmail.com,,,DL,Afternoon,1.0,deterministic
ID_0D202843,CUST_864192A5,device_id,DEV_84048B6B,Tablet,Chrome,DL,Morning,1.0,deterministic
ID_77C4CDC7,CUST_C2777272,email,shivansh972@gmail.com,,,MH,Evening,1.0,deterministic
ID_D56A4B2F,CUST_C2777272,device_id,DEV_276D1B59,Mobile,Firefox,KA,Afternoon,1.0,deterministic
ID_871191F9,CUST_C2777272,phone,919356712741,,,MH,Night,1.0,deterministic
ID_100C1770,CUST_C39706E3,email,manbir656@gmail.com,,,KA,Afternoon,1.0,deterministic
ID_9256DE07,CUST_C39706E3,device_id,DEV_C4E6DAD5,Tablet,Safari,MH,Morning,1.0,deterministic
ID_242F372B,CUST_C39706E3,phone,917993956354,,,TN,Morning,1.0,deterministic
ID_A1F8936E,CUST_E429E2BF,email,qabil711@gmail.com,,,MH,Night,1.0,deterministic
ID_F68973F8,CUST_E429E2BF,device_id,DEV_150DCC64,Tablet,Edge,MH,Night,1.0,deterministic
ID_7CD7E88A,CUST_EE5F32C6,email,wahab318@gmail.com,,,DL,Evening,1.0,deterministic
ID_F352CC88,CUST_EE5F32C6,device_id,DEV_6BED5691,Tablet,Safari,TN,Evening,1.0,deterministic
ID_07B0C4F8,CUST_EE5F32C6,phone,918330497050,,,DL,Afternoon,1.0,deterministic
ID_FC396BE4,CUST_B8585C55,email,ekaja226@gmail.com,,,KA,Night,1.0,deterministic
ID_66C0E92E,CUST_B8585C55,device_id,DEV_349161A6,Tablet,Edge,TN,Evening,1.0,deterministic
ID_A5EC3E79,CUST_B8585C55,phone,917894092699,,,DL,Afternoon,1.0,deterministic
ID_635C95DC,CUST_9C908B7E,email,anay307@gmail.com,,,DL,Morning,1.0,deterministic
ID_B83D6E7D,CUST_9C908B7E,device_id,DEV_48EE8F41,Mobile,Firefox,KA,Afternoon,1.0,deterministic
ID_4A9A5C51,CUST_9C908B7E,phone,919669398115,,,KA,Evening,1.0,deterministic
ID_EE14E3AE,CUST_E05A6E55,email,bhavini877@gmail.com,,,TN,Evening,1.0,deterministic
ID_E509755C,CUST_E05A6E55,device_id,DEV_626B084D,Mobile,Firefox,TN,Morning,1.0,deterministic
ID_0BFD945D,CUST_1F1F606A,email,panini75@gmail.com,,,KA,Night,1.0,deterministic
ID_AA80FCDF,CUST_1F1F606A,device_id,DEV_CE30D0AA,Tablet,Safari,DL,Night,1.0,deterministic
ID_47520C0B,CUST_1F1F606A,phone,918523568349,,,KA,Evening,1.0,deterministic
ID_6F14F34E,CUST_DB91EDA3,email,amol119@gmail.com,,,MH,Afternoon,1.0,deterministic
ID_F55108A8,CUST_DB91EDA3,device_id,DEV_53C0CA6F,Mobile,Chrome,KA,Evening,1.0,deterministic
ID_ECF4B634,CUST_DB91EDA3,phone,919761123892,,,MH,Afternoon,1.0,deterministic
ID_3787A9D5,CUST_D26D51EE,email,rushil596@gmail.com,,,DL,Evening,1.0,deterministic
ID_78D8FA14,CUST_D26D51EE,device_id,DEV_E5D732F2,Desktop,Firefox,DL,Night,1.0,deterministic
ID_1C81D1AA,CUST_D26D51EE,phone,918779611458,,,TN,Evening,1.0,deterministic
ID_C4CE5884,CUST_0E935651,email,anita444@gmail.com,,,KA,Evening,1.0,deterministic
ID_4D84D081,CUST_0E935651,device_id,DEV_15935664,Mobile,Chrome,TN,Night,1.0,deterministic
ID_01D68C9F,CUST_0E935651,phone,919947019542,,,TN,Night,1.0,deterministic
ID_576DB619,CUST_72429935,email,timothy708@gmail.com,,,MH,Night,1.0,deterministic
ID_37912F27,CUST_72429935,device_id,DEV_72AE1811,Mobile,Edge,DL,Night,1.0,deterministic
ID_8AB8FDB9,CUST_72429935,phone,919046883942,,,TN,Afternoon,1.0,deterministic
ID_36F257E6,CUST_FD6AAD0E,email,dalaja838@gmail.com,,,MH,Evening,1.0,deterministic
ID_C7B990C8,CUST_FD6AAD0E,device_id,DEV_3DD65969,Tablet,Safari,MH,Morning,1.0,deterministic
ID_5DDB626D,CUST_FD6AAD0E,phone,919008923429,,,DL,Evening,1.0,deterministic
ID_5C44147C,CUST_7A378EA4,email,jai81@gmail.com,,,DL,Evening,1.0,deterministic
ID_54AAFB33,CUST_7A378EA4,device_id,DEV_2C4AF4B7,Mobile,Safari,DL,Evening,1.0,deterministic
ID_6B049A9A,CUST_5F0AAC03,email,girik542@gmail.com,,,TN,Morning,1.0,deterministic
ID_F137FA71,CUST_5F0AAC03,device_id,DEV_870CE3CF,Tablet,Chrome,MH,Night,1.0,deterministic
ID_B393C4E9,CUST_5F0AAC03,phone,917381492419,,,TN,Night,1.0,deterministic
ID_943FC312,CUST_4EAC5F1B,email,triveni210@gmail.com,,,MH,Night,1.0,deterministic
ID_D1CDF76D,CUST_4EAC5F1B,device_id,DEV_0B17109C,Tablet,Chrome,TN,Night,1.0,deterministic
ID_1FAF8F8B,CUST_4EAC5F1B,phone,919631401841,,,MH,Morning,1.0,deterministic
ID_2CEF8F41,CUST_B3CF4A1B,email,jacob682@gmail.com,,,DL,Morning,1.0,deterministic
ID_FC514FC7,CUST_B3CF4A1B,device_id,DEV_77AD5EBA,Desktop,Chrome,TN,Afternoon,1.0,deterministic
ID_56A05F49,CUST_956AC9C3,email,qarin763@gmail.com,,,KA,Night,1.0,deterministic
ID_5046A815,CUST_956AC9C3,device_id,DEV_F1ABDCE7,Tablet,Safari,MH,Evening,1.0,deterministic
ID_CF0A6E9E,CUST_956AC9C3,phone,918817774102,,,MH,Night,1.0,deterministic
ID_0362D015,CUST_3EB938AC,email,qabil177@gmail.com,,,TN,Afternoon,1.0,deterministic
ID_2EFD46AF,CUST_3EB938AC,device_id,DEV_DDB0E687,Tablet,Edge,KA,Morning,1.0,deterministic
ID_D97C255D,CUST_3EB938AC,phone,918388278708,,,TN,Morning,1.0,deterministic
ID_4D369EA5,CUST_0ECEFA24,email,gopal361@gmail.com,,,MH,Night,1.0,deterministic
ID_75C54012,CUST_0ECEFA24,device_id,DEV_FF0EAE98,Desktop,Chrome,DL,Evening,1.0,deterministic
ID_3FDB05EC,CUST_0ECEFA24,phone,919771678480,,,TN,Night,1.0,deterministic
ID_206CC114,CUST_3BDB194B,email,logan341@gmail.com,,,KA,Evening,1.0,deterministic
ID_75199AEF,CUST_3BDB194B,device_id,DEV_7DBD5C6F,Desktop,Edge,MH,Evening,1.0,deterministic
ID_B7A25F31,CUST_3BDB194B,phone,919668356351,,,TN,Afternoon,1.0,deterministic
ID_752A6CA6,CUST_EA57BACB,email,sara673@gmail.com,,,MH,Afternoon,1.0,deterministic
ID_71F0F013,CUST_EA57BACB,device_id,DEV_DD3DEBE0,Tablet,Safari,DL,Evening,1.0,deterministic
ID_ADC2A6D4,CUST_DB672D6E,email,gagan448@gmail.com,,,DL,Evening,1.0,deterministic
ID_5A535AC0,CUST_DB672D6E,device_id,DEV_198472BF,Mobile,Safari,MH,Night,1.0,deterministic
ID_9C57F0CD,CUST_73610D47,email,bhavani851@gmail.com,,,DL,Evening,1.0,deterministic
ID_AEBD9FAC,CUST_73610D47,device_id,DEV_D9064853,Desktop,Chrome,DL,Afternoon,1.0,deterministic
ID_7DCB5264,CUST_73610D47,phone,919542911280,,,MH,Night,1.0,deterministic
ID_992F19FF,CUST_43287017,email,upkaar839@gmail.com,,,MH,Morning,1.0,deterministic
ID_5A13FFD9,CUST_43287017,device_id,DEV_F347E342,Mobile,Chrome,KA,Evening,1.0,deterministic
ID_6CBA9EFF,CUST_43287017,phone,919079650427,,,TN,Afternoon,1.0,deterministic
ID_F0B7C8EC,CUST_D06526D8,email,yatin356@gmail.com,,,DL,Evening,1.0,deterministic
ID_6767FC9D,CUST_D06526D8,device_id,DEV_86753902,Tablet,Firefox,DL,Morning,1.0,deterministic
ID_AD48D86C,CUST_D314B9C7,email,priya385@gmail.com,,,TN,Evening,1.0,deterministic
ID_25D76ADB,CUST_D314B9C7,device_id,DEV_19855B1B,Tablet,Safari,TN,Morning,1.0,deterministic
ID_0C05FAA8,CUST_C5234514,email,ekansh272@gmail.com,,,KA,Night,1.0,deterministic
ID_8F812A2B,CUST_C5234514,device_id,DEV_9FF13A60,Desktop,Firefox,KA,Night,1.0,deterministic
ID_A2DB6534,CUST_06321A44,email,jeevika151@gmail.com,,,DL,Afternoon,1.0,deterministic
ID_7D7BDCD3,CUST_06321A44,device_id,DEV_02003A5F,Tablet,Chrome,MH,Night,1.0,deterministic
ID_C656D0BD,CUST_06321A44,phone,919724767581,,,MH,Night,1.0,deterministic
ID_3F1456C1,CUST_C9697997,email,urmi778@gmail.com,,,TN,Night,1.0,deterministic
ID_DF1B63DD,CUST_C9697997,device_id,DEV_A0076017,Desktop,Chrome,MH,Night,1.0,deterministic
ID_5FEC9915,CUST_C9697997,phone,919943443636,,,MH,Night,1.0,deterministic
ID_93701812,CUST_33540ED1,email,veer875@gmail.com,,,MH,Night,1.0,deterministic
ID_C787BCD3,CUST_33540ED1,device_id,DEV_49F59F9A,Desktop,Chrome,TN,Morning,1.0,deterministic
ID_E57AE164,CUST_33540ED1,phone,917933440066,,,TN,Afternoon,1.0,deterministic
ID_51BD6309,CUST_9674EE56,email,jagat708@gmail.com,,,TN,Morning,1.0,deterministic
ID_2DC34380,CUST_9674EE56,device_id,DEV_36FDD39B,Mobile,Safari,MH,Morning,1.0,deterministic
ID_4941267D,CUST_9674EE56,phone,919455141727,,,KA,Afternoon,1.0,deterministic
ID_0AF444D3,CUST_55273BA1,email,kashish575@gmail.com,,,TN,Morning,1.0,deterministic
ID_37681E54,CUST_55273BA1,device_id,DEV_0C4D2ED0,Mobile,Safari,DL,Night,1.0,deterministic
ID_540622FE,CUST_2DAEC16A,email,dalaja14@gmail.com,,,DL,Morning,1.0,deterministic
ID_4F30DF29,CUST_2DAEC16A,device_id,DEV_FA0C69B2,Desktop,Edge,KA,Afternoon,1.0,deterministic
ID_09E4C42B,CUST_2DAEC16A,phone,917573948380,,,TN,Evening,1.0,deterministic
ID_0B7C07E8,CUST_B87AF05C,email,gauri568@gmail.com,,,TN,Evening,1.0,deterministic
ID_5D456D0A,CUST_B87AF05C,device_id,DEV_3F3EDBA5,Mobile,Safari,MH,Afternoon,1.0,deterministic
ID_06DF0251,CUST_B87AF05C,phone,919425469948,,,KA,Night,1.0,deterministic
ID_3C399BEF,CUST_C5612976,email,benjamin462@gmail.com,,,KA,Afternoon,1.0,deterministic
ID_FAAD2335,CUST_C5612976,device_id,DEV_12230E79,Mobile,Safari,KA,Morning,1.0,deterministic
ID_E12AFBEC,CUST_C5612976,phone,919919878439,,,TN,Afternoon,1.0,deterministic
ID_E276C30B,CUST_72CBC3FF,email,triya558@gmail.com,,,DL,Morning,1.0,deterministic
ID_70A5ED13,CUST_72CBC3FF,device_id,DEV_0B90AA68,Mobile,Safari,TN,Night,1.0,deterministic
ID_7F440E41,CUST_0F909074,email,gautami978@gmail.com,,,MH,Morning,1.0,deterministic
ID_3E6BF31F,CUST_0F909074,device_id,DEV_2295F051,Desktop,Safari,DL,Night,1.0,deterministic
ID_B13269D3,CUST_E15D1603,email,mohammed585@gmail.com,,,KA,Evening,1.0,deterministic
ID_087D2AD5,CUST_E15D1603,device_id,DEV_D1B60913,Tablet,Firefox,MH,Morning,1.0,deterministic
ID_C4836EA8,CUST_E15D1603,phone,919057385633,,,TN,Night,1.0,deterministic
ID_F1D2A8C9,CUST_328B8A58,email,daksha954@gmail.com,,,KA,Evening,1.0,deterministic
ID_07E333B1,CUST_328B8A58,device_id,DEV_9C0C8CFC,Mobile,Chrome,DL,Afternoon,1.0,deterministic
ID_26E4D34A,CUST_AE9B8C22,email,dominic789@gmail.com,,,KA,Evening,1.0,deterministic
ID_18FEBDEB,CUST_AE9B8C22,device_id,DEV_A6B04A75,Desktop,Safari,DL,Morning,1.0,deterministic
ID_A6D0E4EF,CUST_AE9B8C22,phone,918272179848,,,DL,Afternoon,1.0,deterministic
ID_58BE6C8B,CUST_3734FEC0,email,oscar746@gmail.com,,,MH,Morning,1.0,deterministic
ID_93FD70F8,CUST_3734FEC0,device_id,DEV_6C25AA46,Mobile,Edge,KA,Evening,1.0,deterministic
ID_4DFFD988,CUST_3734FEC0,phone,918603901959,,,DL,Morning,1.0,deterministic
ID_D0F3D75E,CUST_7BB9CFB8,email,kalpit652@gmail.com,,,DL,Morning,1.0,deterministic
ID_3BF81188,CUST_7BB9CFB8,device_id,DEV_52697D39,Mobile,Chrome,MH,Morning,1.0,deterministic
ID_65F8DF3A,CUST_ADAD237D,email,qarin342@gmail.com,,,KA,Evening,1.0,deterministic
ID_FDD946CF,CUST_ADAD237D,device_id,DEV_239E5775,Tablet,Edge,DL,Night,1.0,deterministic
ID_08EEB216,CUST_ADAD237D,phone,919662552435,,,DL,Afternoon,1.0,deterministic
ID_E7B64CFE,CUST_972B2DD0,email,yashoda96@gmail.com,,,DL,Evening,1.0,deterministic
ID_3B63BA72,CUST_972B2DD0,device_id,DEV_41EC3130,Desktop,Edge,MH,Evening,1.0,deterministic
ID_FDBC6A2D,CUST_972B2DD0,phone,918326919216,,,DL,Morning,1.0,deterministic
ID_34EE51C4,CUST_12AF5997,email,sarthak221@gmail.com,,,MH,Afternoon,1.0,deterministic
ID_60B75449,CUST_12AF5997,device_id,DEV_CA9BA676,Tablet,Edge,MH,Night,1.0,deterministic
ID_A46980B6,CUST_18AAD8FB,email,bakhshi167@gmail.com,,,KA,Evening,1.0,deterministic
ID_3C52146E,CUST_18AAD8FB,device_id,DEV_E8ABF0F6,Mobile,Edge,MH,Evening,1.0,deterministic
ID_D99B5D3B,CUST_18AAD8FB,phone,918609657265,,,DL,Evening,1.0,deterministic
ID_D6982C4B,CUST_3E5FC064,email,yug859@gmail.com,,,TN,Night,1.0,deterministic
ID_5B2540F3,CUST_3E5FC064,device_id,DEV_432D7F0E,Desktop,Chrome,KA,Evening,1.0,deterministic
ID_BAE19D5C,CUST_75BA66A5,email,chakradev166@gmail.com,,,KA,Afternoon,1.0,deterministic
ID_17C4B960,CUST_75BA66A5,device_id,DEV_8A6168B8,Desktop,Chrome,TN,Night,1.0,deterministic
ID_D474501F,CUST_75BA66A5,phone,919942284978,,,MH,Evening,1.0,deterministic
ID_231FEBC3,CUST_0276CE0E,email,abhiram924@gmail.com,,,KA,Night,1.0,deterministic
ID_0B3B8406,CUST_0276CE0E,device_id,DEV_E1B0BADD,Tablet,Chrome,DL,Afternoon,1.0,deterministic
ID_2D9F1020,CUST_0276CE0E,phone,917077396025,,,KA,Afternoon,1.0,deterministic
ID_D51ACA70,CUST_EFAE7945,email,pratyush557@gmail.com,,,DL,Afternoon,1.0,deterministic
ID_0D545DC0,CUST_EFAE7945,device_id,DEV_1370893A,Tablet,Firefox,TN,Night,1.0,deterministic
ID_9C1BC829,CUST_58BF3EB3,email,samaksh731@gmail.com,,,TN,Morning,1.0,deterministic
ID_4C891B97,CUST_58BF3EB3,device_id,DEV_8B3B5879,Mobile,Chrome,TN,Afternoon,1.0,deterministic
ID_B9B7BE5E,CUST_58BF3EB3,phone,917423232972,,,TN,Afternoon,1.0,deterministic
ID_74FB25F5,CUST_791BE7DD,email,balveer366@gmail.com,,,KA,Morning,1.0,deterministic
ID_EE3EC9A1,CUST_791BE7DD,device_id,DEV_E0D2A182,Tablet,Chrome,TN,Evening,1.0,deterministic
ID_8B87CF1B,CUST_791BE7DD,phone,918138606285,,,KA,Afternoon,1.0,deterministic
ID_12E72199,CUST_43FE3394,email,urishilla963@gmail.com,,,MH,Morning,1.0,deterministic
ID_6D61F7AE,CUST_43FE3394,device_id,DEV_F8F50890,Desktop,Edge,KA,Morning,1.0,deterministic
ID_115C5872,CUST_43FE3394,phone,917497938693,,,DL,Afternoon,1.0,deterministic
ID_96902F3D,CUST_8DFFB2CE,email,harshil826@gmail.com,,,DL,Afternoon,1.0,deterministic
ID_D131CEF5,CUST_8DFFB2CE,device_id,DEV_0475F2A5,Tablet,Edge,TN,Afternoon,1.0,deterministic
ID_FA484E01,CUST_8DFFB2CE,phone,919715341444,,,TN,Night,1.0,deterministic
ID_79E46F9C,CUST_63715C65,email,mohini473@gmail.com,,,DL,Night,1.0,deterministic
ID_69B1595F,CUST_63715C65,device_id,DEV_604CBA8E,Tablet,Edge,MH,Night,1.0,deterministic
ID_83F55FE1,CUST_63715C65,phone,918413817161,,,KA,Morning,1.0,deterministic
ID_5B155CCF,CUST_9D10986B,email,lucky203@gmail.com,,,KA,Evening,1.0,deterministic
ID_9D4C1290,CUST_9D10986B,device_id,DEV_6AAE6AAC,Tablet,Safari,TN,Night,1.0,deterministic
ID_714FD51D,CUST_9D10986B,phone,919306820255,,,TN,Night,1.0,deterministic
ID_5EB58DD3,CUST_AE7296E8,email,avi232@gmail.com,,,TN,Morning,1.0,deterministic
ID_CD12D677,CUST_AE7296E8,device_id,DEV_1D838821,Mobile,Chrome,TN,Afternoon,1.0,deterministic
ID_C44742D6,CUST_AE7296E8,phone,919655668191,,,DL,Morning,1.0,deterministic
ID_DEFB1277,CUST_F5094D5F,email,neel981@gmail.com,,,TN,Evening,1.0,deterministic
ID_F3780FAE,CUST_F5094D5F,device_id,DEV_46A36B8B,Mobile,Chrome,KA,Morning,1.0,deterministic
ID_829814CE,CUST_F5094D5F,phone,918854911292,,,TN,Evening,1.0,deterministic
ID_2C63AC6D,CUST_55E21CDC,email,libni332@gmail.com,,,MH,Afternoon,1.0,deterministic
ID_86A23225,CUST_55E21CDC,device_id,DEV_A34A44A7,Tablet,Firefox,TN,Night,1.0,deterministic
ID_C15F12E9,CUST_8AE530FA,email,ronith155@gmail.com,,,DL,Morning,1.0,deterministic
ID_E743DCCB,CUST_8AE530FA,device_id,DEV_389CEF88,Mobile,Chrome,KA,Evening,1.0,deterministic
ID_FE591E58,CUST_8AE530FA,phone,917777095188,,,KA,Evening,1.0,deterministic
ID_4C816E67,CUST_C7AF7E68,email,arya533@gmail.com,,,KA,Night,1.0,deterministic
ID_BB307CE8,CUST_C7AF7E68,device_id,DEV_DF243BA7,Desktop,Chrome,KA,Night,1.0,deterministic
ID_0776BFDA,CUST_C7AF7E68,phone,919868614804,,,KA,Evening,1.0,deterministic
ID_A1377A8D,CUST_A4B5E952,email,benjamin897@gmail.com,,,MH,Morning,1.0,deterministic
ID_EA8BB66A,CUST_A4B5E952,device_id,DEV_E1D35F48,Tablet,Chrome,MH,Night,1.0,deterministic
ID_91C21AE6,CUST_F9C12A90,email,ria593@gmail.com,,,KA,Morning,1.0,deterministic
ID_5DCE514B,CUST_F9C12A90,device_id,DEV_6F75843D,Mobile,Chrome,KA,Night,1.0,deterministic
ID_3D1C08DE,CUST_6D34DCA7,email,frado801@gmail.com,,,KA,Afternoon,1.0,deterministic
ID_D63890BE,CUST_6D34DCA7,device_id,DEV_C249DEA5,Mobile,Safari,MH,Morning,1.0,deterministic
ID_AEB74312,CUST_6D34DCA7,phone,917086574580,,,TN,Evening,1.0,deterministic
ID_79F5CEAC,CUST_F8398755,email,nandini253@gmail.com,,,DL,Morning,1.0,deterministic
ID_2B8E2E30,CUST_F8398755,device_id,DEV_39E2D342,Tablet,Safari,TN,Afternoon,1.0,deterministic
ID_97820615,CUST_F8398755,phone,918605391748,,,KA,Afternoon,1.0,deterministic
ID_2665D984,CUST_D351A539,email,nimrat81@gmail.com,,,KA,Afternoon,1.0,deterministic
ID_6C6D6066,CUST_D351A539,device_id,DEV_EE387E7F,Desktop,Safari,MH,Night,1.0,deterministic
ID_12603097,CUST_D351A539,phone,917537544754,,,DL,Evening,1.0,deterministic
ID_90123F4D,CUST_956F4391,email,krish517@gmail.com,,,MH,Night,1.0,deterministic
ID_233B8CDE,CUST_956F4391,device_id,DEV_E4792A8B,Tablet,Firefox,MH,Night,1.0,deterministic
ID_1CBC9D24,CUST_956F4391,phone,918117969069,,,TN,Morning,1.0,deterministic
ID_B2EE1171,CUST_0AA057F5,email,chaitanya424@gmail.com,,,DL,Evening,1.0,deterministic
ID_861A25BC,CUST_0AA057F5,device_id,DEV_36BF7C12,Mobile,Firefox,TN,Evening,1.0,deterministic
ID_B50371BA,CUST_8D6439E0,email,daksh897@gmail.com,,,KA,Morning,1.0,deterministic
ID_C02BD9AA,CUST_8D6439E0,device_id,DEV_827BE68C,Mobile,Safari,DL,Afternoon,1.0,deterministic
ID_5BC6E86B,CUST_8D6439E0,phone,919209160135,,,TN,Evening,1.0,deterministic
ID_EADFFB31,CUST_302CEB79,email,harini61@gmail.com,,,MH,Morning,1.0,deterministic
ID_2C644E2C,CUST_302CEB79,device_id,DEV_58642DBA,Tablet,Firefox,DL,Afternoon,1.0,deterministic
ID_5E7CC3CD,CUST_302CEB79,phone,918436972117,,,TN,Morning,1.0,deterministic
ID_F59E1BC2,CUST_538A7176,email,vasana445@gmail.com,,,TN,Evening,1.0,deterministic
ID_749188E1,CUST_538A7176,device_id,DEV_931B338C,Desktop,Chrome,MH,Evening,1.0,deterministic
ID_F947C40C,CUST_7D42AE80,email,umang167@gmail.com,,,DL,Evening,1.0,deterministic
ID_D35F4BF1,CUST_7D42AE80,device_id,DEV_E90A1362,Tablet,Firefox,TN,Afternoon,1.0,deterministic
ID_395CC0BA,CUST_7D42AE80,phone,918087941923,,,DL,Morning,1.0,deterministic
ID_625442AB,CUST_A32303A8,email,daniel712@gmail.com,,,TN,Afternoon,1.0,deterministic
ID_7D691EA6,CUST_A32303A8,device_id,DEV_14857DE1,Desktop,Chrome,KA,Morning,1.0,deterministic
ID_0F03C2D1,CUST_A32303A8,phone,918483548925,,,MH,Evening,1.0,deterministic
ID_C3F1E670,CUST_711EDC8E,email,lakshit651@gmail.com,,,MH,Afternoon,1.0,deterministic
ID_BAC3A576,CUST_711EDC8E,device_id,DEV_EA934938,Tablet,Chrome,MH,Evening,1.0,deterministic
ID_8094F045,CUST_1AFE374A,email,theodore947@gmail.com,,,TN,Evening,1.0,deterministic
ID_94ECFB7E,CUST_1AFE374A,device_id,DEV_7AAAF77F,Tablet,Safari,MH,Evening,1.0,deterministic
ID_3EFE5D15,CUST_1AFE374A,phone,918203608338,,,MH,Morning,1.0,deterministic
ID_B0D58508,CUST_66D6E841,email,amol80@gmail.com,,,KA,Night,1.0,deterministic
ID_1C66F2A8,CUST_66D6E841,device_id,DEV_68C1A360,Tablet,Firefox,DL,Morning,1.0,deterministic
ID_EF6D2E06,CUST_94271BA7,email,gayathri108@gmail.com,,,TN,Afternoon,1.0,deterministic
ID_2B835CF8,CUST_94271BA7,device_id,DEV_021F9D13,Tablet,Safari,TN,Night,1.0,deterministic
ID_AEA2DF29,CUST_94271BA7,phone,917302021589,,,DL,Morning,1.0,deterministic
ID_06565918,CUST_24C24DF0,email,sarthak34@gmail.com,,,KA,Night,1.0,deterministic
ID_C0782147,CUST_24C24DF0,device_id,DEV_35CBFB9D,Desktop,Firefox,TN,Evening,1.0,deterministic
ID_B059884A,CUST_D9AFADA6,email,fitan27@gmail.com,,,KA,Afternoon,1.0,deterministic
ID_4344A459,CUST_D9AFADA6,device_id,DEV_DFCA297F,Tablet,Safari,MH,Night,1.0,deterministic
ID_44E42FBB,CUST_7DABD08A,email,isaiah268@gmail.com,,,DL,Morning,1.0,deterministic
ID_30A68F94,CUST_7DABD08A,device_id,DEV_6582B097,Mobile,Safari,MH,Night,1.0,deterministic
ID_37ADBDFC,CUST_0B2DF13F,email,mitesh562@gmail.com,,,KA,Night,1.0,deterministic
ID_8DD8763F,CUST_0B2DF13F,device_id,DEV_35AD89D6,Mobile,Chrome,DL,Evening,1.0,deterministic
ID_18DC9268,CUST_0B2DF13F,phone,918177813909,,,KA,Night,1.0,deterministic
ID_8CDE0548,CUST_B231E916,email,qadim125@gmail.com,,,KA,Night,1.0,deterministic
ID_9098CAD5,CUST_B231E916,device_id,DEV_3F9CDB28,Desktop,Firefox,KA,Night,1.0,deterministic
ID_74FF168A,CUST_B231E916,phone,919797345947,,,DL,Evening,1.0,deterministic
ID_835849D1,CUST_2307D46C,email,yochana70@gmail.com,,,MH,Night,1.0,deterministic
ID_BCB3481B,CUST_2307D46C,device_id,DEV_84045A70,Mobile,Safari,TN,Afternoon,1.0,deterministic
ID_FC04CBCD,CUST_2307D46C,phone,917281535641,,,MH,Morning,1.0,deterministic
ID_34D40AB9,CUST_9F6558FE,email,nidra38@gmail.com,,,KA,Evening,1.0,deterministic
ID_E5F6EF45,CUST_9F6558FE,device_id,DEV_B8029010,Mobile,Firefox,DL,Morning,1.0,deterministic
ID_8580015F,CUST_9F6558FE,phone,919089282757,,,KA,Afternoon,1.0,deterministic
ID_F10E5D12,CUST_EEF7C6CD,email,sai841@gmail.com,,,TN,Night,1.0,deterministic
ID_D4A81D2E,CUST_EEF7C6CD,device_id,DEV_9E9F3C54,Mobile,Edge,KA,Evening,1.0,deterministic
ID_E2D3FFB6,CUST_EEF7C6CD,phone,918995561937,,,KA,Morning,1.0,deterministic
ID_DB37CDFB,CUST_A28972F7,email,jagrati764@gmail.com,,,TN,Night,1.0,deterministic
ID_62E2452F,CUST_A28972F7,device_id,DEV_C33062C3,Tablet,Safari,TN,Night,1.0,deterministic
ID_E7905381,CUST_A28972F7,phone,919529776321,,,MH,Morning,1.0,deterministic
ID_C3125DA2,CUST_71D368F0,email,george732@gmail.com,,,MH,Evening,1.0,deterministic
ID_2185BC39,CUST_71D368F0,device_id,DEV_09B21E7C,Desktop,Firefox,TN,Afternoon,1.0,deterministic
ID_D5C2648B,CUST_71D368F0,phone,917876446750,,,MH,Night,1.0,deterministic
ID_654AB34E,CUST_8E801C1B,email,lakshmi893@gmail.com,,,DL,Evening,1.0,deterministic
ID_6B097FF0,CUST_8E801C1B,device_id,DEV_1B38F418,Mobile,Firefox,KA,Morning,1.0,deterministic
ID_FD64AEEF,CUST_8E801C1B,phone,918049239774,,,DL,Evening,1.0,deterministic
ID_4B2B8C8E,CUST_0AC726CC,email,oliver320@gmail.com,,,DL,Evening,1.0,deterministic
ID_27B30607,CUST_0AC726CC,device_id,DEV_F327A054,Mobile,Firefox,TN,Morning,1.0,deterministic
ID_ADEEA78B,CUST_0AC726CC,phone,919047925048,,,KA,Night,1.0,deterministic
ID_705064ED,CUST_7852DBC9,email,shivansh346@gmail.com,,,KA,Afternoon,1.0,deterministic
ID_24AA5E2B,CUST_7852DBC9,device_id,DEV_F77F1970,Tablet,Safari,TN,Morning,1.0,deterministic
ID_483DC9A9,CUST_07EA8A74,email,gaurang610@gmail.com,,,TN,Morning,1.0,deterministic
ID_0E9A1B2C,CUST_07EA8A74,device_id,DEV_499B799E,Mobile,Edge,KA,Evening,1.0,deterministic
ID_65E1B06D,CUST_07EA8A74,phone,918119738031,,,MH,Afternoon,1.0,deterministic
ID_051B57AB,CUST_BF9F3367,email,wriddhish294@gmail.com,,,TN,Afternoon,1.0,deterministic
ID_98AACED7,CUST_BF9F3367,device_id,DEV_0CD8A420,Desktop,Edge,TN,Afternoon,1.0,deterministic
ID_6F96483D,CUST_BF9F3367,phone,917941471824,,,MH,Evening,1.0,deterministic
ID_50F57CDF,CUST_F3E2D497,email,vritti996@gmail.com,,,DL,Afternoon,1.0,deterministic
ID_6D0EEF04,CUST_F3E2D497,device_id,DEV_D869D413,Mobile,Edge,DL,Morning,1.0,deterministic
ID_A26620DE,CUST_F3E2D497,phone,919075827731,,,KA,Afternoon,1.0,deterministic
ID_775BB05E,CUST_1A361C57,email,jackson249@gmail.com,,,KA,Evening,1.0,deterministic
ID_BF4FA8C9,CUST_1A361C57,device_id,DEV_140CE254,Mobile,Firefox,MH,Morning,1.0,deterministic
ID_B05EAC21,CUST_1A361C57,phone,917782536523,,,TN,Night,1.0,deterministic
ID_10083E97,CUST_F3F8E500,email,max435@gmail.com,,,DL,Afternoon,1.0,deterministic
ID_E1277A48,CUST_F3F8E500,device_id,DEV_8671B851,Mobile,Firefox,MH,Afternoon,1.0,deterministic
ID_420B9D3E,CUST_5B263543,email,wishi842@gmail.com,,,MH,Night,1.0,deterministic
ID_24966E10,CUST_5B263543,device_id,DEV_0E53C1EA,Mobile,Chrome,MH,Afternoon,1.0,deterministic
ID_46020126,CUST_EFB1E232,email,balveer475@gmail.com,,,MH,Evening,1.0,deterministic
ID_DB54C658,CUST_EFB1E232,device_id,DEV_5C84A7FF,Desktop,Chrome,KA,Afternoon,1.0,deterministic
ID_0C181134,CUST_EFB1E232,phone,919854762894,,,MH,Evening,1.0,deterministic
ID_F33D4A99,CUST_586B166F,email,champak675@gmail.com,,,DL,Morning,1.0,deterministic
ID_17A7D1E6,CUST_586B166F,device_id,DEV_480B3529,Desktop,Chrome,DL,Afternoon,1.0,deterministic
ID_15861897,CUST_46A3E974,email,ubika181@gmail.com,,,KA,Night,1.0,deterministic
ID_AAFA2B91,CUST_46A3E974,device_id,DEV_EC0F5C81,Desktop,Safari,MH,Night,1.0,deterministic
ID_BCF420DF,CUST_46A3E974,phone,918129431363,,,TN,Evening,1.0,deterministic
ID_10C51605,CUST_4263EE0F,email,jonathan44@gmail.com,,,TN,Morning,1.0,deterministic
ID_596AA6D8,CUST_4263EE0F,device_id,DEV_F0A9C3D6,Tablet,Safari,TN,Evening,1.0,deterministic
ID_EA04E935,CUST_4263EE0F,phone,917502266126,,,KA,Night,1.0,deterministic
ID_060AEEDB,CUST_0799698D,email,siddharth839@gmail.com,,,MH,Morning,1.0,deterministic
ID_D530F196,CUST_0799698D,device_id,DEV_E792597F,Desktop,Firefox,KA,Morning,1.0,deterministic
ID_8854D457,CUST_0799698D,phone,917231229233,,,TN,Afternoon,1.0,deterministic
ID_41ECE938,CUST_C4813074,email,balhaar726@gmail.com,,,MH,Afternoon,1.0,deterministic
ID_24E930B0,CUST_C4813074,device_id,DEV_4268F31A,Tablet,Firefox,KA,Night,1.0,deterministic
ID_4102EC3B,CUST_D0D6BA71,email,gaurav130@gmail.com,,,KA,Afternoon,1.0,deterministic
ID_0A7D4B0C,CUST_D0D6BA71,device_id,DEV_68A45FF8,Mobile,Edge,KA,Evening,1.0,deterministic
ID_983D2FC7,CUST_D0D6BA71,phone,918327517080,,,KA,Morning,1.0,deterministic
ID_88B4B106,CUST_EE839A5D,email,anirudh959@gmail.com,,,TN,Night,1.0,deterministic
ID_518E8285,CUST_EE839A5D,device_id,DEV_4F9B0B13,Desktop,Safari,DL,Afternoon,1.0,deterministic
ID_273EF2F3,CUST_EE839A5D,phone,919623447017,,,MH,Afternoon,1.0,deterministic
ID_F66290B4,CUST_325501F0,email,harita206@gmail.com,,,TN,Morning,1.0,deterministic
ID_BD30050E,CUST_325501F0,device_id,DEV_1F338161,Mobile,Edge,KA,Morning,1.0,deterministic
ID_61967245,CUST_325501F0,phone,919740324416,,,KA,Morning,1.0,deterministic
ID_708F3DE5,CUST_71520E60,email,hardik715@gmail.com,,,MH,Morning,1.0,deterministic
ID_B840D721,CUST_71520E60,device_id,DEV_22749653,Mobile,Safari,DL,Night,1.0,deterministic
ID_443B1024,CUST_71520E60,phone,917658342970,,,TN,Afternoon,1.0,deterministic
ID_FC071B27,CUST_462E7A2E,email,pranit975@gmail.com,,,KA,Evening,1.0,deterministic
ID_40D044EB,CUST_462E7A2E,device_id,DEV_6EC52558,Tablet,Firefox,TN,Evening,1.0,deterministic
ID_B10EE48E,CUST_462E7A2E,phone,917613327853,,,TN,Morning,1.0,deterministic
ID_01943B13,CUST_4DC33C38,email,faqid130@gmail.com,,,DL,Afternoon,1.0,deterministic
ID_D6E2D270,CUST_4DC33C38,device_id,DEV_58013E0E,Mobile,Firefox,DL,Morning,1.0,deterministic
ID_91D930F2,CUST_C640B75F,email,jack82@gmail.com,,,KA,Night,1.0,deterministic
ID_60A5CEB1,CUST_C640B75F,device_id,DEV_B2FE2F43,Mobile,Chrome,KA,Afternoon,1.0,deterministic
ID_D2BD0BE8,CUST_C640B75F,phone,919112556841,,,MH,Morning,1.0,deterministic
ID_48333E90,CUST_CF937353,email,aarush881@gmail.com,,,DL,Night,1.0,deterministic
ID_1781144F,CUST_CF937353,device_id,DEV_40E154E2,Tablet,Edge,MH,Evening,1.0,deterministic
ID_141F157B,CUST_642E3418,email,ronith475@gmail.com,,,TN,Evening,1.0,deterministic
ID_345DAFCF,CUST_642E3418,device_id,DEV_E14B0F98,Tablet,Edge,MH,Afternoon,1.0,deterministic
ID_F20105FC,CUST_642E3418,phone,918079730747,,,DL,Afternoon,1.0,deterministic
ID_4322956F,CUST_84C827DA,email,ekavir226@gmail.com,,,MH,Afternoon,1.0,deterministic
ID_D1315268,CUST_84C827DA,device_id,DEV_51C2C158,Desktop,Firefox,TN,Morning,1.0,deterministic
ID_88859163,CUST_84C827DA,phone,917650380812,,,DL,Night,1.0,deterministic
ID_73F48235,CUST_05D41BA4,email,hemal554@gmail.com,,,KA,Morning,1.0,deterministic
ID_631C8DAD,CUST_05D41BA4,device_id,DEV_9740CEF4,Tablet,Edge,MH,Morning,1.0,deterministic
ID_B78B548D,CUST_05D41BA4,phone,918931911356,,,DL,Night,1.0,deterministic
ID_BD67C07C,CUST_5DF7BE8B,email,zinal38@gmail.com,,,DL,Morning,1.0,deterministic
ID_6A56B5C3,CUST_5DF7BE8B,device_id,DEV_FF975120,Desktop,Edge,TN,Morning,1.0,deterministic
ID_E5B32F42,CUST_5DF7BE8B,phone,918912890149,,,MH,Evening,1.0,deterministic
ID_FDB78964,CUST_9919FCF3,email,damini816@gmail.com,,,TN,Afternoon,1.0,deterministic
ID_9DF761D7,CUST_9919FCF3,device_id,DEV_C8B1C897,Mobile,Edge,DL,Night,1.0,deterministic
ID_148E0846,CUST_9919FCF3,phone,918012303404,,,DL,Night,1.0,deterministic
ID_42D6138A,CUST_EDAA98F7,email,kashish752@gmail.com,,,DL,Afternoon,1.0,deterministic
ID_82CCE35B,CUST_EDAA98F7,device_id,DEV_809E47E8,Tablet,Safari,TN,Afternoon,1.0,deterministic
ID_35AB8191,CUST_7C08061C,email,waida294@gmail.com,,,DL,Afternoon,1.0,deterministic
ID_BB7345E7,CUST_7C08061C,device_id,DEV_6D765D4C,Mobile,Edge,TN,Evening,1.0,deterministic
ID_139FF548,CUST_7C08061C,phone,919776710296,,,MH,Evening,1.0,deterministic
ID_45375DC3,CUST_00BB6298,email,sathvik941@gmail.com,,,DL,Night,1.0,deterministic
ID_ABDD023D,CUST_00BB6298,device_id,DEV_617B7E8B,Mobile,Firefox,MH,Afternoon,1.0,deterministic
ID_169BEFD2,CUST_053AECF7,email,jai742@gmail.com,,,KA,Afternoon,1.0,deterministic
ID_CFC26232,CUST_053AECF7,device_id,DEV_8600A2F0,Tablet,Firefox,MH,Afternoon,1.0,deterministic
ID_9DC5EE33,CUST_053AECF7,phone,917883899305,,,MH,Evening,1.0,deterministic
ID_9D4DEE00,CUST_05128E95,email,chandani700@gmail.com,,,MH,Evening,1.0,deterministic
ID_C6FD930C,CUST_05128E95,device_id,DEV_A3370A60,Tablet,Firefox,DL,Evening,1.0,deterministic
ID_E7E898CC,CUST_05128E95,phone,917833101188,,,MH,Afternoon,1.0,deterministic
ID_86534C1E,CUST_8E117EE4,email,jackson432@gmail.com,,,MH,Night,1.0,deterministic
ID_ACE7A7D4,CUST_8E117EE4,device_id,DEV_1566F8F6,Mobile,Firefox,TN,Evening,1.0,deterministic
ID_17B28018,CUST_6829755F,email,qasim745@gmail.com,,,KA,Morning,1.0,deterministic
ID_6C369FBA,CUST_6829755F,device_id,DEV_D80AF353,Tablet,Firefox,TN,Afternoon,1.0,deterministic
ID_1B5B9D12,CUST_6829755F,phone,918227451360,,,MH,Afternoon,1.0,deterministic
ID_8E46859B,CUST_AFA4D7A5,email,divya433@gmail.com,,,MH,Afternoon,1.0,deterministic
ID_057D38C9,CUST_AFA4D7A5,device_id,DEV_22414741,Desktop,Firefox,DL,Evening,1.0,deterministic
ID_EC22E3EA,CUST_84D63496,email,triya837@gmail.com,,,DL,Morning,1.0,deterministic
ID_71B0BD7E,CUST_84D63496,device_id,DEV_A71DA826,Desktop,Safari,MH,Night,1.0,deterministic
ID_8012BEA0,CUST_84D63496,phone,919369359597,,,TN,Morning,1.0,deterministic
ID_C2C19CDC,CUST_F665114F,email,rishi779@gmail.com,,,DL,Night,1.0,deterministic
ID_6B468804,CUST_F665114F,device_id,DEV_855E5826,Tablet,Firefox,TN,Morning,1.0,deterministic
ID_DB91AD69,CUST_DA68F69F,email,dev54@gmail.com,,,MH,Morning,1.0,deterministic
ID_B3B52BDB,CUST_DA68F69F,device_id,DEV_D00F7372,Desktop,Safari,KA,Afternoon,1.0,deterministic
ID_A7E94B31,CUST_B0CBB472,email,qushi479@gmail.com,,,KA,Afternoon,1.0,deterministic
ID_F748E63A,CUST_B0CBB472,device_id,DEV_7F2B5B77,Desktop,Edge,TN,Evening,1.0,deterministic
ID_96D2AFF8,CUST_D9E59906,email,frado996@gmail.com,,,MH,Afternoon,1.0,deterministic
ID_EBE113FE,CUST_D9E59906,device_id,DEV_7EE55B30,Mobile,Safari,TN,Night,1.0,deterministic
ID_874E46D6,CUST_D9E59906,phone,919005181159,,,TN,Morning,1.0,deterministic
ID_8F52DE80,CUST_22C9C586,email,anay88@gmail.com,,,DL,Morning,1.0,deterministic
ID_0E6C51B7,CUST_22C9C586,device_id,DEV_41A9E5A9,Desktop,Edge,MH,Afternoon,1.0,deterministic
ID_A512AB12,CUST_A434A37C,email,bimala784@gmail.com,,,KA,Afternoon,1.0,deterministic
ID_00FBFB7F,CUST_A434A37C,device_id,DEV_611B57E1,Tablet,Chrome,DL,Afternoon,1.0,deterministic
ID_F94B9994,CUST_A434A37C,phone,917367634691,,,DL,Evening,1.0,deterministic
ID_894BDA15,CUST_B726856D,email,ubika958@gmail.com,,,TN,Morning,1.0,deterministic
ID_A4FD5BA3,CUST_B726856D,device_id,DEV_AB0F1622,Desktop,Edge,TN,Morning,1.0,deterministic
ID_86BE3AA6,CUST_B726856D,phone,918944600601,,,DL,Afternoon,1.0,deterministic
ID_9A805250,CUST_FCBBAB0E,email,vidhi652@gmail.com,,,DL,Evening,1.0,deterministic
ID_B9AE69B4,CUST_FCBBAB0E,device_id,DEV_DE74499F,Tablet,Edge,KA,Evening,1.0,deterministic
ID_C6BA1261,CUST_FCBBAB0E,phone,917919521915,,,MH,Night,1.0,deterministic
ID_5C44F122,CUST_2463F2C4,email,charles255@gmail.com,,,KA,Morning,1.0,deterministic
ID_7F4DFA81,CUST_2463F2C4,device_id,DEV_94AEA46E,Desktop,Safari,DL,Night,1.0,deterministic
ID_65D9FCD6,CUST_2463F2C4,phone,919032679501,,,MH,Night,1.0,deterministic
ID_FAE19792,CUST_7A80472F,email,dayita903@gmail.com,,,DL,Morning,1.0,deterministic
ID_C7F1CC88,CUST_7A80472F,device_id,DEV_9ED74A90,Desktop,Edge,KA,Evening,1.0,deterministic
ID_E3C86498,CUST_7A80472F,phone,918001738730,,,KA,Afternoon,1.0,deterministic
ID_28B4351E,CUST_E227EA55,email,avni544@gmail.com,,,TN,Morning,1.0,deterministic
ID_0C274BBD,CUST_E227EA55,device_id,DEV_6AE51108,Tablet,Firefox,DL,Night,1.0,deterministic
ID_789FB6A6,CUST_E227EA55,phone,917328535118,,,DL,Evening,1.0,deterministic
ID_981F13D8,CUST_500B2D9A,email,kai447@gmail.com,,,KA,Afternoon,1.0,deterministic
ID_1A52BA77,CUST_500B2D9A,device_id,DEV_79223485,Mobile,Chrome,DL,Evening,1.0,deterministic
ID_0C3F8283,CUST_500B2D9A,phone,917343236273,,,TN,Afternoon,1.0,deterministic
ID_9102BA0C,CUST_D568E62C,email,saanvi104@gmail.com,,,TN,Morning,1.0,deterministic
ID_8D041A6B,CUST_D568E62C,device_id,DEV_2E0E5DEF,Mobile,Chrome,KA,Evening,1.0,deterministic
ID_2FB0D332,CUST_D568E62C,phone,917456541125,,,KA,Evening,1.0,deterministic
ID_4D8AC871,CUST_B2C5D3F0,email,qabil239@gmail.com,,,DL,Afternoon,1.0,deterministic
ID_B4312FBD,CUST_B2C5D3F0,device_id,DEV_AD2BF96A,Tablet,Chrome,TN,Morning,1.0,deterministic
ID_0F0454E8,CUST_4F6B0EF5,email,benjamin619@gmail.com,,,KA,Afternoon,1.0,deterministic
ID_5763EF17,CUST_4F6B0EF5,device_id,DEV_44A895C7,Desktop,Edge,KA,Afternoon,1.0,deterministic
ID_21FC11DA,CUST_30EC8970,email,lekha318@gmail.com,,,TN,Night,1.0,deterministic
ID_55CB3121,CUST_30EC8970,device_id,DEV_30A4FEE9,Tablet,Chrome,MH,Night,1.0,deterministic
ID_FEBE243A,CUST_30EC8970,phone,918045468067,,,KA,Night,1.0,deterministic
ID_AC0DDD8C,CUST_9D087A5B,email,ranbir828@gmail.com,,,DL,Afternoon,1.0,deterministic
ID_BF254BCC,CUST_9D087A5B,device_id,DEV_B7FDB3B9,Tablet,Firefox,TN,Evening,1.0,deterministic
ID_57753865,CUST_9D087A5B,phone,919903973321,,,KA,Afternoon,1.0,deterministic
ID_A2EF6B62,CUST_A677100E,email,bhavani714@gmail.com,,,DL,Morning,1.0,deterministic
ID_02412572,CUST_A677100E,device_id,DEV_7414946E,Tablet,Edge,TN,Evening,1.0,deterministic
ID_639C0C4D,CUST_A677100E,phone,919024673337,,,TN,Evening,1.0,deterministic
ID_F785662B,CUST_23EFB197,email,umang665@gmail.com,,,DL,Evening,1.0,deterministic
ID_89FBA647,CUST_23EFB197,device_id,DEV_04703CEB,Desktop,Safari,DL,Night,1.0,deterministic
ID_833D75ED,CUST_23EFB197,phone,919515033418,,,KA,Afternoon,1.0,deterministic
ID_08508DEF,CUST_7C7B002A,email,amol678@gmail.com,,,DL,Morning,1.0,deterministic
ID_41165FEA,CUST_7C7B002A,device_id,DEV_6669B02C,Desktop,Chrome,DL,Evening,1.0,deterministic
ID_F57A9F1C,CUST_7C7B002A,phone,918120643796,,,DL,Afternoon,1.0,deterministic
ID_897DC7AF,CUST_50E42BD9,email,rishi45@gmail.com,,,KA,Afternoon,1.0,deterministic
ID_FB24532A,CUST_50E42BD9,device_id,DEV_057C19A6,Desktop,Safari,KA,Morning,1.0,deterministic
ID_CC11CC32,CUST_50E42BD9,phone,918005410045,,,KA,Night,1.0,deterministic
ID_24CCD032,CUST_4B21C776,email,gopal887@gmail.com,,,DL,Night,1.0,deterministic
ID_0A2D5AEE,CUST_4B21C776,device_id,DEV_9D886DFC,Tablet,Safari,DL,Night,1.0,deterministic
ID_F34ADFA2,CUST_23EEA7C2,email,rachit769@gmail.com,,,DL,Afternoon,1.0,deterministic
ID_5E3B8CFE,CUST_23EEA7C2,device_id,DEV_D76E28B6,Mobile,Chrome,MH,Evening,1.0,deterministic
ID_89458334,CUST_23EEA7C2,phone,917661508861,,,KA,Night,1.0,deterministic
ID_0F3EEF98,CUST_B215D3CB,email,suhani37@gmail.com,,,KA,Afternoon,1.0,deterministic
ID_00D304CF,CUST_B215D3CB,device_id,DEV_B2BB8116,Tablet,Firefox,DL,Evening,1.0,deterministic
ID_49E3165C,CUST_B215D3CB,phone,917076867471,,,DL,Night,1.0,deterministic
ID_11156F3F,CUST_9717D202,email,ojasvi944@gmail.com,,,MH,Morning,1.0,deterministic
ID_CC050749,CUST_9717D202,device_id,DEV_C982BFB2,Mobile,Firefox,DL,Night,1.0,deterministic
ID_A2710E43,CUST_9717D202,phone,917072440411,,,MH,Morning,1.0,deterministic
ID_264D980C,CUST_8A4D9CAB,email,tarak765@gmail.com,,,MH,Morning,1.0,deterministic
ID_2C2EB005,CUST_8A4D9CAB,device_id,DEV_F188394B,Tablet,Chrome,MH,Afternoon,1.0,deterministic
ID_1FEC9CFE,CUST_8A4D9CAB,phone,918613993512,,,TN,Night,1.0,deterministic
ID_DF755941,CUST_0CFCD5D5,email,garima891@gmail.com,,,TN,Morning,1.0,deterministic
ID_A6208AB3,CUST_0CFCD5D5,device_id,DEV_96CF389D,Mobile,Chrome,KA,Afternoon,1.0,deterministic
ID_9ECAD752,CUST_3B0022BB,email,siya979@gmail.com,,,TN,Evening,1.0,deterministic
ID_6CB6E4DB,CUST_3B0022BB,device_id,DEV_073DD8BA,Desktop,Safari,DL,Evening,1.0,deterministic
ID_BB89AB0C,CUST_3B0022BB,phone,919283795705,,,MH,Morning,1.0,deterministic
ID_3FE380A8,CUST_C1330647,email,yatin105@gmail.com,,,MH,Morning,1.0,deterministic
ID_8F7A48BA,CUST_C1330647,device_id,DEV_94040144,Desktop,Safari,MH,Night,1.0,deterministic
ID_8BFD1C5A,CUST_C1330647,phone,917280903843,,,MH,Morning,1.0,deterministic
ID_3DABC392,CUST_DD504038,email,aradhana41@gmail.com,,,KA,Evening,1.0,deterministic
ID_E127D227,CUST_DD504038,device_id,DEV_FC1344CB,Tablet,Chrome,DL,Afternoon,1.0,deterministic
ID_7B29A6FA,CUST_BB8935C0,email,varenya931@gmail.com,,,MH,Night,1.0,deterministic
ID_DF2F8333,CUST_BB8935C0,device_id,DEV_52ABD395,Mobile,Chrome,KA,Afternoon,1.0,deterministic
ID_179F4DA5,CUST_BB8935C0,phone,919837618939,,,KA,Evening,1.0,deterministic
ID_6181EF37,CUST_CF602B04,email,udant87@gmail.com,,,DL,Morning,1.0,deterministic
ID_1BF0D906,CUST_CF602B04,device_id,DEV_979FDC56,Desktop,Safari,TN,Afternoon,1.0,deterministic
ID_B92B23CF,CUST_CF602B04,phone,918941607621,,,TN,Evening,1.0,deterministic
ID_A2BEF5A3,CUST_5E0BB013,email,harshil256@gmail.com,,,TN,Night,1.0,deterministic
ID_DE57C368,CUST_5E0BB013,device_id,DEV_779B235C,Tablet,Edge,KA,Evening,1.0,deterministic
ID_13D0CB71,CUST_5E0BB013,phone,919879731327,,,MH,Morning,1.0,deterministic
ID_1BDB8CCE,CUST_D26CE20B,email,samarth177@gmail.com,,,MH,Evening,1.0,deterministic
ID_27D3FE15,CUST_D26CE20B,device_id,DEV_A6EA1D9D,Desktop,Chrome,KA,Morning,1.0,deterministic
ID_35533241,CUST_D26CE20B,phone,918257269960,,,KA,Afternoon,1.0,deterministic
ID_451D2172,CUST_66F3F64C,email,gaurang30@gmail.com,,,MH,Afternoon,1.0,deterministic
ID_97175FEB,CUST_66F3F64C,device_id,DEV_056944EA,Tablet,Firefox,TN,Evening,1.0,deterministic
ID_3D0FAD39,CUST_66F3F64C,phone,917996893626,,,DL,Morning,1.0,deterministic
ID_433C9391,CUST_595A074D,email,anirudh608@gmail.com,,,TN,Morning,1.0,deterministic
ID_6E41368E,CUST_595A074D,device_id,DEV_AD8F77B5,Desktop,Edge,DL,Evening,1.0,deterministic
ID_A9AFA2C3,CUST_595A074D,phone,919349200476,,,TN,Morning,1.0,deterministic
ID_60A48FF2,CUST_B6F8C9F4,email,ranveer90@gmail.com,,,DL,Evening,1.0,deterministic
ID_2D584196,CUST_B6F8C9F4,device_id,DEV_6CC4D8CD,Mobile,Chrome,KA,Afternoon,1.0,deterministic
ID_9C3920BC,CUST_B6F8C9F4,phone,917136249375,,,DL,Night,1.0,deterministic
ID_31B979E9,CUST_04E1682F,email,dipta271@gmail.com,,,KA,Night,1.0,deterministic
ID_8EFEEDA2,CUST_04E1682F,device_id,DEV_B786A89F,Tablet,Safari,DL,Night,1.0,deterministic
ID_71C20355,CUST_04E1682F,phone,918082612901,,,TN,Afternoon,1.0,deterministic
ID_4954688D,CUST_FC1DFA58,email,indrajit586@gmail.com,,,TN,Evening,1.0,deterministic
ID_F14CB29D,CUST_FC1DFA58,device_id,DEV_346AEAE2,Tablet,Edge,DL,Night,1.0,deterministic
ID_9568F466,CUST_FC1DFA58,phone,917643134750,,,DL,Afternoon,1.0,deterministic
ID_7B22D932,CUST_61784551,email,gaurang641@gmail.com,,,TN,Morning,1.0,deterministic
ID_DFAB12EC,CUST_61784551,device_id,DEV_FBEDE0A6,Mobile,Edge,KA,Morning,1.0,deterministic
ID_0FD16138,CUST_6452BA91,email,gagan365@gmail.com,,,TN,Night,1.0,deterministic
ID_0AC6CAD8,CUST_6452BA91,device_id,DEV_E2B927A6,Tablet,Firefox,DL,Night,1.0,deterministic
ID_05D48FAB,CUST_B5EFCFD7,email,dominic763@gmail.com,,,MH,Evening,1.0,deterministic
ID_FA98194C,CUST_B5EFCFD7,device_id,DEV_295950F9,Mobile,Firefox,DL,Night,1.0,deterministic
ID_4E907203,CUST_78779B3F,email,vedhika418@gmail.com,,,MH,Morning,1.0,deterministic
ID_6848A6EF,CUST_78779B3F,device_id,DEV_10CE006E,Tablet,Firefox,TN,Afternoon,1.0,deterministic
ID_A9D7200E,CUST_E765F27D,email,hamsini762@gmail.com,,,KA,Night,1.0,deterministic
ID_1BF6B8DC,CUST_E765F27D,device_id,DEV_BB835806,Tablet,Firefox,TN,Afternoon,1.0,deterministic
ID_CC6C7C66,CUST_E765F27D,phone,919045447353,,,DL,Evening,1.0,deterministic
ID_5C5FCFA7,CUST_DB6903B7,email,sai150@gmail.com,,,DL,Afternoon,1.0,deterministic
ID_7CE11A76,CUST_DB6903B7,device_id,DEV_D309C08F,Mobile,Safari,MH,Night,1.0,deterministic
ID_331C7E5B,CUST_DB6903B7,phone,917965023177,,,TN,Morning,1.0,deterministic
ID_D3704E67,CUST_CC615E9C,email,hamsini512@gmail.com,,,KA,Morning,1.0,deterministic
ID_B0962AE6,CUST_CC615E9C,device_id,DEV_CFE45ECB,Desktop,Firefox,MH,Evening,1.0,deterministic
ID_125BC086,CUST_6CC2B6D5,email,isaac759@gmail.com,,,MH,Evening,1.0,deterministic
ID_F552831B,CUST_6CC2B6D5,device_id,DEV_4595B953,Mobile,Firefox,MH,Morning,1.0,deterministic
ID_9072AA59,CUST_6CC2B6D5,phone,919749458366,,,TN,Evening,1.0,deterministic
ID_A567CB5F,CUST_E1363176,email,shaurya88@gmail.com,,,DL,Morning,1.0,deterministic
ID_188B4301,CUST_E1363176,device_id,DEV_536B5BE2,Tablet,Safari,MH,Evening,1.0,deterministic
ID_DF11274D,CUST_E1363176,phone,917609012289,,,MH,Afternoon,1.0,deterministic
ID_A78A16D7,CUST_732199DC,email,abdul568@gmail.com,,,TN,Morning,1.0,deterministic
ID_D540F5FD,CUST_732199DC,device_id,DEV_9BD97282,Tablet,Safari,DL,Evening,1.0,deterministic
ID_9FD2F63B,CUST_732199DC,phone,918805460039,,,MH,Afternoon,1.0,deterministic
ID_FBEC624A,CUST_8BE239CA,email,peter982@gmail.com,,,KA,Morning,1.0,deterministic
ID_F4A749E5,CUST_8BE239CA,device_id,DEV_4C7B4FE4,Desktop,Edge,MH,Afternoon,1.0,deterministic
ID_DF2E8292,CUST_8BE239CA,phone,917768599142,,,DL,Afternoon,1.0,deterministic
ID_5332131A,CUST_FCFD3350,email,barkha694@gmail.com,,,MH,Morning,1.0,deterministic
ID_334CB451,CUST_FCFD3350,device_id,DEV_94B8578A,Mobile,Firefox,DL,Night,1.0,deterministic
ID_245E973F,CUST_FCFD3350,phone,918030649993,,,DL,Afternoon,1.0,deterministic
ID_22FE340D,CUST_3187E3F9,email,ojas790@gmail.com,,,DL,Morning,1.0,deterministic
ID_90EEB864,CUST_3187E3F9,device_id,DEV_635415E1,Desktop,Chrome,KA,Afternoon,1.0,deterministic
ID_5542B89C,CUST_3187E3F9,phone,918076666486,,,DL,Night,1.0,deterministic
ID_BBA7AED4,CUST_8BF8807D,email,jackson84@gmail.com,,,MH,Morning,1.0,deterministic
ID_FD3F86A2,CUST_8BF8807D,device_id,DEV_CAF9184B,Mobile,Safari,KA,Night,1.0,deterministic
ID_92DD7C81,CUST_813B4C1D,email,yashica839@gmail.com,,,DL,Afternoon,1.0,deterministic
ID_DF9296EF,CUST_813B4C1D,device_id,DEV_B9825D60,Tablet,Chrome,TN,Morning,1.0,deterministic
ID_EA064570,CUST_3A24199B,email,tanay640@gmail.com,,,TN,Night,1.0,deterministic
ID_169A100C,CUST_3A24199B,device_id,DEV_19C804B5,Mobile,Firefox,KA,Evening,1.0,deterministic
ID_0F3982AD,CUST_3A24199B,phone,917172474795,,,MH,Night,1.0,deterministic
ID_9FE0B423,CUST_4DE3D4BE,email,yatin228@gmail.com,,,DL,Evening,1.0,deterministic
ID_A8C3108E,CUST_4DE3D4BE,device_id,DEV_2FEF32CD,Mobile,Chrome,TN,Evening,1.0,deterministic
ID_D497DF71,CUST_4DE3D4BE,phone,918324594600,,,KA,Evening,1.0,deterministic
ID_B6EF9B57,CUST_67D19DA2,email,jairaj607@gmail.com,,,DL,Morning,1.0,deterministic
ID_AA5629C8,CUST_67D19DA2,device_id,DEV_E41689C7,Mobile,Safari,DL,Morning,1.0,deterministic
ID_2168BAAE,CUST_67D19DA2,phone,918225436910,,,DL,Afternoon,1.0,deterministic
ID_4EB3C983,CUST_A72EF9E3,email,michael334@gmail.com,,,TN,Afternoon,1.0,deterministic
ID_92851C21,CUST_A72EF9E3,device_id,DEV_19A3588D,Tablet,Safari,MH,Afternoon,1.0,deterministic
ID_6E679529,CUST_5E96CE43,email,vyanjana187@gmail.com,,,DL,Morning,1.0,deterministic
ID_BE4AD258,CUST_5E96CE43,device_id,DEV_38F3B0E3,Mobile,Edge,KA,Afternoon,1.0,deterministic
ID_155D4739,CUST_D665C471,email,vedika203@gmail.com,,,KA,Evening,1.0,deterministic
ID_C322A076,CUST_D665C471,device_id,DEV_DCBE198F,Mobile,Safari,DL,Evening,1.0,deterministic
ID_60F68351,CUST_4726940D,email,chakradhar466@gmail.com,,,TN,Morning,1.0,deterministic
ID_44C8B899,CUST_4726940D,device_id,DEV_72884088,Mobile,Safari,TN,Evening,1.0,deterministic
ID_7CAE50E3,CUST_05774682,email,janaki211@gmail.com,,,MH,Morning,1.0,deterministic
ID_D8E94B72,CUST_05774682,device_id,DEV_E14934F7,Tablet,Firefox,TN,Night,1.0,deterministic
ID_A52C7689,CUST_05774682,phone,919329247775,,,MH,Afternoon,1.0,deterministic
ID_1B0641DE,CUST_E297E034,email,harinakshi481@gmail.com,,,DL,Night,1.0,deterministic
ID_AF8FA501,CUST_E297E034,device_id,DEV_FA9615A4,Tablet,Firefox,TN,Evening,1.0,deterministic
ID_2DC8C8BF,CUST_76F2413B,email,ekavir550@gmail.com,,,MH,Morning,1.0,deterministic
ID_33E91944,CUST_76F2413B,device_id,DEV_FD67C7D4,Mobile,Safari,MH,Evening,1.0,deterministic
ID_38857CD1,CUST_58844B20,email,bhavani889@gmail.com,,,DL,Evening,1.0,deterministic
ID_E441F1A4,CUST_58844B20,device_id,DEV_CF8E22BD,Desktop,Chrome,MH,Night,1.0,deterministic
ID_A55BCFEC,CUST_58844B20,phone,917022483734,,,MH,Morning,1.0,deterministic
ID_3EC8BA7D,CUST_8C946A45,email,yahvi936@gmail.com,,,KA,Night,1.0,deterministic
ID_9CAAF4AD,CUST_8C946A45,device_id,DEV_0E927507,Tablet,Chrome,MH,Afternoon,1.0,deterministic
ID_1A4D45F7,CUST_8C946A45,phone,917872333349,,,KA,Afternoon,1.0,deterministic
ID_12756337,CUST_A1319669,email,frado974@gmail.com,,,TN,Evening,1.0,deterministic
ID_17B84878,CUST_A1319669,device_id,DEV_62B2CB8C,Mobile,Chrome,MH,Night,1.0,deterministic
ID_441D9A16,CUST_A1319669,phone,919000854452,,,DL,Evening,1.0,deterministic
ID_736D8441,CUST_DAF217DC,email,ethan696@gmail.com,,,TN,Night,1.0,deterministic
ID_8E812222,CUST_DAF217DC,device_id,DEV_63902EDB,Mobile,Safari,MH,Afternoon,1.0,deterministic
ID_BDDAB8FF,CUST_DAF217DC,phone,919161669074,,,TN,Afternoon,1.0,deterministic
ID_40B79498,CUST_5BF19433,email,daksh281@gmail.com,,,TN,Morning,1.0,deterministic
ID_3AC4962E,CUST_5BF19433,device_id,DEV_006C0906,Tablet,Edge,TN,Afternoon,1.0,deterministic
ID_C88248AA,CUST_5BF19433,phone,918362695632,,,KA,Morning,1.0,deterministic
ID_0B515687,CUST_65AAD139,email,lipika759@gmail.com,,,MH,Evening,1.0,deterministic
ID_D007C2D7,CUST_65AAD139,device_id,DEV_CD7CE317,Tablet,Safari,DL,Morning,1.0,deterministic
ID_2D74A3E4,CUST_65AAD139,phone,919939739326,,,DL,Afternoon,1.0,deterministic
ID_4152118D,CUST_E7CCC8F3,email,neha621@gmail.com,,,DL,Evening,1.0,deterministic
ID_A7A279BC,CUST_E7CCC8F3,device_id,DEV_6ADAB9CA,Desktop,Firefox,DL,Evening,1.0,deterministic
ID_07BB7663,CUST_E7CCC8F3,phone,917109462808,,,MH,Evening,1.0,deterministic
ID_6289358F,CUST_6F69CD23,email,nikita835@gmail.com,,,TN,Morning,1.0,deterministic
ID_A6DD6230,CUST_6F69CD23,device_id,DEV_EAD026D2,Tablet,Chrome,MH,Afternoon,1.0,deterministic
ID_4923A6BF,CUST_6F69CD23,phone,919981911294,,,MH,Afternoon,1.0,deterministic
ID_20A4DC4B,CUST_6BB19DF4,email,fitan547@gmail.com,,,MH,Afternoon,1.0,deterministic
ID_417773CB,CUST_6BB19DF4,device_id,DEV_15EB2BEC,Desktop,Edge,MH,Night,1.0,deterministic
ID_91524DFE,CUST_6BB19DF4,phone,917681939623,,,DL,Afternoon,1.0,deterministic
ID_869C32A3,CUST_DB9A335D,email,ekapad25@gmail.com,,,KA,Night,1.0,deterministic
ID_C1CB4B56,CUST_DB9A335D,device_id,DEV_E55C5FEB,Mobile,Chrome,DL,Evening,1.0,deterministic
ID_5DC5D12C,CUST_DB9A335D,phone,918344703309,,,DL,Night,1.0,deterministic
ID_33ACB9D5,CUST_F70CEE46,email,adya817@gmail.com,,,DL,Afternoon,1.0,deterministic
ID_38B1BDC9,CUST_F70CEE46,device_id,DEV_06535068,Tablet,Firefox,TN,Night,1.0,deterministic
ID_5EF26056,CUST_F70CEE46,phone,919795088003,,,DL,Night,1.0,deterministic
ID_7DAF7114,CUST_FEC88168,email,chameli974@gmail.com,,,MH,Morning,1.0,deterministic
ID_9F702B03,CUST_FEC88168,device_id,DEV_76FB66E3,Desktop,Edge,KA,Evening,1.0,deterministic
ID_7E8F9C80,CUST_3D41A73A,email,anya478@gmail.com,,,KA,Evening,1.0,deterministic
ID_EDC898DE,CUST_3D41A73A,device_id,DEV_94752174,Tablet,Chrome,DL,Evening,1.0,deterministic
ID_A01C4C93,CUST_3D41A73A,phone,919142465695,,,TN,Night,1.0,deterministic
ID_E9DDCBD5,CUST_D34AB1F8,email,anita750@gmail.com,,,DL,Night,1.0,deterministic
ID_CBD4A162,CUST_D34AB1F8,device_id,DEV_358F0316,Mobile,Edge,TN,Night,1.0,deterministic
ID_CD2D7830,CUST_DE1FEA94,email,abhimanyu436@gmail.com,,,TN,Night,1.0,deterministic
ID_24FBF960,CUST_DE1FEA94,device_id,DEV_2548F60E,Mobile,Chrome,TN,Evening,1.0,deterministic
ID_337DA0C0,CUST_DE1FEA94,phone,917947724407,,,DL,Morning,1.0,deterministic
ID_7B986ED4,CUST_D8629B7D,email,umang740@gmail.com,,,DL,Morning,1.0,deterministic
ID_54DB3D8D,CUST_D8629B7D,device_id,DEV_C2F5B484,Mobile,Edge,DL,Evening,1.0,deterministic
ID_F06C6FD6,CUST_D8629B7D,phone,918888047721,,,TN,Night,1.0,deterministic
ID_C33AB8AD,CUST_394BBCE4,email,kiaan450@gmail.com,,,MH,Afternoon,1.0,deterministic
ID_E2F82791,CUST_394BBCE4,device_id,DEV_B04176DB,Tablet,Chrome,MH,Evening,1.0,deterministic
ID_C031D220,CUST_394BBCE4,phone,918705223551,,,TN,Evening,1.0,deterministic
ID_7B2B158A,CUST_E7346EB8,email,chakrika57@gmail.com,,,TN,Night,1.0,deterministic
ID_5C4104D0,CUST_E7346EB8,device_id,DEV_B11764B8,Mobile,Chrome,TN,Morning,1.0,deterministic
ID_E576B446,CUST_9D8D3CB7,email,damini992@gmail.com,,,DL,Night,1.0,deterministic
ID_2D0D781C,CUST_9D8D3CB7,device_id,DEV_68CCA10D,Desktop,Edge,KA,Morning,1.0,deterministic
ID_9CB65293,CUST_9D8D3CB7,phone,919185898446,,,MH,Evening,1.0,deterministic
ID_01E0D861,CUST_EE577E68,email,harshil935@gmail.com,,,KA,Evening,1.0,deterministic
ID_EFA8C4B7,CUST_EE577E68,device_id,DEV_2BCD5810,Mobile,Firefox,KA,Morning,1.0,deterministic
ID_08DA68E4,CUST_EE577E68,phone,919318587509,,,TN,Morning,1.0,deterministic
ID_0ABCDD84,CUST_4F08C7E1,email,pooja139@gmail.com,,,DL,Afternoon,1.0,deterministic
ID_2D3739B7,CUST_4F08C7E1,device_id,DEV_536C5423,Mobile,Firefox,TN,Night,1.0,deterministic
ID_B96523CA,CUST_6EE4FF22,email,nikita291@gmail.com,,,KA,Afternoon,1.0,deterministic
ID_C60F1CA9,CUST_6EE4FF22,device_id,DEV_85E05D35,Tablet,Firefox,DL,Evening,1.0,deterministic
ID_DF81A897,CUST_6EE4FF22,phone,918160393659,,,TN,Afternoon,1.0,deterministic
ID_2170FD9A,CUST_0D24552E,email,manthan918@gmail.com,,,DL,Morning,1.0,deterministic
ID_C150978D,CUST_0D24552E,device_id,DEV_8448B5AE,Desktop,Chrome,MH,Evening,1.0,deterministic
ID_E9F4948A,CUST_0D24552E,phone,919515259649,,,TN,Afternoon,1.0,deterministic
ID_BD6A12F6,CUST_2FD10D2E,email,omisha382@gmail.com,,,KA,Morning,1.0,deterministic
ID_2BCC833A,CUST_2FD10D2E,device_id,DEV_DD60C7E8,Desktop,Safari,MH,Night,1.0,deterministic
ID_867DDA02,CUST_2FD10D2E,phone,918069050235,,,KA,Afternoon,1.0,deterministic
ID_7E54C0AA,CUST_35E4EBEE,email,qarin108@gmail.com,,,MH,Afternoon,1.0,deterministic
ID_16C335E3,CUST_35E4EBEE,device_id,DEV_4CA52EED,Desktop,Chrome,DL,Evening,1.0,deterministic
ID_5E5068C5,CUST_019A65F6,email,xalak696@gmail.com,,,DL,Afternoon,1.0,deterministic
ID_C4DF0A1F,CUST_019A65F6,device_id,DEV_E49A2890,Tablet,Edge,TN,Morning,1.0,deterministic
ID_9FAA3EA2,CUST_019A65F6,phone,917797486001,,,KA,Evening,1.0,deterministic
ID_0014E1E5,CUST_27CCC870,email,reyansh683@gmail.com,,,TN,Morning,1.0,deterministic
ID_2407CC45,CUST_27CCC870,device_id,DEV_B521742D,Tablet,Safari,MH,Evening,1.0,deterministic
ID_80836D14,CUST_27CCC870,phone,917931558992,,,KA,Afternoon,1.0,deterministic
ID_57891AF3,CUST_560A375E,email,ojas789@gmail.com,,,MH,Evening,1.0,deterministic
ID_6E782687,CUST_560A375E,device_id,DEV_AA2BF246,Mobile,Safari,TN,Morning,1.0,deterministic
ID_5A6E4BBB,CUST_560A375E,phone,917448368656,,,MH,Afternoon,1.0,deterministic
ID_7E546BB6,CUST_E8306052,email,hemang514@gmail.com,,,KA,Night,1.0,deterministic
ID_8A10B4C0,CUST_E8306052,device_id,DEV_5F146FA7,Desktop,Safari,KA,Night,1.0,deterministic
ID_2E3DB8B6,CUST_40C1C35F,email,yug859@gmail.com,,,KA,Evening,1.0,deterministic
ID_4451AAC7,CUST_40C1C35F,device_id,DEV_037BFF1B,Tablet,Edge,DL,Morning,1.0,deterministic
ID_D67FCC8E,CUST_40C1C35F,phone,919738573012,,,TN,Afternoon,1.0,deterministic
ID_868149FB,CUST_4973FEA9,email,vihaan310@gmail.com,,,TN,Afternoon,1.0,deterministic
ID_8C18FC14,CUST_4973FEA9,device_id,DEV_C3CC653F,Desktop,Edge,DL,Night,1.0,deterministic
ID_20EA47A1,CUST_4973FEA9,phone,919630545923,,,KA,Morning,1.0,deterministic
ID_6C421252,CUST_19632405,email,chanakya576@gmail.com,,,MH,Morning,1.0,deterministic
ID_5A590859,CUST_19632405,device_id,DEV_64F91CEA,Tablet,Chrome,MH,Morning,1.0,deterministic
ID_417DEFA9,CUST_19632405,phone,917883009564,,,KA,Morning,1.0,deterministic
ID_294AD19C,CUST_29F2B405,email,kalpit403@gmail.com,,,TN,Morning,1.0,deterministic
ID_BB712696,CUST_29F2B405,device_id,DEV_93C189C5,Desktop,Chrome,TN,Night,1.0,deterministic
ID_C10B5082,CUST_29F2B405,phone,917674142056,,,TN,Morning,1.0,deterministic
ID_7656D4E3,CUST_1DC6721B,email,tanmayi603@gmail.com,,,MH,Afternoon,1.0,deterministic
ID_9EDCD5DC,CUST_1DC6721B,device_id,DEV_94DC58CA,Mobile,Safari,DL,Night,1.0,deterministic
ID_BC0EC579,CUST_1DC6721B,phone,918743782583,,,DL,Morning,1.0,deterministic
ID_87671F2D,CUST_635C9A61,email,logan416@gmail.com,,,KA,Evening,1.0,deterministic
ID_B44DC6A8,CUST_635C9A61,device_id,DEV_56986E2F,Mobile,Edge,TN,Morning,1.0,deterministic
ID_650E9205,CUST_F0626251,email,janya809@gmail.com,,,KA,Evening,1.0,deterministic
ID_708E4FA5,CUST_F0626251,device_id,DEV_7EDE0E07,Desktop,Chrome,TN,Night,1.0,deterministic
ID_814E4376,CUST_F0626251,phone,917026686842,,,MH,Night,1.0,deterministic
ID_C3B14227,CUST_A046FDBD,email,raghav241@gmail.com,,,TN,Afternoon,1.0,deterministic
ID_07B23F71,CUST_A046FDBD,device_id,DEV_38972DEF,Tablet,Chrome,TN,Morning,1.0,deterministic
ID_0C79E985,CUST_A046FDBD,phone,919227622916,,,MH,Evening,1.0,deterministic
ID_7F2131A9,CUST_2CD14C35,email,vasatika898@gmail.com,,,KA,Morning,1.0,deterministic
ID_09C70E84,CUST_2CD14C35,device_id,DEV_1F958BC7,Tablet,Safari,KA,Evening,1.0,deterministic
ID_6B793F8C,CUST_2CD14C35,phone,918045267218,,,KA,Night,1.0,deterministic
ID_94DD34AC,CUST_C9FDE206,email,parth244@gmail.com,,,DL,Evening,1.0,deterministic
ID_9849BA24,CUST_C9FDE206,device_id,DEV_E443A97B,Desktop,Edge,DL,Night,1.0,deterministic
ID_857CE3ED,CUST_C9FDE206,phone,919043096718,,,TN,Morning,1.0,deterministic
ID_EF4B0415,CUST_AFFDA14D,email,falan263@gmail.com,,,DL,Afternoon,1.0,deterministic
ID_AE52FA17,CUST_AFFDA14D,device_id,DEV_9EF8F416,Tablet,Edge,DL,Evening,1.0,deterministic
ID_A380ED53,CUST_AFFDA14D,phone,918968968732,,,MH,Morning,1.0,deterministic
ID_08006A1C,CUST_DDD5D12B,email,ethan59@gmail.com,,,MH,Evening,1.0,deterministic
ID_E79F36D2,CUST_DDD5D12B,device_id,DEV_89A6863F,Tablet,Safari,TN,Evening,1.0,deterministic
ID_9A23A712,CUST_DDD5D12B,phone,918469273011,,,MH,Night,1.0,deterministic
ID_C3888751,CUST_F080180D,email,aditya351@gmail.com,,,MH,Afternoon,1.0,deterministic
ID_9B542FEF,CUST_F080180D,device_id,DEV_BBED6453,Mobile,Edge,MH,Afternoon,1.0,deterministic
ID_4EA9473C,CUST_F080180D,phone,918815727443,,,MH,Evening,1.0,deterministic
ID_5D348C50,CUST_3AFE3828,email,noah70@gmail.com,,,MH,Afternoon,1.0,deterministic
ID_B284B3A3,CUST_3AFE3828,device_id,DEV_01398F12,Mobile,Chrome,MH,Evening,1.0,deterministic
ID_DDE17B7F,CUST_3AFE3828,phone,918867288273,,,KA,Evening,1.0,deterministic
ID_C7DE65E2,CUST_E82A5B06,email,chaman435@gmail.com,,,DL,Evening,1.0,deterministic
ID_AB9E0139,CUST_E82A5B06,device_id,DEV_71D0D089,Tablet,Firefox,KA,Night,1.0,deterministic
ID_79A719D6,CUST_E82A5B06,phone,917194720770,,,DL,Evening,1.0,deterministic
ID_5F799972,CUST_9755D509,email,manan637@gmail.com,,,DL,Morning,1.0,deterministic
ID_F1E21DC4,CUST_9755D509,device_id,DEV_A13C7A3E,Desktop,Chrome,MH,Afternoon,1.0,deterministic
ID_BB9BC539,CUST_9755D509,phone,919337300301,,,TN,Morning,1.0,deterministic
ID_908F1907,CUST_B6244435,email,frederick704@gmail.com,,,MH,Morning,1.0,deterministic
ID_A1C56DE3,CUST_B6244435,device_id,DEV_5C5B396A,Tablet,Safari,MH,Night,1.0,deterministic
ID_142AD5A2,CUST_B6244435,phone,917100666251,,,KA,Night,1.0,deterministic
ID_AC5DF1F6,CUST_B1EB07F1,email,imaran755@gmail.com,,,MH,Evening,1.0,deterministic
ID_2E08D066,CUST_B1EB07F1,device_id,DEV_CD5356F6,Desktop,Edge,TN,Morning,1.0,deterministic
ID_410B1E54,CUST_81413439,email,nimrat482@gmail.com,,,DL,Evening,1.0,deterministic
ID_A45E37DA,CUST_81413439,device_id,DEV_A0494C1B,Desktop,Edge,KA,Night,1.0,deterministic
ID_955459B0,CUST_EF7187EF,email,pallavi732@gmail.com,,,TN,Morning,1.0,deterministic
ID_652C9288,CUST_EF7187EF,device_id,DEV_B18B17C5,Mobile,Safari,KA,Morning,1.0,deterministic
ID_FB2AE111,CUST_52E25B39,email,triya985@gmail.com,,,MH,Morning,1.0,deterministic
ID_F629EE38,CUST_52E25B39,device_id,DEV_77BF4825,Tablet,Edge,DL,Night,1.0,deterministic
ID_E45BB154,CUST_52E25B39,phone,917333005717,,,MH,Afternoon,1.0,deterministic
ID_53095B03,CUST_3901D123,email,upkaar623@gmail.com,,,MH,Afternoon,1.0,deterministic
ID_312530F3,CUST_3901D123,device_id,DEV_1A525727,Desktop,Edge,TN,Afternoon,1.0,deterministic
ID_14725ED3,CUST_607B58AC,email,victor711@gmail.com,,,DL,Night,1.0,deterministic
ID_C6AF6E8E,CUST_607B58AC,device_id,DEV_7AE97F8F,Desktop,Edge,KA,Afternoon,1.0,deterministic
ID_3A8D0A97,CUST_607B58AC,phone,919480087210,,,TN,Night,1.0,deterministic
ID_EAB7F9BA,CUST_7E9EF41D,email,niharika409@gmail.com,,,TN,Morning,1.0,deterministic
ID_3E7251A8,CUST_7E9EF41D,device_id,DEV_7EBEDE0A,Desktop,Firefox,KA,Afternoon,1.0,deterministic
ID_1F072E98,CUST_7E9EF41D,phone,919095376118,,,KA,Afternoon,1.0,deterministic
ID_8B948B44,CUST_FCE6B254,email,ijaya939@gmail.com,,,KA,Morning,1.0,deterministic
ID_5DEBB14F,CUST_FCE6B254,device_id,DEV_EC4A14E1,Tablet,Firefox,MH,Evening,1.0,deterministic
ID_CD36E05D,CUST_FCE6B254,phone,918409522530,,,MH,Evening,1.0,deterministic
ID_22E595C3,CUST_3FC6B029,email,divya806@gmail.com,,,DL,Afternoon,1.0,deterministic
ID_8C9A8125,CUST_3FC6B029,device_id,DEV_32782190,Tablet,Safari,MH,Night,1.0,deterministic
ID_C306BA2E,CUST_3FC6B029,phone,917903203605,,,TN,Evening,1.0,deterministic
ID_079B87CB,CUST_6B3B55D4,email,hritik763@gmail.com,,,MH,Night,1.0,deterministic
ID_D93F2C82,CUST_6B3B55D4,device_id,DEV_B1780D00,Tablet,Firefox,MH,Evening,1.0,deterministic
ID_EA52EB12,CUST_0D9C3C6D,email,brijesh737@gmail.com,,,DL,Afternoon,1.0,deterministic
ID_DC4D0096,CUST_0D9C3C6D,device_id,DEV_572EBD02,Tablet,Chrome,TN,Afternoon,1.0,deterministic
ID_A00F9E0D,CUST_0D9C3C6D,phone,919465978550,,,KA,Afternoon,1.0,deterministic
ID_2AC095C3,CUST_EAD51975,email,gabriel58@gmail.com,,,DL,Morning,1.0,deterministic
ID_A5AFDE20,CUST_EAD51975,device_id,DEV_555E45F7,Desktop,Chrome,DL,Evening,1.0,deterministic
ID_6C3CA07E,CUST_EAD51975,phone,918915800246,,,TN,Afternoon,1.0,deterministic
ID_14019FC0,CUST_6401C024,email,varenya597@gmail.com,,,MH,Morning,1.0,deterministic
ID_E01B0029,CUST_6401C024,device_id,DEV_783C9887,Desktop,Edge,TN,Afternoon,1.0,deterministic
ID_2DD59100,CUST_6401C024,phone,917433173791,,,MH,Morning,1.0,deterministic
ID_C2EBEE78,CUST_1419DF71,email,matthew748@gmail.com,,,TN,Night,1.0,deterministic
ID_A320051A,CUST_1419DF71,device_id,DEV_9B38ED12,Mobile,Safari,KA,Night,1.0,deterministic
ID_26D9D5AA,CUST_1419DF71,phone,918096343510,,,DL,Evening,1.0,deterministic
ID_AFDD70B5,CUST_E80D9B4D,email,bachittar261@gmail.com,,,KA,Evening,1.0,deterministic
ID_884EF9AC,CUST_E80D9B4D,device_id,DEV_0AD9CCD0,Desktop,Firefox,DL,Evening,1.0,deterministic
ID_D8CBB58A,CUST_E80D9B4D,phone,918369387742,,,KA,Evening,1.0,deterministic
ID_C34DEB6D,CUST_0D679C7A,email,daksh192@gmail.com,,,KA,Night,1.0,deterministic
ID_A51B16CA,CUST_0D679C7A,device_id,DEV_A9841BFD,Tablet,Edge,MH,Afternoon,1.0,deterministic
ID_1A718E7B,CUST_0D679C7A,phone,917998262728,,,KA,Afternoon,1.0,deterministic
ID_2831B7C3,CUST_E9D7F09D,email,anamika173@gmail.com,,,MH,Afternoon,1.0,deterministic
ID_B5313080,CUST_E9D7F09D,device_id,DEV_2F623988,Desktop,Firefox,MH,Afternoon,1.0,deterministic
ID_31FE5C2A,CUST_442BA77D,email,balhaar829@gmail.com,,,DL,Afternoon,1.0,deterministic
ID_B58C8D92,CUST_442BA77D,device_id,DEV_18850798,Tablet,Chrome,TN,Evening,1.0,deterministic
ID_121D7086,CUST_442BA77D,phone,918356923766,,,TN,Morning,1.0,deterministic
ID_4866B0B0,CUST_5E833011,email,devansh752@gmail.com,,,DL,Evening,1.0,deterministic
ID_6C18FB7A,CUST_5E833011,device_id,DEV_C58DDB67,Tablet,Edge,MH,Morning,1.0,deterministic
ID_18A35E2E,CUST_5E833011,phone,918904809142,,,TN,Night,1.0,deterministic
ID_9673F99C,CUST_47E0987A,email,pahal113@gmail.com,,,TN,Night,1.0,deterministic
ID_1EBE9100,CUST_47E0987A,device_id,DEV_8216B50D,Mobile,Chrome,TN,Evening,1.0,deterministic
ID_A51A6E09,CUST_47E0987A,phone,919779258032,,,MH,Night,1.0,deterministic
ID_EFB6E346,CUST_52F8A762,email,daksh232@gmail.com,,,TN,Afternoon,1.0,deterministic
ID_A377B0A1,CUST_52F8A762,device_id,DEV_63625066,Tablet,Edge,KA,Afternoon,1.0,deterministic
ID_66AC252F,CUST_52F8A762,phone,917599030278,,,DL,Morning,1.0,deterministic
ID_32AE5FB7,CUST_4D49D219,email,urishilla838@gmail.com,,,TN,Morning,1.0,deterministic
ID_F04D0FAF,CUST_4D49D219,device_id,DEV_B020C4CC,Mobile,Edge,KA,Evening,1.0,deterministic
ID_4535B412,CUST_4D49D219,phone,917427025951,,,TN,Morning,1.0,deterministic
ID_77BC7B34,CUST_3A3C56D3,email,anusha899@gmail.com,,,MH,Evening,1.0,deterministic
ID_7856A623,CUST_3A3C56D3,device_id,DEV_F87CC04A,Desktop,Chrome,DL,Night,1.0,deterministic
ID_CD824BA9,CUST_3A3C56D3,phone,918510991723,,,TN,Afternoon,1.0,deterministic
ID_8904EC75,CUST_53665C2A,email,robert691@gmail.com,,,KA,Evening,1.0,deterministic
ID_84397089,CUST_53665C2A,device_id,DEV_7E119956,Tablet,Safari,KA,Night,1.0,deterministic
ID_B2ED59AB,CUST_53665C2A,phone,919998827610,,,MH,Evening,1.0,deterministic
ID_E474D45F,CUST_0D60282C,email,ekantika767@gmail.com,,,KA,Morning,1.0,deterministic
ID_92A8F985,CUST_0D60282C,device_id,DEV_B14D1077,Tablet,Firefox,KA,Morning,1.0,deterministic
ID_EB412950,CUST_3E82BC00,email,vritti505@gmail.com,,,DL,Morning,1.0,deterministic
ID_04F9236B,CUST_3E82BC00,device_id,DEV_65FF5A28,Mobile,Firefox,MH,Morning,1.0,deterministic
ID_3FDCD270,CUST_13032569,email,ekaja747@gmail.com,,,TN,Afternoon,1.0,deterministic
ID_24D97E9E,CUST_13032569,device_id,DEV_D1A94FE3,Desktop,Safari,MH,Morning,1.0,deterministic
ID_79E79ED4,CUST_13032569,phone,917106416751,,,DL,Evening,1.0,deterministic
ID_6D006FF9,CUST_AEFFBB31,email,indira339@gmail.com,,,MH,Morning,1.0,deterministic
ID_740A6807,CUST_AEFFBB31,device_id,DEV_D6F18D16,Desktop,Safari,TN,Night,1.0,deterministic
ID_CD494343,CUST_AEFFBB31,phone,917113066944,,,KA,Morning,1.0,deterministic
ID_738E6380,CUST_E8C23CF2,email,vanya636@gmail.com,,,KA,Evening,1.0,deterministic
ID_2EEB98F8,CUST_E8C23CF2,device_id,DEV_F246D8C5,Tablet,Edge,DL,Evening,1.0,deterministic
ID_8DA7D62D,CUST_43216AB0,email,abdul915@gmail.com,,,KA,Morning,1.0,deterministic
ID_B4F09C3F,CUST_43216AB0,device_id,DEV_4B98204A,Desktop,Firefox,TN,Afternoon,1.0,deterministic
ID_E583D347,CUST_A8DE6CBB,email,eshana592@gmail.com,,,KA,Night,1.0,deterministic
ID_FE7BE065,CUST_A8DE6CBB,device_id,DEV_8DA4C20A,Desktop,Firefox,MH,Evening,1.0,deterministic
ID_44D03BBE,CUST_288DE215,email,bachittar56@gmail.com,,,KA,Night,1.0,deterministic
ID_B657278B,CUST_288DE215,device_id,DEV_04E568A0,Desktop,Edge,DL,Evening,1.0,deterministic
ID_6B7F686D,CUST_A5EAAA27,email,praneel438@gmail.com,,,MH,Evening,1.0,deterministic
ID_6B43F78E,CUST_A5EAAA27,device_id,DEV_08B515E4,Mobile,Firefox,KA,Afternoon,1.0,deterministic
ID_18D14547,CUST_A5EAAA27,phone,917131868083,,,MH,Night,1.0,deterministic
ID_98C93886,CUST_086C9EA2,email,ladli752@gmail.com,,,TN,Evening,1.0,deterministic
ID_CA62FE33,CUST_086C9EA2,device_id,DEV_657F00E7,Desktop,Chrome,MH,Morning,1.0,deterministic
ID_886F084D,CUST_086C9EA2,phone,919804237427,,,DL,Afternoon,1.0,deterministic
ID_7A5A83BB,CUST_358A3BBF,email,mekhala78@gmail.com,,,TN,Night,1.0,deterministic
ID_49004DD4,CUST_358A3BBF,device_id,DEV_C8F757FC,Desktop,Firefox,KA,Night,1.0,deterministic
ID_A69B3C3A,CUST_5EFCA7D3,email,omkaar164@gmail.com,,,TN,Afternoon,1.0,deterministic
ID_799B4ACF,CUST_5EFCA7D3,device_id,DEV_7164937C,Desktop,Chrome,TN,Morning,1.0,deterministic
ID_8FA8CFC2,CUST_5EFCA7D3,phone,918020410594,,,DL,Evening,1.0,deterministic
ID_905AFB7F,CUST_65C8F81A,email,pranav865@gmail.com,,,KA,Morning,1.0,deterministic
ID_686D731A,CUST_65C8F81A,device_id,DEV_153BF658,Mobile,Firefox,KA,Morning,1.0,deterministic
ID_B8422D16,CUST_D133848B,email,aachal199@gmail.com,,,KA,Night,1.0,deterministic
ID_33E0E868,CUST_D133848B,device_id,DEV_7CC6BB84,Desktop,Safari,TN,Night,1.0,deterministic
ID_CEF928CA,CUST_D7E5199C,email,qarin953@gmail.com,,,TN,Night,1.0,deterministic
ID_09392A5A,CUST_D7E5199C,device_id,DEV_D3E3D68E,Tablet,Chrome,MH,Evening,1.0,deterministic
ID_CC1BBC57,CUST_D7E5199C,phone,919123554199,,,KA,Afternoon,1.0,deterministic
ID_15DDC2AA,CUST_6F1B6EA5,email,ridhi675@gmail.com,,,DL,Afternoon,1.0,deterministic
ID_5CCA5973,CUST_6F1B6EA5,device_id,DEV_38004F09,Desktop,Firefox,TN,Afternoon,1.0,deterministic
ID_96E461A1,CUST_6F1B6EA5,phone,917757777695,,,DL,Morning,1.0,deterministic
ID_A1111CA5,CUST_FAA24C6B,email,ikshita782@gmail.com,,,DL,Evening,1.0,deterministic
ID_653363C2,CUST_FAA24C6B,device_id,DEV_E4EB2ED5,Mobile,Firefox,TN,Morning,1.0,deterministic
ID_6292DC5A,CUST_FAA24C6B,phone,919293685671,,,TN,Evening,1.0,deterministic
ID_6E74771C,CUST_FEC40CE5,email,chandran204@gmail.com,,,DL,Morning,1.0,deterministic
ID_E5BA11AC,CUST_FEC40CE5,device_id,DEV_07A49C54,Mobile,Firefox,TN,Morning,1.0,deterministic
ID_682ACAE8,CUST_FEC40CE5,phone,919835297580,,,TN,Evening,1.0,deterministic
ID_A7D16671,CUST_36608905,email,riya839@gmail.com,,,KA,Night,1.0,deterministic
ID_D49A2460,CUST_36608905,device_id,DEV_AFD54CB0,Desktop,Firefox,MH,Night,1.0,deterministic
ID_FA30D972,CUST_36608905,phone,919778518932,,,DL,Morning,1.0,deterministic
ID_81A5BDDD,CUST_A34A1CD7,email,ekanta175@gmail.com,,,KA,Night,1.0,deterministic
ID_B667B11E,CUST_A34A1CD7,device_id,DEV_17A39D26,Desktop,Chrome,TN,Evening,1.0,deterministic
ID_CF0A71BD,CUST_A34A1CD7,phone,917420151928,,,KA,Morning,1.0,deterministic
ID_41865988,CUST_03828410,email,aarush242@gmail.com,,,TN,Afternoon,1.0,deterministic
ID_82557D04,CUST_03828410,device_id,DEV_F01B3C07,Tablet,Safari,DL,Morning,1.0,deterministic
ID_4A577286,CUST_03828410,phone,917474227354,,,MH,Night,1.0,deterministic
ID_738B4792,CUST_827F4A54,email,samar107@gmail.com,,,TN,Evening,1.0,deterministic
ID_242E236D,CUST_827F4A54,device_id,DEV_EB0E6219,Mobile,Safari,MH,Evening,1.0,deterministic
ID_34547ABE,CUST_827F4A54,phone,919015256675,,,MH,Night,1.0,deterministic
ID_7874D8FB,CUST_4BA78447,email,manan618@gmail.com,,,KA,Afternoon,1.0,deterministic
ID_024F9891,CUST_4BA78447,device_id,DEV_F5D6330D,Tablet,Chrome,MH,Evening,1.0,deterministic
ID_A860F303,CUST_B235EDF2,email,gauri941@gmail.com,,,KA,Night,1.0,deterministic
ID_0E116C0F,CUST_B235EDF2,device_id,DEV_3590CF08,Tablet,Safari,KA,Evening,1.0,deterministic
ID_9AD00249,CUST_AA0CFD5A,email,arjun588@gmail.com,,,TN,Night,1.0,deterministic
ID_9C2CDDD5,CUST_AA0CFD5A,device_id,DEV_905FC6F9,Desktop,Edge,TN,Morning,1.0,deterministic
ID_23EBBB75,CUST_8C65C9E1,email,hitesh687@gmail.com,,,DL,Evening,1.0,deterministic
ID_5ED04ACB,CUST_8C65C9E1,device_id,DEV_DCCB54EC,Desktop,Firefox,MH,Morning,1.0,deterministic
ID_E461C96E,CUST_8C65C9E1,phone,919460910424,,,MH,Night,1.0,deterministic
ID_44C85FAB,CUST_443DBF8F,email,ira732@gmail.com,,,MH,Morning,1.0,deterministic
ID_3C515532,CUST_443DBF8F,device_id,DEV_D1804659,Mobile,Edge,TN,Afternoon,1.0,deterministic
ID_D34E9DB6,CUST_443DBF8F,phone,918610013813,,,KA,Afternoon,1.0,deterministic
ID_403DC26F,CUST_0417587D,email,gaurang17@gmail.com,,,TN,Morning,1.0,deterministic
ID_1E15F4F5,CUST_0417587D,device_id,DEV_B5482CE4,Mobile,Edge,MH,Afternoon,1.0,deterministic
ID_B4AE8A5B,CUST_0417587D,phone,918489450180,,,TN,Afternoon,1.0,deterministic
ID_44DCA788,CUST_76AC0392,email,harish478@gmail.com,,,MH,Afternoon,1.0,deterministic
ID_747E5702,CUST_76AC0392,device_id,DEV_5D47D692,Mobile,Edge,MH,Afternoon,1.0,deterministic
ID_DB7DB39C,CUST_76AC0392,phone,919362099153,,,MH,Night,1.0,deterministic
ID_74630AB2,CUST_FF0607BB,email,laban86@gmail.com,,,DL,Afternoon,1.0,deterministic
ID_55A6F0BE,CUST_FF0607BB,device_id,DEV_F5CED6C7,Tablet,Safari,DL,Morning,1.0,deterministic
ID_708447E5,CUST_FF0607BB,phone,919291912499,,,KA,Evening,1.0,deterministic
ID_ADF8CCE3,CUST_152DD3F0,email,aradhana243@gmail.com,,,TN,Morning,1.0,deterministic
ID_A4E9E1D5,CUST_152DD3F0,device_id,DEV_F9C8AAD3,Desktop,Safari,KA,Morning,1.0,deterministic
ID_F461207C,CUST_152DD3F0,phone,919071850874,,,TN,Evening,1.0,deterministic
ID_C9D7D6F9,CUST_D319C2D4,email,nachiket199@gmail.com,,,TN,Night,1.0,deterministic
ID_1055D019,CUST_D319C2D4,device_id,DEV_2C756F22,Mobile,Edge,MH,Morning,1.0,deterministic
ID_DDB90046,CUST_D319C2D4,phone,919832484856,,,TN,Night,1.0,deterministic
ID_7DB3524C,CUST_43FCC9A5,email,simon251@gmail.com,,,TN,Afternoon,1.0,deterministic
ID_9D35EBD8,CUST_43FCC9A5,device_id,DEV_FDE606A9,Mobile,Firefox,TN,Evening,1.0,deterministic
ID_F3F1DAAC,CUST_43FCC9A5,phone,918264079651,,,MH,Morning,1.0,deterministic
ID_043B7254,CUST_5ED05649,email,irya590@gmail.com,,,MH,Afternoon,1.0,deterministic
ID_AB5C192A,CUST_5ED05649,device_id,DEV_7F3833CD,Tablet,Safari,DL,Afternoon,1.0,deterministic
ID_AAC86123,CUST_5ED05649,phone,919981788315,,,MH,Morning,1.0,deterministic
ID_6AD31868,CUST_909AA15D,email,jagrati207@gmail.com,,,TN,Evening,1.0,deterministic
ID_60CE4F88,CUST_909AA15D,device_id,DEV_5850DB10,Desktop,Chrome,MH,Morning,1.0,deterministic
ID_D28A19EA,CUST_B319ED7C,email,warinder623@gmail.com,,,MH,Evening,1.0,deterministic
ID_E33E6CD4,CUST_B319ED7C,device_id,DEV_E011B160,Mobile,Chrome,TN,Morning,1.0,deterministic
ID_D2187D2A,CUST_2367332C,email,kashvi275@gmail.com,,,MH,Morning,1.0,deterministic
ID_1B773DF9,CUST_2367332C,device_id,DEV_8B8F3516,Tablet,Firefox,KA,Night,1.0,deterministic
ID_0304C3BA,CUST_F112702A,email,tanveer370@gmail.com,,,MH,Evening,1.0,deterministic
ID_5CF2B002,CUST_F112702A,device_id,DEV_450AF402,Mobile,Edge,KA,Night,1.0,deterministic
ID_38D0B137,CUST_F112702A,phone,919495955504,,,KA,Afternoon,1.0,deterministic
ID_F07FB596,CUST_43E1C3FE,email,yatan333@gmail.com,,,MH,Evening,1.0,deterministic
ID_6B1CFA9B,CUST_43E1C3FE,device_id,DEV_1A2E475E,Tablet,Firefox,TN,Evening,1.0,deterministic
ID_E024CF56,CUST_43E1C3FE,phone,917184908618,,,KA,Evening,1.0,deterministic
ID_2FE3768D,CUST_10B52115,email,ryan488@gmail.com,,,MH,Morning,1.0,deterministic
ID_8358A254,CUST_10B52115,device_id,DEV_7A245605,Tablet,Safari,DL,Afternoon,1.0,deterministic
ID_426597BF,CUST_10B52115,phone,919019457308,,,TN,Night,1.0,deterministic
ID_486EF39E,CUST_4F614825,email,nathaniel449@gmail.com,,,KA,Morning,1.0,deterministic
ID_6700EC2F,CUST_4F614825,device_id,DEV_85F804C8,Mobile,Safari,DL,Afternoon,1.0,deterministic
ID_FC58DE5E,CUST_DF1BA4AD,email,janani275@gmail.com,,,KA,Evening,1.0,deterministic
ID_C8A6250E,CUST_DF1BA4AD,device_id,DEV_492144B3,Desktop,Edge,KA,Evening,1.0,deterministic
ID_711CE44D,CUST_DF1BA4AD,phone,919028504864,,,TN,Evening,1.0,deterministic
ID_F9ABC8E3,CUST_7F6A8925,email,rehaan256@gmail.com,,,KA,Afternoon,1.0,deterministic
ID_CED5231B,CUST_7F6A8925,device_id,DEV_96BC9A21,Mobile,Edge,TN,Afternoon,1.0,deterministic
ID_1BC7C12F,CUST_7F6A8925,phone,919736344904,,,KA,Evening,1.0,deterministic
ID_BB0BCC46,CUST_27F2C1C5,email,tanvi673@gmail.com,,,KA,Morning,1.0,deterministic
ID_3C2FDBB5,CUST_27F2C1C5,device_id,DEV_66F117A6,Mobile,Safari,MH,Night,1.0,deterministic
ID_C1981D95,CUST_27F2C1C5,phone,919347162329,,,KA,Night,1.0,deterministic
ID_CA89FAAF,CUST_848687AA,email,lekha778@gmail.com,,,TN,Night,1.0,deterministic
ID_5771F312,CUST_848687AA,device_id,DEV_E65E7715,Desktop,Edge,TN,Evening,1.0,deterministic
ID_FF2E390E,CUST_848687AA,phone,919205221807,,,MH,Night,1.0,deterministic
ID_CAE50B03,CUST_6ABF865A,email,gabriel825@gmail.com,,,KA,Morning,1.0,deterministic
ID_54B378B7,CUST_6ABF865A,device_id,DEV_A4E3CAC2,Mobile,Chrome,KA,Night,1.0,deterministic
ID_77FB2FDE,CUST_6ABF865A,phone,919534036875,,,DL,Night,1.0,deterministic
ID_9F7B049C,CUST_96077CC0,email,rishi691@gmail.com,,,DL,Evening,1.0,deterministic
ID_4CE8DC06,CUST_96077CC0,device_id,DEV_F5D683D7,Tablet,Edge,TN,Afternoon,1.0,deterministic
ID_A6730D12,CUST_96077CC0,phone,917042248080,,,TN,Morning,1.0,deterministic
ID_3079AE14,CUST_AC61A36B,email,vamakshi701@gmail.com,,,TN,Evening,1.0,deterministic
ID_4C4B4787,CUST_AC61A36B,device_id,DEV_E8FDE3FE,Tablet,Chrome,MH,Afternoon,1.0,deterministic
ID_DB216DBA,CUST_AC61A36B,phone,919279484445,,,KA,Afternoon,1.0,deterministic
ID_E771B199,CUST_D4854721,email,ishaan20@gmail.com,,,MH,Night,1.0,deterministic
ID_35EDFE1D,CUST_D4854721,device_id,DEV_ACCEBB49,Mobile,Edge,KA,Morning,1.0,deterministic
ID_F2AA3538,CUST_D4854721,phone,918536493702,,,DL,Evening,1.0,deterministic
ID_18294F6F,CUST_079742A8,email,harsh382@gmail.com,,,TN,Night,1.0,deterministic
ID_F1A803F0,CUST_079742A8,device_id,DEV_C3897402,Mobile,Firefox,DL,Afternoon,1.0,deterministic
ID_58244F02,CUST_90355462,email,kevin422@gmail.com,,,KA,Evening,1.0,deterministic
ID_45BF634E,CUST_90355462,device_id,DEV_1D721F89,Mobile,Firefox,MH,Morning,1.0,deterministic
ID_FAF34448,CUST_17CE53E7,email,varsha557@gmail.com,,,TN,Evening,1.0,deterministic
ID_993DD2A0,CUST_17CE53E7,device_id,DEV_25D28549,Mobile,Edge,TN,Morning,1.0,deterministic
ID_5618D9DA,CUST_0863F041,email,odika715@gmail.com,,,TN,Afternoon,1.0,deterministic
ID_3DB159A9,CUST_0863F041,device_id,DEV_DA5C25A8,Desktop,Chrome,DL,Night,1.0,deterministic
ID_0E3DBA21,CUST_0863F041,phone,918605666021,,,DL,Morning,1.0,deterministic
ID_1824B6DC,CUST_2EFCFE48,email,manthan396@gmail.com,,,TN,Morning,1.0,deterministic
ID_04C94A06,CUST_2EFCFE48,device_id,DEV_223AEC73,Mobile,Chrome,TN,Morning,1.0,deterministic
ID_42E2A2EA,CUST_A1886EE9,email,david273@gmail.com,,,MH,Evening,1.0,deterministic
ID_750A087B,CUST_A1886EE9,device_id,DEV_7C553D80,Desktop,Chrome,DL,Night,1.0,deterministic
ID_B3F43486,CUST_D49BFB32,email,pranit634@gmail.com,,,TN,Afternoon,1.0,deterministic
ID_D1CCA101,CUST_D49BFB32,device_id,DEV_44DC5A66,Mobile,Chrome,KA,Morning,1.0,deterministic
ID_DE92613A,CUST_D49BFB32,phone,917428788147,,,DL,Evening,1.0,deterministic
ID_613F1C5B,CUST_F32EC161,email,gauri238@gmail.com,,,DL,Night,1.0,deterministic
ID_FBA0B873,CUST_F32EC161,device_id,DEV_CA48C52F,Desktop,Chrome,KA,Morning,1.0,deterministic
ID_D90074F5,CUST_F32EC161,phone,918238940229,,,KA,Afternoon,1.0,deterministic
ID_B5D807BA,CUST_637934D3,email,nihal78@gmail.com,,,KA,Morning,1.0,deterministic
ID_35FE97DF,CUST_637934D3,device_id,DEV_EFA2C152,Desktop,Edge,DL,Evening,1.0,deterministic
ID_AE14AD51,CUST_637934D3,phone,918142078842,,,MH,Morning,1.0,deterministic
ID_2389CA53,CUST_AC3367D9,email,siya380@gmail.com,,,DL,Evening,1.0,deterministic
ID_D9020C84,CUST_AC3367D9,device_id,DEV_1C492DAA,Desktop,Safari,KA,Morning,1.0,deterministic
ID_B76EC8AF,CUST_23CA8613,email,faras684@gmail.com,,,TN,Evening,1.0,deterministic
ID_D351EA80,CUST_23CA8613,device_id,DEV_CE19ADD1,Tablet,Safari,KA,Evening,1.0,deterministic
ID_E52526D4,CUST_A9F28BD6,email,warinder851@gmail.com,,,MH,Afternoon,1.0,deterministic
ID_C5CA63F9,CUST_A9F28BD6,device_id,DEV_D817D625,Tablet,Safari,KA,Afternoon,1.0,deterministic
ID_28E94B6D,CUST_A9F28BD6,phone,917699473014,,,TN,Night,1.0,deterministic
ID_C3B5D28B,CUST_C2529F48,email,ishwar69@gmail.com,,,MH,Night,1.0,deterministic
ID_D0CF2231,CUST_C2529F48,device_id,DEV_46270655,Desktop,Edge,KA,Morning,1.0,deterministic
ID_39B5DF61,CUST_AB791841,email,niharika182@gmail.com,,,DL,Night,1.0,deterministic
ID_CACC9547,CUST_AB791841,device_id,DEV_535A5B55,Mobile,Edge,DL,Night,1.0,deterministic
ID_0B9BE187,CUST_AB791841,phone,918041817773,,,MH,Night,1.0,deterministic
ID_619CFA78,CUST_C95518E2,email,mohammed713@gmail.com,,,DL,Morning,1.0,deterministic
ID_7D2F6880,CUST_C95518E2,device_id,DEV_D8B9921B,Desktop,Firefox,DL,Night,1.0,deterministic
ID_8395EB08,CUST_C95518E2,phone,918811539453,,,MH,Evening,1.0,deterministic
ID_5C2651E5,CUST_ACB3D092,email,yoshita176@gmail.com,,,KA,Evening,1.0,deterministic
ID_26E0F1F0,CUST_ACB3D092,device_id,DEV_01657FCC,Desktop,Firefox,DL,Night,1.0,deterministic
ID_846D809F,CUST_EB22D54A,email,oeshi775@gmail.com,,,DL,Night,1.0,deterministic
ID_425D9C47,CUST_EB22D54A,device_id,DEV_0A9AF4C6,Desktop,Safari,KA,Afternoon,1.0,deterministic
ID_D203DD4A,CUST_EB22D54A,phone,918320618952,,,KA,Morning,1.0,deterministic
ID_66A5B1F7,CUST_653FCFFE,email,vanya875@gmail.com,,,MH,Morning,1.0,deterministic
ID_1B8CA2B4,CUST_653FCFFE,device_id,DEV_FAEF1F2B,Desktop,Firefox,TN,Morning,1.0,deterministic
ID_C99DAA24,CUST_653FCFFE,phone,918130796919,,,TN,Morning,1.0,deterministic
ID_810E9F51,CUST_3E813AFB,email,gauri153@gmail.com,,,DL,Afternoon,1.0,deterministic
ID_6B54A42F,CUST_3E813AFB,device_id,DEV_00DA9A94,Desktop,Firefox,TN,Afternoon,1.0,deterministic
ID_7CB65F2B,CUST_3E813AFB,phone,917178945990,,,KA,Morning,1.0,deterministic
ID_1FAEA569,CUST_1247D355,email,upkaar190@gmail.com,,,TN,Night,1.0,deterministic
ID_D75F3450,CUST_1247D355,device_id,DEV_97140FF3,Mobile,Chrome,KA,Night,1.0,deterministic
ID_2BEE026C,CUST_1247D355,phone,918070482891,,,TN,Night,1.0,deterministic
ID_694D6753,CUST_99797127,email,riya268@gmail.com,,,TN,Afternoon,1.0,deterministic
ID_09A5561D,CUST_99797127,device_id,DEV_87A44F5D,Mobile,Firefox,DL,Morning,1.0,deterministic
ID_27AE7610,CUST_2FA80455,email,matthew456@gmail.com,,,TN,Night,1.0,deterministic
ID_7E9CDDC8,CUST_2FA80455,device_id,DEV_C7E1DDA1,Desktop,Safari,TN,Afternoon,1.0,deterministic
ID_6B16213B,CUST_2FA80455,phone,919712268753,,,TN,Evening,1.0,deterministic
ID_DC45D262,CUST_9BE8EFDB,email,veer198@gmail.com,,,MH,Evening,1.0,deterministic
ID_F63168D6,CUST_9BE8EFDB,device_id,DEV_650CC82A,Tablet,Firefox,TN,Evening,1.0,deterministic
ID_B9742A14,CUST_9BE8EFDB,phone,917104430915,,,DL,Evening,1.0,deterministic
ID_F795A47D,CUST_23F288E0,email,anmol744@gmail.com,,,TN,Night,1.0,deterministic
ID_19F0779E,CUST_23F288E0,device_id,DEV_93572638,Mobile,Firefox,KA,Evening,1.0,deterministic
ID_A58BE05F,CUST_23F288E0,phone,918231265369,,,TN,Evening,1.0,deterministic
ID_67745441,CUST_B4EBE1E3,email,jhalak285@gmail.com,,,DL,Evening,1.0,deterministic
ID_00F363D0,CUST_B4EBE1E3,device_id,DEV_D91D6E18,Desktop,Firefox,MH,Evening,1.0,deterministic
ID_C2A78F6B,CUST_B4EBE1E3,phone,917439222844,,,DL,Morning,1.0,deterministic
ID_70885C4C,CUST_0B71948B,email,samuel338@gmail.com,,,TN,Morning,1.0,deterministic
ID_86B3DF27,CUST_0B71948B,device_id,DEV_FEAF24ED,Desktop,Firefox,KA,Morning,1.0,deterministic
ID_14F6F74E,CUST_84D2D851,email,jai620@gmail.com,,,DL,Afternoon,1.0,deterministic
ID_F5746C15,CUST_84D2D851,device_id,DEV_815C1C9B,Desktop,Firefox,DL,Afternoon,1.0,deterministic
ID_4700F22E,CUST_84D2D851,phone,918600049533,,,KA,Morning,1.0,deterministic
ID_37A4892E,CUST_A44512C0,email,girik53@gmail.com,,,DL,Morning,1.0,deterministic
ID_21F3D679,CUST_A44512C0,device_id,DEV_1193B18F,Tablet,Chrome,TN,Night,1.0,deterministic
ID_552BA892,CUST_A44512C0,phone,917510954071,,,DL,Afternoon,1.0,deterministic
ID_4365EE82,CUST_483EE7A7,email,krish231@gmail.com,,,KA,Evening,1.0,deterministic
ID_FC0D41AF,CUST_483EE7A7,device_id,DEV_1AC51532,Desktop,Firefox,MH,Evening,1.0,deterministic
ID_3F20A61A,CUST_483EE7A7,phone,919750034712,,,MH,Evening,1.0,deterministic
ID_28B4745D,CUST_33336E21,email,daksha535@gmail.com,,,MH,Night,1.0,deterministic
ID_5DA08B2E,CUST_33336E21,device_id,DEV_0D095ACE,Desktop,Edge,KA,Night,1.0,deterministic
ID_2E2C04D4,CUST_33336E21,phone,918865516931,,,MH,Afternoon,1.0,deterministic
ID_2A87B0B0,CUST_9FAC6DE4,email,nachiket859@gmail.com,,,DL,Morning,1.0,deterministic
ID_DE51BF08,CUST_9FAC6DE4,device_id,DEV_2B0DAC2B,Desktop,Edge,MH,Night,1.0,deterministic
ID_7D44E1CF,CUST_9FAC6DE4,phone,917833578664,,,MH,Morning,1.0,deterministic
ID_8473ADF7,CUST_8D231AE2,email,nitara731@gmail.com,,,DL,Morning,1.0,deterministic
ID_F1D79522,CUST_8D231AE2,device_id,DEV_D087505C,Tablet,Firefox,KA,Morning,1.0,deterministic
ID_6B24842A,CUST_8D231AE2,phone,918903579683,,,MH,Afternoon,1.0,deterministic
ID_F60B3586,CUST_FD5C5434,email,darpan870@gmail.com,,,MH,Night,1.0,deterministic
ID_C3FEEE5A,CUST_FD5C5434,device_id,DEV_D6FB60FB,Mobile,Firefox,DL,Morning,1.0,deterministic
ID_266042DE,CUST_FD5C5434,phone,919978157366,,,KA,Afternoon,1.0,deterministic
ID_0E524C25,CUST_5E03E8A0,email,luke40@gmail.com,,,MH,Afternoon,1.0,deterministic
ID_48A4ED27,CUST_5E03E8A0,device_id,DEV_70567DDD,Tablet,Safari,KA,Night,1.0,deterministic
ID_D2884BC8,CUST_5E03E8A0,phone,919013234920,,,KA,Night,1.0,deterministic
ID_596A72FE,CUST_4E1F226E,email,forum214@gmail.com,,,TN,Morning,1.0,deterministic
ID_872BE486,CUST_4E1F226E,device_id,DEV_97A1423F,Tablet,Safari,MH,Afternoon,1.0,deterministic
ID_D9ACA726,CUST_4E1F226E,phone,918314962165,,,DL,Afternoon,1.0,deterministic
ID_B4400EE8,CUST_188B84EE,email,girik790@gmail.com,,,TN,Morning,1.0,deterministic
ID_84CC52C8,CUST_188B84EE,device_id,DEV_BBC1F996,Mobile,Chrome,TN,Afternoon,1.0,deterministic
ID_7BBA280F,CUST_FBB9A1EC,email,priya510@gmail.com,,,TN,Evening,1.0,deterministic
ID_C863AE73,CUST_FBB9A1EC,device_id,DEV_5E4ACF99,Mobile,Firefox,TN,Evening,1.0,deterministic
ID_86BC69D9,CUST_FBB9A1EC,phone,919875328526,,,MH,Evening,1.0,deterministic
ID_78135C52,CUST_E469213F,email,vasatika464@gmail.com,,,KA,Evening,1.0,deterministic
ID_5D0C2698,CUST_E469213F,device_id,DEV_A1D4844A,Tablet,Safari,KA,Evening,1.0,deterministic
ID_74F7516F,CUST_E469213F,phone,917347442643,,,DL,Evening,1.0,deterministic
ID_1690B56B,CUST_9A03823A,email,mason640@gmail.com,,,DL,Night,1.0,deterministic
ID_BA91BCE2,CUST_9A03823A,device_id,DEV_06E5E863,Mobile,Firefox,MH,Night,1.0,deterministic
ID_22FE24AE,CUST_9A03823A,phone,919702734580,,,TN,Evening,1.0,deterministic
ID_1BB25FBE,CUST_0EE83A44,email,charvi640@gmail.com,,,DL,Night,1.0,deterministic
ID_911BA080,CUST_0EE83A44,device_id,DEV_23983544,Desktop,Safari,DL,Evening,1.0,deterministic
ID_F92DF45A,CUST_0EE83A44,phone,918994107667,,,KA,Morning,1.0,deterministic
ID_CDE39D24,CUST_8B5D9007,email,bhavika709@gmail.com,,,KA,Evening,1.0,deterministic
ID_EE12AFD9,CUST_8B5D9007,device_id,DEV_9A115120,Tablet,Chrome,KA,Afternoon,1.0,deterministic
ID_208AB037,CUST_8B5D9007,phone,918505277102,,,MH,Night,1.0,deterministic
ID_2309A275,CUST_B3765000,email,upma792@gmail.com,,,DL,Evening,1.0,deterministic
ID_D9BA6975,CUST_B3765000,device_id,DEV_7465ABE8,Desktop,Chrome,MH,Morning,1.0,deterministic
ID_9D8B4E2D,CUST_B3765000,phone,917984282061,,,MH,Afternoon,1.0,deterministic
ID_C6DD455E,CUST_F0EF17C0,email,kavya796@gmail.com,,,TN,Evening,1.0,deterministic
ID_5243CDE1,CUST_F0EF17C0,device_id,DEV_27E11C73,Tablet,Edge,DL,Night,1.0,deterministic
ID_AE544EDA,CUST_F0EF17C0,phone,917782495875,,,KA,Night,1.0,deterministic
ID_E6A3B677,CUST_82D9BCE5,email,wazir493@gmail.com,,,KA,Morning,1.0,deterministic
ID_7B8766AE,CUST_82D9BCE5,device_id,DEV_55C6B6AC,Tablet,Firefox,DL,Afternoon,1.0,deterministic
ID_35C83105,CUST_82D9BCE5,phone,919704584092,,,TN,Night,1.0,deterministic
ID_F8067B6B,CUST_8F7A5C8B,email,rehaan760@gmail.com,,,DL,Afternoon,1.0,deterministic
ID_707AF0AE,CUST_8F7A5C8B,device_id,DEV_85467B59,Mobile,Edge,MH,Night,1.0,deterministic
ID_E93C2CD4,CUST_8F7A5C8B,phone,918909117413,,,MH,Morning,1.0,deterministic
ID_9518B76D,CUST_4F041D51,email,pavani307@gmail.com,,,MH,Afternoon,1.0,deterministic
ID_300127B9,CUST_4F041D51,device_id,DEV_88F9A976,Tablet,Firefox,KA,Morning,1.0,deterministic
ID_975AFB72,CUST_4F041D51,phone,918124966573,,,TN,Afternoon,1.0,deterministic
ID_A8492E14,CUST_FF17432C,email,peter490@gmail.com,,,TN,Morning,1.0,deterministic
ID_52727383,CUST_FF17432C,device_id,DEV_4220A7E4,Mobile,Firefox,TN,Afternoon,1.0,deterministic
ID_B35139DF,CUST_FF17432C,phone,918547784564,,,DL,Morning,1.0,deterministic
ID_70B31D69,CUST_B5684CA8,email,yamini128@gmail.com,,,DL,Evening,1.0,deterministic
ID_F0EE3E78,CUST_B5684CA8,device_id,DEV_5E37EFD7,Desktop,Safari,KA,Night,1.0,deterministic
ID_A52AC6D5,CUST_B5684CA8,phone,919571222359,,,DL,Afternoon,1.0,deterministic
ID_DC55345F,CUST_56D08890,email,madhav687@gmail.com,,,KA,Night,1.0,deterministic
ID_877A0F70,CUST_56D08890,device_id,DEV_CA5AFAEB,Desktop,Edge,TN,Afternoon,1.0,deterministic
ID_5C92BBDB,CUST_56D08890,phone,917390106532,,,TN,Night,1.0,deterministic
ID_A3F9BABD,CUST_867A7DE6,email,krisha344@gmail.com,,,KA,Evening,1.0,deterministic
ID_58E85016,CUST_867A7DE6,device_id,DEV_86C3EA4A,Desktop,Safari,KA,Morning,1.0,deterministic
ID_1CB5E964,CUST_867A7DE6,phone,919804554913,,,TN,Night,1.0,deterministic
ID_DF9C91D6,CUST_9F3A1613,email,rachit817@gmail.com,,,KA,Morning,1.0,deterministic
ID_9DCC2DC8,CUST_9F3A1613,device_id,DEV_6ACB888A,Desktop,Chrome,TN,Night,1.0,deterministic
ID_2A4FB378,CUST_19F2196D,email,turvi339@gmail.com,,,TN,Evening,1.0,deterministic
ID_3D12BBCC,CUST_19F2196D,device_id,DEV_0A5A2653,Desktop,Safari,MH,Evening,1.0,deterministic
ID_A94AD29A,CUST_11C948DA,email,yagnesh583@gmail.com,,,KA,Afternoon,1.0,deterministic
ID_A4D61A66,CUST_11C948DA,device_id,DEV_A4B13A66,Tablet,Edge,TN,Night,1.0,deterministic
ID_D47CFE83,CUST_11C948DA,phone,919534434428,,,MH,Morning,1.0,deterministic
ID_AB729F6A,CUST_58606570,email,reva293@gmail.com,,,KA,Morning,1.0,deterministic
ID_28B7E502,CUST_58606570,device_id,DEV_FD654E37,Desktop,Chrome,KA,Afternoon,1.0,deterministic
ID_F0039FD6,CUST_58606570,phone,917612360533,,,DL,Morning,1.0,deterministic
ID_37E460D5,CUST_C77883ED,email,chatura777@gmail.com,,,TN,Evening,1.0,deterministic
ID_5797D364,CUST_C77883ED,device_id,DEV_E76001A5,Tablet,Edge,DL,Evening,1.0,deterministic
ID_E0D3519A,CUST_C77883ED,phone,917961313290,,,KA,Night,1.0,deterministic
ID_3D092058,CUST_DD40A301,email,warinder554@gmail.com,,,KA,Morning,1.0,deterministic
ID_8B32D390,CUST_DD40A301,device_id,DEV_0D151F5A,Mobile,Firefox,DL,Evening,1.0,deterministic
ID_5D4E07B4,CUST_DD40A301,phone,918883490317,,,KA,Evening,1.0,deterministic
ID_9306BA36,CUST_D8D2FDCB,email,yashica578@gmail.com,,,DL,Morning,1.0,deterministic
ID_226E77B0,CUST_D8D2FDCB,device_id,DEV_5848945E,Tablet,Chrome,DL,Night,1.0,deterministic
ID_CAE0BCD3,CUST_9FA79122,email,nathaniel158@gmail.com,,,TN,Night,1.0,deterministic
ID_911F0145,CUST_9FA79122,device_id,DEV_65F2A6E8,Desktop,Firefox,DL,Night,1.0,deterministic
ID_DE899CBE,CUST_9FA79122,phone,919188974505,,,TN,Night,1.0,deterministic
ID_A9CFA1DB,CUST_97CD1252,email,lopa217@gmail.com,,,KA,Night,1.0,deterministic
ID_33890122,CUST_97CD1252,device_id,DEV_8D382D68,Desktop,Firefox,DL,Evening,1.0,deterministic
ID_F0F1F32D,CUST_97CD1252,phone,917666252094,,,KA,Night,1.0,deterministic
ID_7AFE29D5,CUST_D826C7E9,email,sarthak399@gmail.com,,,MH,Evening,1.0,deterministic
ID_B00DEA0D,CUST_D826C7E9,device_id,DEV_6B0F36C6,Desktop,Edge,MH,Morning,1.0,deterministic
ID_CC71F6AA,CUST_D826C7E9,phone,919049426153,,,DL,Night,1.0,deterministic
ID_D425D795,CUST_8A9962A4,email,faraj946@gmail.com,,,KA,Night,1.0,deterministic
ID_78DA86C6,CUST_8A9962A4,device_id,DEV_10F974F6,Tablet,Safari,KA,Afternoon,1.0,deterministic
ID_7AFE8DF4,CUST_0DB8C5EC,email,januja121@gmail.com,,,TN,Afternoon,1.0,deterministic
ID_18C3FCC0,CUST_0DB8C5EC,device_id,DEV_4A08D858,Tablet,Edge,MH,Morning,1.0,deterministic
ID_28A69E6C,CUST_90E53D61,email,inaya231@gmail.com,,,MH,Night,1.0,deterministic
ID_C373F69D,CUST_90E53D61,device_id,DEV_9FF4CC27,Mobile,Edge,KA,Afternoon,1.0,deterministic
ID_1DC2EE93,CUST_90E53D61,phone,917991816224,,,TN,Morning,1.0,deterministic
ID_12FA331F,CUST_04AB380C,email,rajata812@gmail.com,,,MH,Afternoon,1.0,deterministic
ID_8CF6E817,CUST_04AB380C,device_id,DEV_DF04F8DE,Mobile,Chrome,MH,Evening,1.0,deterministic
ID_866E42E5,CUST_D57FE0BC,email,amara316@gmail.com,,,DL,Night,1.0,deterministic
ID_C1BC4C9C,CUST_D57FE0BC,device_id,DEV_A599A2CD,Tablet,Firefox,TN,Morning,1.0,deterministic
ID_D4064B6C,CUST_D57FE0BC,phone,919639475818,,,KA,Morning,1.0,deterministic
ID_4BB52476,CUST_C52FAA26,email,logan418@gmail.com,,,MH,Morning,1.0,deterministic
ID_089AC640,CUST_C52FAA26,device_id,DEV_D6096F18,Mobile,Safari,MH,Evening,1.0,deterministic
ID_EBB89C5B,CUST_C52FAA26,phone,918586765389,,,KA,Morning,1.0,deterministic
ID_DC008DBD,CUST_22023F09,email,quincy814@gmail.com,,,DL,Night,1.0,deterministic
ID_83CD0C82,CUST_22023F09,device_id,DEV_8B9927C7,Desktop,Edge,KA,Afternoon,1.0,deterministic
ID_CDE6AB64,CUST_22023F09,phone,917272651772,,,MH,Night,1.0,deterministic
ID_05A79B25,CUST_D3EF9E22,email,hardik835@gmail.com,,,DL,Night,1.0,deterministic
ID_036DFBFC,CUST_D3EF9E22,device_id,DEV_29E6E326,Tablet,Safari,KA,Night,1.0,deterministic
ID_8A75C182,CUST_D3EF9E22,phone,918544550578,,,TN,Night,1.0,deterministic
ID_459CF423,CUST_FE7CF396,email,nitesh93@gmail.com,,,TN,Evening,1.0,deterministic
ID_54427A9C,CUST_FE7CF396,device_id,DEV_F813C27B,Desktop,Edge,MH,Afternoon,1.0,deterministic
ID_2CA2FD74,CUST_E95ED05E,email,frado459@gmail.com,,,MH,Afternoon,1.0,deterministic
ID_3146A083,CUST_E95ED05E,device_id,DEV_024CD48E,Mobile,Edge,MH,Night,1.0,deterministic
ID_65C31ABB,CUST_E95ED05E,phone,917087390247,,,TN,Morning,1.0,deterministic
ID_3A424CDD,CUST_79EBAC2B,email,divya312@gmail.com,,,TN,Evening,1.0,deterministic
ID_93CF4CD7,CUST_79EBAC2B,device_id,DEV_03AE900A,Desktop,Edge,MH,Morning,1.0,deterministic
ID_97C9785C,CUST_79EBAC2B,phone,917305379032,,,TN,Afternoon,1.0,deterministic
ID_4FCD02D2,CUST_E10AE950,email,qasim332@gmail.com,,,MH,Afternoon,1.0,deterministic
ID_932B3D05,CUST_E10AE950,device_id,DEV_2796F3DC,Tablet,Chrome,DL,Morning,1.0,deterministic
ID_53A520A9,CUST_E10AE950,phone,919038396705,,,MH,Night,1.0,deterministic
ID_F6C198B2,CUST_467A7CB2,email,akshay451@gmail.com,,,MH,Morning,1.0,deterministic
ID_BFB54E7A,CUST_467A7CB2,device_id,DEV_F0BC6965,Tablet,Edge,TN,Morning,1.0,deterministic
ID_DB99A2FD,CUST_467A7CB2,phone,919004953403,,,TN,Morning,1.0,deterministic
ID_7627A989,CUST_055B9C2E,email,bhavani784@gmail.com,,,MH,Afternoon,1.0,deterministic
ID_FE1150CB,CUST_055B9C2E,device_id,DEV_44A064D6,Mobile,Chrome,DL,Morning,1.0,deterministic
ID_71FB144F,CUST_055B9C2E,phone,919384124816,,,TN,Afternoon,1.0,deterministic
ID_3B272B4C,CUST_D0A5B691,email,varsha283@gmail.com,,,TN,Morning,1.0,deterministic
ID_B6E6E49E,CUST_D0A5B691,device_id,DEV_FC7298DE,Desktop,Firefox,DL,Afternoon,1.0,deterministic
ID_F8D0C856,CUST_FF1FD384,email,hritik513@gmail.com,,,DL,Evening,1.0,deterministic
ID_5BA0B1A1,CUST_FF1FD384,device_id,DEV_E6D7512C,Desktop,Firefox,MH,Afternoon,1.0,deterministic
ID_B00C3220,CUST_FF1FD384,phone,918089040205,,,KA,Morning,1.0,deterministic
ID_C83225DC,CUST_9C7733C9,email,harinakshi254@gmail.com,,,KA,Morning,1.0,deterministic
ID_BAC738EA,CUST_9C7733C9,device_id,DEV_2184F7F6,Mobile,Firefox,KA,Afternoon,1.0,deterministic
ID_BB7B6F3B,CUST_9C7733C9,phone,917172638798,,,DL,Afternoon,1.0,deterministic
ID_2BA98F6B,CUST_89CE4A1E,email,keya329@gmail.com,,,TN,Morning,1.0,deterministic
ID_47EE5036,CUST_89CE4A1E,device_id,DEV_BB96DB1F,Mobile,Chrome,TN,Night,1.0,deterministic
ID_3A1D00BF,CUST_3BBD2672,email,neelima580@gmail.com,,,DL,Morning,1.0,deterministic
ID_DC96E1B8,CUST_3BBD2672,device_id,DEV_0F765576,Tablet,Safari,DL,Morning,1.0,deterministic
ID_7C85FB5C,CUST_3BBD2672,phone,917249995453,,,KA,Night,1.0,deterministic
ID_FFCFA7EB,CUST_0522E9F6,email,alka667@gmail.com,,,MH,Night,1.0,deterministic
ID_6B566CDD,CUST_0522E9F6,device_id,DEV_68CF3AF0,Desktop,Chrome,TN,Afternoon,1.0,deterministic
ID_D552C94B,CUST_0522E9F6,phone,918737466788,,,KA,Afternoon,1.0,deterministic
ID_7CC03CB6,CUST_AFD558F5,email,balendra582@gmail.com,,,KA,Afternoon,1.0,deterministic
ID_8DDFF177,CUST_AFD558F5,device_id,DEV_FCA8872E,Mobile,Chrome,TN,Afternoon,1.0,deterministic
ID_007944D3,CUST_43F3B4AD,email,andrew649@gmail.com,,,KA,Morning,1.0,deterministic
ID_E9345691,CUST_43F3B4AD,device_id,DEV_1839D425,Tablet,Chrome,TN,Evening,1.0,deterministic
ID_E655F263,CUST_F263F203,email,geetika599@gmail.com,,,KA,Morning,1.0,deterministic
ID_EAF07EB5,CUST_F263F203,device_id,DEV_E81E3B03,Mobile,Edge,TN,Night,1.0,deterministic
ID_B6935597,CUST_F263F203,phone,918871517779,,,KA,Night,1.0,deterministic
ID_5553F6A1,CUST_AA650E61,email,simon118@gmail.com,,,KA,Afternoon,1.0,deterministic
ID_14B6586E,CUST_AA650E61,device_id,DEV_5DD10E81,Desktop,Edge,TN,Afternoon,1.0,deterministic
ID_E92F3590,CUST_AA650E61,phone,918001294338,,,DL,Night,1.0,deterministic
ID_5F4F7909,CUST_37E7FB43,email,jagvi334@gmail.com,,,MH,Afternoon,1.0,deterministic
ID_8800050E,CUST_37E7FB43,device_id,DEV_23758D8E,Mobile,Chrome,KA,Morning,1.0,deterministic
ID_54491229,CUST_AB0C4AE8,email,tamanna139@gmail.com,,,KA,Evening,1.0,deterministic
ID_D635371D,CUST_AB0C4AE8,device_id,DEV_F44E5433,Desktop,Edge,TN,Afternoon,1.0,deterministic
ID_0FBB1544,CUST_AB0C4AE8,phone,917970874743,,,MH,Morning,1.0,deterministic
ID_5977C874,CUST_70827BC2,email,arin377@gmail.com,,,KA,Night,1.0,deterministic
ID_0A303090,CUST_70827BC2,device_id,DEV_1CED7C3E,Mobile,Firefox,KA,Morning,1.0,deterministic
ID_ED3643A1,CUST_70827BC2,phone,919175858564,,,KA,Afternoon,1.0,deterministic
ID_8891447B,CUST_STORY_RAHUL,email,rahul@gmail.com,,,DL,Afternoon,1.0,deterministic
ID_C14D109F,CUST_STORY_RAHUL,device_id,DEV_RAHUL_PHONE,Tablet,Firefox,DL,Morning,1.0,deterministic
ID_BDACDEF1,CUST_STORY_RAHUL,device_id,DEV_RAHUL_LAPTOP,Mobile,Safari,MH,Morning,1.0,deterministic
ID_20FB1B54,CUST_STORY_RAHUL,device_id,DEV_RAHUL_TABLET,Tablet,Firefox,DL,Evening,1.0,deterministic
ID_315B9C02,CUST_STORY_RAHUL,email_hash,rahul_demo_hash,,,KA,Morning,1.0,deterministic
ID_0970D53B,CUST_STORY_RAHUL,phone_hash,rahul_phone_hash,,,MH,Afternoon,1.0,deterministic
ID_1D2735F4,CUST_STORY_PRIYA,device_id,DEV_FAMILY_LAPTOP,Mobile,Chrome,MH,Night,0.6,probabilistic
ID_CFC4D6D0,CUST_STORY_ARJUN,device_id,DEV_FAMILY_LAPTOP,Tablet,Chrome,MH,Night,0.4,probabilistic
ID_3707FD75,CUST_STORY_PRIYA,email,priya@gmail.com,,,DL,Evening,1.0,deterministic
ID_67B0878D,CUST_STORY_ARJUN,email,arjun@gmail.com,,,TN,Afternoon,1.0,deterministic
ID_FC1E7A84,CUST_STORY_PRIYA,email_hash,priya_demo_hash,,,MH,Morning,1.0,deterministic
ID_CCF59A09,CUST_STORY_ARJUN,email_hash,arjun_demo_hash,,,DL,Morning,1.0,deterministic
ID_8FED704E,CUST_STORY_PRIYA,phone_hash,priya_phone_hash,,,MH,Night,1.0,deterministic
ID_EA07379B,CUST_STORY_ARJUN,phone_hash,arjun_phone_hash,,,KA,Afternoon,1.0,deterministic
ID_3612E1B6,CUST_STORY_SNEHA,device_id,DEV_88,Mobile,Chrome,DL,Night,1.0,deterministic
ID_FAF2BA21,CUST_STORY_SNEHA,email,sneha@gmail.com,,,KA,Night,1.0,deterministic
ID_7AB3CD0D,CUST_STORY_SNEHA,email_hash,sneha_demo_hash,,,KA,Night,1.0,deterministic
ID_14E09C4A,CUST_STORY_SNEHA,phone_hash,sneha_phone_hash,,,KA,Afternoon,1.0,deterministic
ID_B966C02F,CUST_D3620381,cookie,COOKIE_52B69B492120,,Edge,MH,Morning,0.78,probabilistic
ID_DD44DA72,CUST_C71AE6AD,cookie,COOKIE_EDBBD32FE6B1,,Edge,MH,Evening,0.65,probabilistic
ID_929AA6BB,CUST_B13B4F5E,cookie,COOKIE_CEB740279FE5,,Edge,DL,Afternoon,0.65,probabilistic
ID_284DD515,CUST_1CE8F62B,cookie,COOKIE_44DE2575090C,,Chrome,DL,Morning,0.57,probabilistic
ID_99AB6CF2,CUST_E110222E,cookie,COOKIE_94350AE030BA,,Edge,DL,Afternoon,0.77,probabilistic
ID_59A50C7C,CUST_6B3B55D4,cookie,COOKIE_8BEB92B214E3,,Chrome,DL,Morning,0.63,probabilistic
ID_D8278782,CUST_1419DF71,cookie,COOKIE_44DABB7B7BCA,,Edge,TN,Morning,0.54,probabilistic
ID_5243D01A,CUST_E227EA55,cookie,COOKIE_71D694A31086,,Firefox,MH,Morning,0.59,probabilistic
ID_068885FF,CUST_115F567A,cookie,COOKIE_9435B01423DF,,Firefox,MH,Night,0.52,probabilistic
ID_15BF8D29,CUST_F2051248,cookie,COOKIE_F6C3769DEED6,,Safari,DL,Afternoon,0.76,probabilistic
ID_74B5E56E,CUST_7F6A8925,cookie,COOKIE_3D75A7152823,,Edge,KA,Morning,0.67,probabilistic
ID_46C6B30F,CUST_086C9EA2,cookie,COOKIE_0789319F9BF0,,Edge,MH,Evening,0.71,probabilistic
ID_6FF8FCD7,CUST_9F3A1613,cookie,COOKIE_1325A58938D7,,Chrome,KA,Morning,0.5,probabilistic
ID_A630711A,CUST_FBEBE3B4,cookie,COOKIE_A7D2CB622E3F,,Safari,TN,Afternoon,0.6,probabilistic
ID_2E2AB395,CUST_E1941A92,cookie,COOKIE_DD2803A76734,,Edge,DL,Afternoon,0.63,probabilistic
ID_A9CFC7C8,CUST_FCBBAB0E,cookie,COOKIE_4F438B8804C3,,Chrome,DL,Morning,0.76,probabilistic
ID_61BFCC69,CUST_8D231AE2,cookie,COOKIE_54CFFA3FD890,,Edge,DL,Afternoon,0.61,probabilistic
ID_60FD67D0,CUST_7A80472F,cookie,COOKIE_C720CCCBDFC1,,Edge,TN,Evening,0.79,probabilistic
ID_0C2B41D8,CUST_1336A50D,cookie,COOKIE_7A30A67B9D52,,Chrome,DL,Morning,0.61,probabilistic
ID_8E1C1F47,CUST_04AB380C,cookie,COOKIE_2F64F82BDCC7,,Chrome,KA,Afternoon,0.75,probabilistic
ID_2B095004,CUST_B5684CA8,cookie,COOKIE_067AFF4AFB2E,,Edge,TN,Afternoon,0.52,probabilistic
ID_C2070EA0,CUST_8AC845C7,cookie,COOKIE_38528D0F8B66,,Firefox,DL,Morning,0.69,probabilistic
ID_E463A169,CUST_EE0967E3,cookie,COOKIE_0616CE4D0263,,Edge,TN,Night,0.71,probabilistic
ID_F258DECB,CUST_44A2C795,cookie,COOKIE_D396D4672ECD,,Firefox,TN,Night,0.54,probabilistic
ID_115447D4,CUST_635C9A61,cookie,COOKIE_5B83487A9071,,Firefox,MH,Night,0.75,probabilistic
ID_C3C9C216,CUST_A434A37C,cookie,COOKIE_4B762A4FE873,,Chrome,KA,Morning,0.69,probabilistic
ID_265E0720,CUST_5FEE8FDB,cookie,COOKIE_8B659D744F0F,,Safari,DL,Afternoon,0.75,probabilistic
ID_A90A0544,CUST_D4854721,cookie,COOKIE_A7669D5027DD,,Firefox,KA,Morning,0.55,probabilistic
ID_9F93F506,CUST_78C3C998,cookie,COOKIE_3E72CD572A38,,Edge,TN,Evening,0.67,probabilistic
ID_41482E51,CUST_646349C1,cookie,COOKIE_4F1A63E39C12,,Chrome,TN,Night,0.51,probabilistic
ID_0D20A1FF,CUST_6D34DCA7,cookie,COOKIE_53A97DD06258,,Firefox,MH,Afternoon,0.57,probabilistic
ID_FFE1C428,CUST_7F8ED2EF,cookie,COOKIE_8466B28AEBC1,,Chrome,KA,Evening,0.76,probabilistic
ID_0E6F8721,CUST_0799698D,cookie,COOKIE_79C0A3D24A97,,Edge,TN,Morning,0.6,probabilistic
ID_A168594E,CUST_0BDEBB7F,cookie,COOKIE_1EDF7A625579,,Edge,DL,Morning,0.54,probabilistic
ID_498BB97C,CUST_7DABD08A,cookie,COOKIE_87117B7A918C,,Safari,KA,Night,0.61,probabilistic
ID_7C7256CC,CUST_F3E2D497,cookie,COOKIE_2176F80A310D,,Firefox,DL,Morning,0.68,probabilistic
ID_A51F678F,CUST_7B473553,cookie,COOKIE_6E80B73DD473,,Safari,TN,Evening,0.52,probabilistic
ID_B5F26274,CUST_D06526D8,cookie,COOKIE_3FD82D1227B1,,Firefox,MH,Night,0.77,probabilistic
ID_1736E315,CUST_10B52115,cookie,COOKIE_82CC522C4363,,Chrome,KA,Evening,0.67,probabilistic
ID_58CC14EE,CUST_3A24199B,cookie,COOKIE_94B8B5614EA8,,Edge,DL,Night,0.51,probabilistic
ID_07BC60AD,CUST_A34A1CD7,cookie,COOKIE_40D6D1D7FE4D,,Chrome,KA,Morning,0.67,probabilistic
ID_511DD6C7,CUST_4A676D67,cookie,COOKIE_2CA4B90E3A3A,,Safari,MH,Morning,0.6,probabilistic
ID_D265C8A5,CUST_8D1EC76F,cookie,COOKIE_C47FDE0184BD,,Safari,DL,Afternoon,0.57,probabilistic
ID_4D611D3B,CUST_8356E3B7,cookie,COOKIE_BCC71323F398,,Chrome,DL,Morning,0.67,probabilistic
ID_B641EBD7,CUST_864192A5,cookie,COOKIE_58033EB2A73A,,Edge,MH,Evening,0.51,probabilistic
ID_349EC6C0,CUST_17A20F69,cookie,COOKIE_D128C9DAD26A,,Chrome,MH,Evening,0.74,probabilistic
ID_DE0919F0,CUST_A8DE6CBB,cookie,COOKIE_51DA2AE15441,,Safari,TN,Night,0.71,probabilistic
ID_CBC10FDF,CUST_8C56898E,cookie,COOKIE_B83E43016809,,Edge,MH,Night,0.7,probabilistic
ID_46F80EE2,CUST_8E801C1B,cookie,COOKIE_4452C39067E7,,Firefox,DL,Evening,0.52,probabilistic
ID_5E6851A7,CUST_3E82BC00,cookie,COOKIE_E58EBE5D0B17,,Chrome,TN,Morning,0.76,probabilistic
